name,dataset,version,country,x,y,fld_prop,nonfld_prop,null_prop,window_a,window_b,mask,split
AO0632385,mappingafrica,v2.0.0,AO,17.7865,-8.5125,0.0986328125,0.9013671875,0.0,,mappingafrica-256/images/AO0632385_2022-11.tif,mappingafrica-256/labels/AO0632385_13723_2022-11.tif,test
AO0848301,mappingafrica,v2.0.0,AO,13.6515,-9.1375,0.2325015943877551,0.7674984056122449,0.0,,mappingafrica-256/images/AO0848301_2018-08.tif,mappingafrica-256/labels/AO0848301_5032_2018-08.tif,train
AO0896141,mappingafrica,v2.0.0,AO,15.7365,-9.27249999999999,0.5255899234693877,0.4744100765306123,0.0,,mappingafrica-256/images/AO0896141_2020-11.tif,mappingafrica-256/labels/AO0896141_6106_2020-11.tif,train
AO1006914,mappingafrica,v2.0.0,AO,15.7365,-9.5925,0.0243742028061224,0.9756257971938777,0.0,,mappingafrica-256/images/AO1006914_2020-11.tif,mappingafrica-256/labels/AO1006914_21105_2020-11.tif,train
AO1031101,mappingafrica,v2.0.0,AO,15.7515,-9.6625,0.9621332908163264,0.0378667091836736,0.0,,mappingafrica-256/images/AO1031101_2021-11.tif,mappingafrica-256/labels/AO1031101_26851_2021-11.tif,train
AO1046735,mappingafrica,v2.0.0,AO,15.5165,-9.7075,0.3204520089285714,0.6795479910714286,0.0,,mappingafrica-256/images/AO1046735_2021-01.tif,mappingafrica-256/labels/AO1046735_39063_2021-01.tif,train
AO1306483,mappingafrica,v2.0.0,AO,14.4165,-10.4475,0.2218391262755102,0.7781608737244898,0.0,,mappingafrica-256/images/AO1306483_2020-10.tif,mappingafrica-256/labels/AO1306483_12667_2020-10.tif,train
AO1308491,mappingafrica,v2.0.0,AO,15.7415,-10.4525,0.9704041772959184,0.0295958227040815,0.0,,mappingafrica-256/images/AO1308491_2021-06.tif,mappingafrica-256/labels/AO1308491_9316_2021-06.tif,train
AO1329291,mappingafrica,v2.0.0,AO,15.7265,-10.5125,0.2132294323979592,0.7867705676020408,0.0,,mappingafrica-256/images/AO1329291_2018-08.tif,mappingafrica-256/labels/AO1329291_3903_2018-08.tif,train
AO1373821,mappingafrica,v2.0.0,AO,14.5215,-10.6425,0.2857940051020408,0.7142059948979592,0.0,,mappingafrica-256/images/AO1373821_2022-10.tif,mappingafrica-256/labels/AO1373821_12668_2022-10.tif,train
AO1462401,mappingafrica,v2.0.0,AO,15.1765,-10.9025,0.0391422193877551,0.9608577806122448,0.0,,mappingafrica-256/images/AO1462401_2020-10.tif,mappingafrica-256/labels/AO1462401_21112_2020-10.tif,train
AO1552705,mappingafrica,v2.0.0,AO,14.7915,-11.1525,0.1354830994897959,0.8645169005102041,0.0,,mappingafrica-256/images/AO1552705_2018-08.tif,mappingafrica-256/labels/AO1552705_29408_2018-08.tif,train
AO1693635,mappingafrica,v2.0.0,AO,15.2615,-11.4975,0.2843191964285714,0.7156808035714286,0.0,,mappingafrica-256/images/AO1693635_2021-10.tif,mappingafrica-256/labels/AO1693635_30021_2021-10.tif,train
AO1947121,mappingafrica,v2.0.0,AO,14.0165,-12.1175,0.2426857461734693,0.7573142538265307,0.0,,mappingafrica-256/images/AO1947121_2021-01.tif,mappingafrica-256/labels/AO1947121_19799_2021-01.tif,train
AO2102340,mappingafrica,v2.0.0,AO,16.4065,-12.4875,0.0228196747448979,0.977180325255102,0.0,,mappingafrica-256/images/AO2102340_2019-08.tif,mappingafrica-256/labels/AO2102340_7175_2019-08.tif,train
AO2168028,mappingafrica,v2.0.0,AO,15.6215,-12.6425,0.4756257971938775,0.5243742028061225,0.0,,mappingafrica-256/images/AO2168028_2022-11.tif,mappingafrica-256/labels/AO2168028_18705_2022-11.tif,test
AO2213573,mappingafrica,v2.0.0,AO,15.8515,-12.7475,0.510383450255102,0.489616549744898,0.0,,mappingafrica-256/images/AO2213573_2019-08.tif,mappingafrica-256/labels/AO2213573_40083_2019-08.tif,test
AO2219728,mappingafrica,v2.0.0,AO,13.9665,-12.7625,0.3382294323979591,0.6617705676020409,0.0,,mappingafrica-256/images/AO2219728_2017-02.tif,mappingafrica-256/labels/AO2219728_13730_2017-02.tif,train
AO2248719,mappingafrica,v2.0.0,AO,16.8415,-12.8275,0.3649154974489796,0.6350845025510203,0.0,,mappingafrica-256/images/AO2248719_2023-11.tif,mappingafrica-256/labels/AO2248719_28222_2023-11.tif,train
AO2261800,mappingafrica,v2.0.0,AO,16.4365,-12.8575,0.6810028698979592,0.3189971301020408,0.0,,mappingafrica-256/images/AO2261800_2019-08.tif,mappingafrica-256/labels/AO2261800_37954_2019-08.tif,train
AO2281550,mappingafrica,v2.0.0,AO,16.2515,-12.9025,0.7940250318877551,0.2059749681122449,0.0,,mappingafrica-256/images/AO2281550_2021-11.tif,mappingafrica-256/labels/AO2281550_13732_2021-11.tif,train
AO2316525,mappingafrica,v2.0.0,AO,14.4065,-12.9825,0.6440529336734694,0.3559470663265306,0.0,,mappingafrica-256/images/AO2316525_2019-08.tif,mappingafrica-256/labels/AO2316525_18698_2019-08.tif,train
AO2325299,mappingafrica,v2.0.0,AO,15.6015,-13.0025,0.8053651147959183,0.1946348852040816,0.0,,mappingafrica-256/images/AO2325299_2023-11.tif,mappingafrica-256/labels/AO2325299_30185_2023-11.tif,test
AO2355983,mappingafrica,v2.0.0,AO,14.3865,-13.0875,0.4885403380102041,0.511459661989796,0.0,,mappingafrica-256/images/AO2355983_2023-10.tif,mappingafrica-256/labels/AO2355983_34688_2023-10.tif,train
AO2381805,mappingafrica,v2.0.0,AO,15.1215,-13.1575,0.2184909119897959,0.7815090880102041,0.0,,mappingafrica-256/images/AO2381805_2020-11.tif,mappingafrica-256/labels/AO2381805_3909_2020-11.tif,test
AO2383423,mappingafrica,v2.0.0,AO,14.0015,-13.1625,0.6526426977040817,0.3473573022959183,0.0,,mappingafrica-256/images/AO2383423_2017-08.tif,mappingafrica-256/labels/AO2383423_21137_2017-08.tif,train
AO2411302,mappingafrica,v2.0.0,AO,14.6165,-13.2375,0.3967036033163265,0.6032963966836735,0.0,,mappingafrica-256/images/AO2411302_2017-08.tif,mappingafrica-256/labels/AO2411302_2108_2017-08.tif,train
AO2416983,mappingafrica,v2.0.0,AO,15.0415,-13.2525,0.6188018176020408,0.3811981823979592,0.0,,mappingafrica-256/images/AO2416983_2021-11.tif,mappingafrica-256/labels/AO2416983_1319_2021-11.tif,train
AO2448600,mappingafrica,v2.0.0,AO,14.1415,-13.3375,0.7510164221938775,0.2489835778061224,0.0,,mappingafrica-256/images/AO2448600_2019-08.tif,mappingafrica-256/labels/AO2448600_6116_2019-08.tif,train
AO2458346,mappingafrica,v2.0.0,AO,15.9415,-13.3625,0.5415736607142857,0.4584263392857143,0.0,,mappingafrica-256/images/AO2458346_2019-08.tif,mappingafrica-256/labels/AO2458346_21138_2019-08.tif,train
AO2494212,mappingafrica,v2.0.0,AO,15.8065,-13.4575,0.0588926977040816,0.9411073022959184,0.0,,mappingafrica-256/images/AO2494212_2017-08.tif,mappingafrica-256/labels/AO2494212_19041_2017-08.tif,train
AO2499764,mappingafrica,v2.0.0,AO,15.1715,-13.4725,0.8324896364795918,0.1675103635204081,0.0,,mappingafrica-256/images/AO2499764_2019-08.tif,mappingafrica-256/labels/AO2499764_15778_2019-08.tif,validate
AO2503496,mappingafrica,v2.0.0,AO,14.9015,-13.4825,0.3381297831632653,0.6618702168367347,0.0,,mappingafrica-256/images/AO2503496_2019-08.tif,mappingafrica-256/labels/AO2503496_16786_2019-08.tif,train
AO2513007,mappingafrica,v2.0.0,AO,15.1715,-13.5075,0.429508131377551,0.5704918686224489,0.0,,mappingafrica-256/images/AO2513007_2021-11.tif,mappingafrica-256/labels/AO2513007_33811_2021-11.tif,train
AO2515108,mappingafrica,v2.0.0,AO,16.2215,-13.5125,0.1507892219387755,0.8492107780612245,0.0,,mappingafrica-256/images/AO2515108_2017-08.tif,mappingafrica-256/labels/AO2515108_35630_2017-08.tif,train
AO2526171,mappingafrica,v2.0.0,AO,14.7865,-13.5425,0.5979551977040817,0.4020448022959183,0.0,,mappingafrica-256/images/AO2526171_2021-11.tif,mappingafrica-256/labels/AO2526171_31341_2021-11.tif,train
AO2533816,mappingafrica,v2.0.0,AO,15.1915,-13.5625,0.6025390625,0.3974609375,0.0,,mappingafrica-256/images/AO2533816_2017-08.tif,mappingafrica-256/labels/AO2533816_9321_2017-08.tif,validate
AO2537355,mappingafrica,v2.0.0,AO,13.9865,-13.5725,0.4077646683673469,0.5922353316326531,0.0,,mappingafrica-256/images/AO2537355_2017-02.tif,mappingafrica-256/labels/AO2537355_21142_2017-02.tif,validate
AO2537754,mappingafrica,v2.0.0,AO,15.9815,-13.5725,0.6180843431122449,0.3819156568877551,0.0,,mappingafrica-256/images/AO2537754_2019-08.tif,mappingafrica-256/labels/AO2537754_35547_2019-08.tif,train
AO2548880,mappingafrica,v2.0.0,AO,14.8465,-13.6025,0.8299585459183674,0.1700414540816326,0.0,,mappingafrica-256/images/AO2548880_2022-11.tif,mappingafrica-256/labels/AO2548880_19806_2022-11.tif,train
AO2558183,mappingafrica,v2.0.0,AO,14.0115,-13.6275,0.1373166454081632,0.8626833545918368,0.0,,mappingafrica-256/images/AO2558183_2019-02.tif,mappingafrica-256/labels/AO2558183_101887_2019-02.tif,train
AO2607517,mappingafrica,v2.0.0,AO,14.4815,-13.7575,0.4432995854591837,0.5567004145408163,0.0,,mappingafrica-256/images/AO2607517_2022-10.tif,mappingafrica-256/labels/AO2607517_21153_2022-10.tif,train
AO2632139,mappingafrica,v2.0.0,AO,14.3665,-13.8225,0.6349250637755102,0.3650749362244898,0.0,,mappingafrica-256/images/AO2632139_2017-08.tif,mappingafrica-256/labels/AO2632139_21159_2017-08.tif,train
AO2702986,mappingafrica,v2.0.0,AO,14.8715,-14.0075,0.7102997448979592,0.2897002551020408,0.0,,mappingafrica-256/images/AO2702986_2020-10.tif,mappingafrica-256/labels/AO2702986_26855_2020-10.tif,train
AO2754858,mappingafrica,v2.0.0,AO,14.1765,-14.1425,0.2892020089285714,0.7107979910714286,0.0,,mappingafrica-256/images/AO2754858_2020-10.tif,mappingafrica-256/labels/AO2754858_19812_2020-10.tif,train
AO2756588,mappingafrica,v2.0.0,AO,13.1965,-14.1475,0.5919762436224489,0.408023756377551,0.0,,mappingafrica-256/images/AO2756588_2017-02.tif,mappingafrica-256/labels/AO2756588_15780_2017-02.tif,train
AO2803319,mappingafrica,v2.0.0,AO,15.2415,-14.2675,0.3224848533163265,0.6775151466836735,0.0,,mappingafrica-256/images/AO2803319_2017-08.tif,mappingafrica-256/labels/AO2803319_35173_2017-08.tif,validate
AO2818397,mappingafrica,v2.0.0,AO,13.5615,-14.3075,0.729850924744898,0.270149075255102,0.0,,mappingafrica-256/images/AO2818397_2018-02.tif,mappingafrica-256/labels/AO2818397_3923_2018-02.tif,train
AO2820881,mappingafrica,v2.0.0,AO,16.3515,-14.3125,0.3498086734693877,0.6501913265306123,0.0,,mappingafrica-256/images/AO2820881_2018-08.tif,mappingafrica-256/labels/AO2820881_17750_2018-08.tif,train
AO2839853,mappingafrica,v2.0.0,AO,14.7865,-14.3625,0.4150589923469387,0.5849410076530612,0.0,,mappingafrica-256/images/AO2839853_2019-08.tif,mappingafrica-256/labels/AO2839853_21684_2019-08.tif,train
AO2842094,mappingafrica,v2.0.0,AO,16.3515,-14.3675,0.5226801658163265,0.4773198341836735,0.0,,mappingafrica-256/images/AO2842094_2018-08.tif,mappingafrica-256/labels/AO2842094_12681_2018-08.tif,train
AO2866778,mappingafrica,v2.0.0,AO,14.3765,-14.4325,0.5791015625,0.4208984375,0.0,,mappingafrica-256/images/AO2866778_2019-08.tif,mappingafrica-256/labels/AO2866778_12682_2019-08.tif,validate
AO2901654,mappingafrica,v2.0.0,AO,14.6915,-14.5225,0.4760642538265306,0.5239357461734694,0.0,,mappingafrica-256/images/AO2901654_2021-10.tif,mappingafrica-256/labels/AO2901654_14780_2021-10.tif,test
AO2903719,mappingafrica,v2.0.0,AO,15.3315,-14.5275,0.0321867028061224,0.9678132971938777,0.0,,mappingafrica-256/images/AO2903719_2022-10.tif,mappingafrica-256/labels/AO2903719_12684_2022-10.tif,train
AO2909475,mappingafrica,v2.0.0,AO,15.0565,-14.5425,0.252750318877551,0.7472496811224489,0.0,,mappingafrica-256/images/AO2909475_2017-08.tif,mappingafrica-256/labels/AO2909475_12685_2017-08.tif,train
AO2936680,mappingafrica,v2.0.0,AO,15.3315,-14.6125,0.4703842474489796,0.5296157525510203,0.0,,mappingafrica-256/images/AO2936680_2017-08.tif,mappingafrica-256/labels/AO2936680_21686_2017-08.tif,train
AO2952694,mappingafrica,v2.0.0,AO,17.7515,-14.6525,0.3877551020408163,0.6122448979591837,0.0,,mappingafrica-256/images/AO2952694_2019-08.tif,mappingafrica-256/labels/AO2952694_12686_2019-08.tif,train
AO2965741,mappingafrica,v2.0.0,AO,14.9815,-14.6875,0.2237723214285714,0.7762276785714286,0.0,,mappingafrica-256/images/AO2965741_2018-08.tif,mappingafrica-256/labels/AO2965741_35046_2018-08.tif,train
AO2972118,mappingafrica,v2.0.0,AO,17.6915,-14.7025,0.1153539540816326,0.8846460459183674,0.0,,mappingafrica-256/images/AO2972118_2018-08.tif,mappingafrica-256/labels/AO2972118_35615_2018-08.tif,train
AO2977902,mappingafrica,v2.0.0,AO,17.4415,-14.7175,0.1668726084183673,0.8331273915816327,0.0,,mappingafrica-256/images/AO2977902_2020-07.tif,mappingafrica-256/labels/AO2977902_16794_2020-07.tif,train
AO2983369,mappingafrica,v2.0.0,AO,15.6165,-14.7325,0.6496731505102041,0.3503268494897958,0.0,,mappingafrica-256/images/AO2983369_2021-11.tif,mappingafrica-256/labels/AO2983369_21183_2021-11.tif,train
AO2985345,mappingafrica,v2.0.0,AO,15.7815,-14.7375,0.229751275510204,0.770248724489796,0.0,,mappingafrica-256/images/AO2985345_2018-08.tif,mappingafrica-256/labels/AO2985345_38803_2018-08.tif,test
AO2986950,mappingafrica,v2.0.0,AO,14.0965,-14.7425,0.8176817602040817,0.1823182397959183,0.0,,mappingafrica-256/images/AO2986950_2018-08.tif,mappingafrica-256/labels/AO2986950_3254_2018-08.tif,train
AO3012249,mappingafrica,v2.0.0,AO,14.0965,-14.8075,0.5030691964285714,0.4969308035714286,0.0,,mappingafrica-256/images/AO3012249_2017-08.tif,mappingafrica-256/labels/AO3012249_21690_2017-08.tif,train
AO3014029,mappingafrica,v2.0.0,AO,13.2515,-14.8125,0.1087970344387755,0.8912029655612245,0.0,,mappingafrica-256/images/AO3014029_2021-10.tif,mappingafrica-256/labels/AO3014029_2693_2021-10.tif,validate
AO3018153,mappingafrica,v2.0.0,AO,14.3665,-14.8225,0.3915816326530612,0.6084183673469388,0.0,,mappingafrica-256/images/AO3018153_2023-11.tif,mappingafrica-256/labels/AO3018153_29132_2023-11.tif,validate
AO3024062,mappingafrica,v2.0.0,AO,14.5865,-14.8375,0.5844626913265306,0.4155373086734694,0.0,,mappingafrica-256/images/AO3024062_2023-10.tif,mappingafrica-256/labels/AO3024062_31518_2023-10.tif,test
AO3027963,mappingafrica,v2.0.0,AO,14.5115,-14.8475,0.04296875,0.95703125,0.0,,mappingafrica-256/images/AO3027963_2017-08.tif,mappingafrica-256/labels/AO3027963_2694_2017-08.tif,validate
AO3029804,mappingafrica,v2.0.0,AO,13.9265,-14.8525,0.1499322385204081,0.850067761479592,0.0,,mappingafrica-256/images/AO3029804_2018-08.tif,mappingafrica-256/labels/AO3029804_12687_2018-08.tif,train
AO3037802,mappingafrica,v2.0.0,AO,14.7415,-14.8725,0.6399872448979592,0.3600127551020408,0.0,,mappingafrica-256/images/AO3037802_2020-10.tif,mappingafrica-256/labels/AO3037802_16796_2020-10.tif,train
AO3043773,mappingafrica,v2.0.0,AO,15.2215,-14.8875,0.3746611926020408,0.6253388073979592,0.0,,mappingafrica-256/images/AO3043773_2020-10.tif,mappingafrica-256/labels/AO3043773_3809_2020-10.tif,test
AO3049622,mappingafrica,v2.0.0,AO,15.0765,-14.9025,0.3359175701530612,0.6640824298469388,0.0,,mappingafrica-256/images/AO3049622_2022-10.tif,mappingafrica-256/labels/AO3049622_5055_2022-10.tif,test
AO3057493,mappingafrica,v2.0.0,AO,15.2315,-14.9225,0.1444316007653061,0.8555683992346939,0.0,,mappingafrica-256/images/AO3057493_2021-10.tif,mappingafrica-256/labels/AO3057493_3258_2021-10.tif,train
AO3070964,mappingafrica,v2.0.0,AO,13.8915,-14.9575,0.6965481505102041,0.3034518494897958,0.0,,mappingafrica-256/images/AO3070964_2020-10.tif,mappingafrica-256/labels/AO3070964_21192_2020-10.tif,train
AO3080748,mappingafrica,v2.0.0,AO,13.6315,-14.9825,0.5253109056122449,0.4746890943877551,0.0,,mappingafrica-256/images/AO3080748_2020-10.tif,mappingafrica-256/labels/AO3080748_35643_2020-10.tif,train
AO3098532,mappingafrica,v2.0.0,AO,14.0215,-15.0275,0.285335618622449,0.7146643813775511,0.0,,mappingafrica-256/images/AO3098532_2020-10.tif,mappingafrica-256/labels/AO3098532_21694_2020-10.tif,train
AO3098611,mappingafrica,v2.0.0,AO,14.4165,-15.0275,0.7664221938775511,0.2335778061224489,0.0,,mappingafrica-256/images/AO3098611_2017-08.tif,mappingafrica-256/labels/AO3098611_17758_2017-08.tif,train
AO3110618,mappingafrica,v2.0.0,AO,15.3215,-15.0575,0.0813735650510204,0.9186264349489796,0.0,,mappingafrica-256/images/AO3110618_2022-10.tif,mappingafrica-256/labels/AO3110618_16800_2022-10.tif,train
AO3120286,mappingafrica,v2.0.0,AO,14.3265,-15.0825,0.8475566007653061,0.1524433992346938,0.0,,mappingafrica-256/images/AO3120286_2017-08.tif,mappingafrica-256/labels/AO3120286_3927_2017-08.tif,test
AO3132405,mappingafrica,v2.0.0,AO,15.6515,-15.1125,0.0711495535714285,0.9288504464285716,0.0,,mappingafrica-256/images/AO3132405_2022-10.tif,mappingafrica-256/labels/AO3132405_8250_2022-10.tif,train
AO3152178,mappingafrica,v2.0.0,AO,15.8265,-15.1625,0.5592514349489796,0.4407485650510204,0.0,,mappingafrica-256/images/AO3152178_2023-10.tif,mappingafrica-256/labels/AO3152178_35468_2023-10.tif,train
AO3153740,mappingafrica,v2.0.0,AO,13.7915,-15.1675,0.2731784119897959,0.726821588010204,0.0,,mappingafrica-256/images/AO3153740_2018-08.tif,mappingafrica-256/labels/AO3153740_6130_2018-08.tif,train
AO3271500,mappingafrica,v2.0.0,AO,15.8015,-15.4625,0.0161631058673469,0.9838368941326532,0.0,,mappingafrica-256/images/AO3271500_2020-11.tif,mappingafrica-256/labels/AO3271500_28408_2020-11.tif,validate
AO3289089,mappingafrica,v2.0.0,AO,13.9915,-15.5075,0.4952566964285714,0.5047433035714286,0.0,,mappingafrica-256/images/AO3289089_2021-10.tif,mappingafrica-256/labels/AO3289089_16804_2021-10.tif,train
AO3313379,mappingafrica,v2.0.0,AO,15.6465,-15.5675,0.2692123724489796,0.7307876275510203,0.0,,mappingafrica-256/images/AO3313379_2020-11.tif,mappingafrica-256/labels/AO3313379_35750_2020-11.tif,train
AO3373296,mappingafrica,v2.0.0,AO,14.0965,-15.7175,0.5131536989795918,0.4868463010204081,0.0,,mappingafrica-256/images/AO3373296_2017-08.tif,mappingafrica-256/labels/AO3373296_17763_2017-08.tif,train
AO3545133,mappingafrica,v2.0.0,AO,15.7465,-16.1375,0.3060626594387755,0.6939373405612246,0.0,,mappingafrica-256/images/AO3545133_2017-02.tif,mappingafrica-256/labels/AO3545133_21701_2017-02.tif,train
AO3670207,mappingafrica,v2.0.0,AO,15.7065,-16.4425,0.14453125,0.85546875,0.0,,mappingafrica-256/images/AO3670207_2017-08.tif,mappingafrica-256/labels/AO3670207_13743_2017-08.tif,train
AO3690735,mappingafrica,v2.0.0,AO,15.3315,-16.4925,0.1644212372448979,0.8355787627551021,0.0,,mappingafrica-256/images/AO3690735_2020-07.tif,mappingafrica-256/labels/AO3690735_39988_2020-07.tif,train
AO3707271,mappingafrica,v2.0.0,AO,15.3065,-16.5325,0.4786551339285714,0.5213448660714286,0.0,,mappingafrica-256/images/AO3707271_2020-07.tif,mappingafrica-256/labels/AO3707271_3929_2020-07.tif,validate
AO3862400,mappingafrica,v2.0.0,AO,17.9615,-16.8975,0.1375558035714285,0.8624441964285715,0.0,,mappingafrica-256/images/AO3862400_2023-07.tif,mappingafrica-256/labels/AO3862400_30703_2023-07.tif,train
AO4001785,mappingafrica,v2.0.0,AO,14.4865,-17.2375,0.0705516581632653,0.9294483418367347,0.0,,mappingafrica-256/images/AO4001785_2019-08.tif,mappingafrica-256/labels/AO4001785_3930_2019-08.tif,train
AO4016643,mappingafrica,v2.0.0,AO,14.4465,-17.2775,0.9508729272959184,0.0491270727040815,0.0,,mappingafrica-256/images/AO4016643_2019-08.tif,mappingafrica-256/labels/AO4016643_30472_2019-08.tif,train
BF0065094,mappingafrica,v2.0.0,BF,-2.0435,14.1375,0.5078324298469388,0.4921675701530612,0.0,,mappingafrica-256/images/BF0065094_2018-02.tif,mappingafrica-256/labels/BF0065094_5060_2018-02.tif,train
BF0168726,mappingafrica,v2.0.0,BF,-2.0885,13.4275,0.7154017857142857,0.2845982142857143,0.0,,mappingafrica-256/images/BF0168726_2023-04.tif,mappingafrica-256/labels/BF0168726_31865_2023-04.tif,train
BF0186883,mappingafrica,v2.0.0,BF,-4.0185,13.3275,0.3698580994897959,0.630141900510204,0.0,,mappingafrica-256/images/BF0186883_2019-02.tif,mappingafrica-256/labels/BF0186883_39011_2019-02.tif,train
BF0200523,mappingafrica,v2.0.0,BF,-1.3285,13.2575,0.0998286033163265,0.9001713966836735,0.0,,mappingafrica-256/images/BF0200523_2017-02.tif,mappingafrica-256/labels/BF0200523_11476_2017-02.tif,train
BF0202417,mappingafrica,v2.0.0,BF,-1.8285,13.2475,0.3777303890306122,0.6222696109693878,0.0,,mappingafrica-256/images/BF0202417_2018-02.tif,mappingafrica-256/labels/BF0202417_18964_2018-02.tif,validate
BF0243697,mappingafrica,v2.0.0,BF,-3.8985,13.0475,0.6894929846938775,0.3105070153061224,0.0,,mappingafrica-256/images/BF0243697_2020-02.tif,mappingafrica-256/labels/BF0243697_6143_2020-02.tif,train
BF0247428,mappingafrica,v2.0.0,BF,-1.3035,13.0325,0.1907286352040816,0.8092713647959184,0.0,,mappingafrica-256/images/BF0247428_2023-04.tif,mappingafrica-256/labels/BF0247428_35702_2023-04.tif,train
BF0251613,mappingafrica,v2.0.0,BF,-1.8535,13.0125,0.4131058673469387,0.5868941326530612,0.0,,mappingafrica-256/images/BF0251613_2020-02.tif,mappingafrica-256/labels/BF0251613_11477_2020-02.tif,train
BF0251790,mappingafrica,v2.0.0,BF,-0.968500000000002,13.0125,0.4721580038265306,0.5278419961734694,0.0,,mappingafrica-256/images/BF0251790_2022-04.tif,mappingafrica-256/labels/BF0251790_17764_2022-04.tif,train
BF0263044,mappingafrica,v2.0.0,BF,-3.9535,12.9575,0.7357501594387755,0.2642498405612244,0.0,,mappingafrica-256/images/BF0263044_2018-02.tif,mappingafrica-256/labels/BF0263044_21720_2018-02.tif,train
BF0263609,mappingafrica,v2.0.0,BF,-1.1285,12.9575,0.8037109375,0.1962890625,0.0,,mappingafrica-256/images/BF0263609_2020-02.tif,mappingafrica-256/labels/BF0263609_3933_2020-02.tif,train
BF0271706,mappingafrica,v2.0.0,BF,-3.9885,12.9175,0.7273198341836735,0.2726801658163265,0.0,,mappingafrica-256/images/BF0271706_2019-02.tif,mappingafrica-256/labels/BF0271706_40296_2019-02.tif,train
BF0275167,mappingafrica,v2.0.0,BF,-3.0435,12.9025,0.4500358737244898,0.5499641262755102,0.0,,mappingafrica-256/images/BF0275167_2021-12.tif,mappingafrica-256/labels/BF0275167_14795_2021-12.tif,validate
BF0290380,mappingafrica,v2.0.0,BF,-4.0885,12.8325,0.4163942920918367,0.5836057079081634,0.0,,mappingafrica-256/images/BF0290380_2021-12.tif,mappingafrica-256/labels/BF0290380_17766_2021-12.tif,train
BF0320067,mappingafrica,v2.0.0,BF,-3.2135,12.7025,0.1811423788265306,0.8188576211734694,0.0,,mappingafrica-256/images/BF0320067_2019-02.tif,mappingafrica-256/labels/BF0320067_33889_2019-02.tif,train
BF0341608,mappingafrica,v2.0.0,BF,-1.5985,12.6175,0.5829679528061225,0.4170320471938775,0.0,,mappingafrica-256/images/BF0341608_2021-04.tif,mappingafrica-256/labels/BF0341608_19019_2021-04.tif,test
BF0349213,mappingafrica,v2.0.0,BF,-3.3085,12.5875,0.0876116071428571,0.9123883928571428,0.0,,mappingafrica-256/images/BF0349213_2022-04.tif,mappingafrica-256/labels/BF0349213_28496_2022-04.tif,validate
BF0350392,mappingafrica,v2.0.0,BF,-4.0435,12.5825,0.7883450255102041,0.2116549744897958,0.0,,mappingafrica-256/images/BF0350392_2020-12.tif,mappingafrica-256/labels/BF0350392_21730_2020-12.tif,train
BF0355953,mappingafrica,v2.0.0,BF,-2.7285,12.5625,0.5183952487244898,0.4816047512755101,0.0,,mappingafrica-256/images/BF0355953_2017-02.tif,mappingafrica-256/labels/BF0355953_3439_2017-02.tif,test
BF0366445,mappingafrica,v2.0.0,BF,-3.1485,12.5225,0.5285395408163265,0.4714604591836735,0.0,,mappingafrica-256/images/BF0366445_2020-02.tif,mappingafrica-256/labels/BF0366445_19825_2020-02.tif,train
BF0380902,mappingafrica,v2.0.0,BF,-4.0335,12.4675,0.7553411989795918,0.2446588010204081,0.0,,mappingafrica-256/images/BF0380902_2018-02.tif,mappingafrica-256/labels/BF0380902_102047_2018-02.tif,train
BF0387861,mappingafrica,v2.0.0,BF,-2.7135,12.4425,0.1695432079081632,0.8304567920918368,0.0,,mappingafrica-256/images/BF0387861_2023-04.tif,mappingafrica-256/labels/BF0387861_30731_2023-04.tif,train
BF0388556,mappingafrica,v2.0.0,BF,0.761499999999998,12.4425,0.9401108099489796,0.0598891900510204,0.0,,mappingafrica-256/images/BF0388556_2020-02.tif,mappingafrica-256/labels/BF0388556_7193_2020-02.tif,train
BF0392762,mappingafrica,v2.0.0,BF,1.6665,12.4275,0.5491470025510204,0.4508529974489795,0.0,,mappingafrica-256/images/BF0392762_2020-02.tif,mappingafrica-256/labels/BF0392762_21742_2020-02.tif,train
BF0395425,mappingafrica,v2.0.0,BF,1.6365,12.4175,0.4030412946428571,0.5969587053571429,0.0,,mappingafrica-256/images/BF0395425_2019-02.tif,mappingafrica-256/labels/BF0395425_2892_2019-02.tif,train
BF0400675,mappingafrica,v2.0.0,BF,1.5315,12.3975,0.4897959183673469,0.5102040816326531,0.0,,mappingafrica-256/images/BF0400675_2022-04.tif,mappingafrica-256/labels/BF0400675_21256_2022-04.tif,train
BF0411158,mappingafrica,v2.0.0,BF,1.7915,12.3575,0.0542490433673469,0.9457509566326532,0.0,,mappingafrica-256/images/BF0411158_2020-02.tif,mappingafrica-256/labels/BF0411158_21261_2020-02.tif,train
BF0425787,mappingafrica,v2.0.0,BF,-3.3335,12.2975,0.1991191007653061,0.8008808992346939,0.0,,mappingafrica-256/images/BF0425787_2023-12.tif,mappingafrica-256/labels/BF0425787_34493_2023-12.tif,train
BF0429626,mappingafrica,v2.0.0,BF,-3.8985,12.2825,0.5137117346938775,0.4862882653061224,0.0,,mappingafrica-256/images/BF0429626_2020-12.tif,mappingafrica-256/labels/BF0429626_17767_2020-12.tif,train
BF0435634,mappingafrica,v2.0.0,BF,-0.298500000000004,12.2625,0.7055564413265306,0.2944435586734694,0.0,,mappingafrica-256/images/BF0435634_2019-02.tif,mappingafrica-256/labels/BF0435634_6149_2019-02.tif,train
BF0445004,mappingafrica,v2.0.0,BF,-0.0635000000000048,12.2275,0.3329878826530612,0.6670121173469388,0.0,,mappingafrica-256/images/BF0445004_2018-02.tif,mappingafrica-256/labels/BF0445004_13756_2018-02.tif,validate
BF0446955,mappingafrica,v2.0.0,BF,-3.7185,12.2175,0.205516581632653,0.794483418367347,0.0,,mappingafrica-256/images/BF0446955_2020-12.tif,mappingafrica-256/labels/BF0446955_13761_2020-12.tif,train
BF0450482,mappingafrica,v2.0.0,BF,0.476499999999998,12.2075,0.4159359056122449,0.5840640943877551,0.0,,mappingafrica-256/images/BF0450482_2018-02.tif,mappingafrica-256/labels/BF0450482_15806_2018-02.tif,train
BF0453364,mappingafrica,v2.0.0,BF,1.4015,12.1975,0.2841996173469387,0.7158003826530612,0.0,,mappingafrica-256/images/BF0453364_2017-02.tif,mappingafrica-256/labels/BF0453364_19038_2017-02.tif,train
BF0466642,mappingafrica,v2.0.0,BF,0.1465,12.1475,0.1435347576530612,0.8564652423469388,0.0,,mappingafrica-256/images/BF0466642_2023-04.tif,mappingafrica-256/labels/BF0466642_39103_2023-04.tif,train
BF0471029,mappingafrica,v2.0.0,BF,1.7465,12.1325,0.8564453125,0.1435546875,0.0,,mappingafrica-256/images/BF0471029_2017-02.tif,mappingafrica-256/labels/BF0471029_30863_2017-02.tif,train
BF0471893,mappingafrica,v2.0.0,BF,-0.743500000000005,12.1275,0.0941286670918367,0.9058713329081634,0.0,,mappingafrica-256/images/BF0471893_2020-02.tif,mappingafrica-256/labels/BF0471893_21761_2020-02.tif,train
BF0472399,mappingafrica,v2.0.0,BF,1.7865,12.1275,0.4558952487244898,0.5441047512755102,0.0,,mappingafrica-256/images/BF0472399_2018-02.tif,mappingafrica-256/labels/BF0472399_9347_2018-02.tif,train
BF0478933,mappingafrica,v2.0.0,BF,0.201499999999996,12.1025,0.8762157206632653,0.1237842793367347,0.0,,mappingafrica-256/images/BF0478933_2019-02.tif,mappingafrica-256/labels/BF0478933_8272_2019-02.tif,validate
BF0481293,mappingafrica,v2.0.0,BF,-1.7585,12.0925,0.5259287308673469,0.4740712691326531,0.0,,mappingafrica-256/images/BF0481293_2021-04.tif,mappingafrica-256/labels/BF0481293_100648_2021-04.tif,train
BF0483387,mappingafrica,v2.0.0,BF,1.8215,12.0875,0.0629583864795918,0.9370416135204082,0.0,,mappingafrica-256/images/BF0483387_2020-02.tif,mappingafrica-256/labels/BF0483387_13762_2020-02.tif,train
BF0485462,mappingafrica,v2.0.0,BF,-1.5885,12.0775,0.4211774553571428,0.5788225446428572,0.0,,mappingafrica-256/images/BF0485462_2022-04.tif,mappingafrica-256/labels/BF0485462_39076_2022-04.tif,train
BF0497104,mappingafrica,v2.0.0,BF,1.0165,12.0375,0.0860371492346938,0.913962850765306,0.0,,mappingafrica-256/images/BF0497104_2022-04.tif,mappingafrica-256/labels/BF0497104_18735_2022-04.tif,train
BF0503780,mappingafrica,v2.0.0,BF,-0.7035,12.0125,0.3143933354591837,0.6856066645408163,0.0,,mappingafrica-256/images/BF0503780_2018-02.tif,mappingafrica-256/labels/BF0503780_101651_2018-02.tif,train
BF0511740,mappingafrica,v2.0.0,BF,-4.2785,11.9825,0.7438815369897959,0.2561184630102041,0.0,,mappingafrica-256/images/BF0511740_2021-04.tif,mappingafrica-256/labels/BF0511740_18741_2021-04.tif,train
BF0513604,mappingafrica,v2.0.0,BF,-2.3485,11.9775,0.2815688775510204,0.7184311224489797,0.0,,mappingafrica-256/images/BF0513604_2022-04.tif,mappingafrica-256/labels/BF0513604_6154_2022-04.tif,train
BF0518340,mappingafrica,v2.0.0,BF,-0.988500000000002,11.9625,0.7723014987244898,0.2276985012755101,0.0,,mappingafrica-256/images/BF0518340_2022-04.tif,mappingafrica-256/labels/BF0518340_492_2022-04.tif,train
BF0523753,mappingafrica,v2.0.0,BF,-3.9035,11.9425,0.7304089604591837,0.2695910395408163,0.0,,mappingafrica-256/images/BF0523753_2019-02.tif,mappingafrica-256/labels/BF0523753_40863_2019-02.tif,train
BF0528605,mappingafrica,v2.0.0,BF,-2.2435,11.9275,0.340461575255102,0.659538424744898,0.0,,mappingafrica-256/images/BF0528605_2017-02.tif,mappingafrica-256/labels/BF0528605_5077_2017-02.tif,train
BF0531490,mappingafrica,v2.0.0,BF,-2.9335,11.9175,0.6538384885204082,0.3461615114795918,0.0,,mappingafrica-256/images/BF0531490_2019-02.tif,mappingafrica-256/labels/BF0531490_21305_2019-02.tif,train
BF0532363,mappingafrica,v2.0.0,BF,1.4315,11.9175,0.284797512755102,0.715202487244898,0.0,,mappingafrica-256/images/BF0532363_2020-02.tif,mappingafrica-256/labels/BF0532363_32905_2020-02.tif,test
BF0532671,mappingafrica,v2.0.0,BF,-4.5985,11.9125,0.5867745535714286,0.4132254464285714,0.0,,mappingafrica-256/images/BF0532671_2017-02.tif,mappingafrica-256/labels/BF0532671_6156_2017-02.tif,train
BF0549724,mappingafrica,v2.0.0,BF,-3.1235,11.8575,0.0584343112244898,0.9415656887755102,0.0,,mappingafrica-256/images/BF0549724_2022-04.tif,mappingafrica-256/labels/BF0549724_32359_2022-04.tif,train
BF0550437,mappingafrica,v2.0.0,BF,0.441499999999998,11.8575,0.778679049744898,0.221320950255102,0.0,,mappingafrica-256/images/BF0550437_2021-04.tif,mappingafrica-256/labels/BF0550437_9355_2021-04.tif,train
BF0552462,mappingafrica,v2.0.0,BF,-4.7185,11.8475,0.6183434311224489,0.381656568877551,0.0,,mappingafrica-256/images/BF0552462_2023-04.tif,mappingafrica-256/labels/BF0552462_37451_2023-04.tif,train
BF0552826,mappingafrica,v2.0.0,BF,-2.8985,11.8475,0.2657445790816326,0.7342554209183674,0.0,,mappingafrica-256/images/BF0552826_2017-02.tif,mappingafrica-256/labels/BF0552826_16828_2017-02.tif,train
BF0553291,mappingafrica,v2.0.0,BF,-0.5735,11.8475,0.6702606823979592,0.3297393176020408,0.0,,mappingafrica-256/images/BF0553291_2023-04.tif,mappingafrica-256/labels/BF0553291_36586_2023-04.tif,train
BF0555331,mappingafrica,v2.0.0,BF,1.9815,11.8425,0.8857023278061225,0.1142976721938775,0.0,,mappingafrica-256/images/BF0555331_2021-04.tif,mappingafrica-256/labels/BF0555331_16829_2021-04.tif,train
BF0555978,mappingafrica,v2.0.0,BF,-2.4635,11.8375,0.1821388711734693,0.8178611288265307,0.0,,mappingafrica-256/images/BF0555978_2019-02.tif,mappingafrica-256/labels/BF0555978_16830_2019-02.tif,train
BF0556733,mappingafrica,v2.0.0,BF,1.3115,11.8375,0.5340601084183674,0.4659398915816326,0.0,,mappingafrica-256/images/BF0556733_2019-02.tif,mappingafrica-256/labels/BF0556733_10422_2019-02.tif,train
BF0557847,mappingafrica,v2.0.0,BF,-0.863500000000002,11.8325,0.7212611607142857,0.2787388392857143,0.0,,mappingafrica-256/images/BF0557847_2019-02.tif,mappingafrica-256/labels/BF0557847_5080_2019-02.tif,train
BF0565140,mappingafrica,v2.0.0,BF,-3.1685,11.8075,0.7491031568877551,0.2508968431122449,0.0,,mappingafrica-256/images/BF0565140_2020-02.tif,mappingafrica-256/labels/BF0565140_40860_2020-02.tif,train
BF0571759,mappingafrica,v2.0.0,BF,-0.8335,11.7875,0.3812181122448979,0.6187818877551021,0.0,,mappingafrica-256/images/BF0571759_2023-04.tif,mappingafrica-256/labels/BF0571759_36548_2023-04.tif,test
BF0572296,mappingafrica,v2.0.0,BF,1.8515,11.7875,1.0,0.0,0.0,,mappingafrica-256/images/BF0572296_2017-02.tif,mappingafrica-256/labels/BF0572296_16831_2017-02.tif,train
BF0578123,mappingafrica,v2.0.0,BF,0.436499999999995,11.7675,0.5338608099489796,0.4661391900510204,0.0,,mappingafrica-256/images/BF0578123_2021-04.tif,mappingafrica-256/labels/BF0578123_17773_2021-04.tif,train
BF0579148,mappingafrica,v2.0.0,BF,-2.0385,11.7625,0.8873963647959183,0.1126036352040816,0.0,,mappingafrica-256/images/BF0579148_2017-02.tif,mappingafrica-256/labels/BF0579148_21946_2017-02.tif,validate
BF0590150,mappingafrica,v2.0.0,BF,-0.108500000000003,11.7275,0.3103874362244898,0.6896125637755102,0.0,,mappingafrica-256/images/BF0590150_2017-02.tif,mappingafrica-256/labels/BF0590150_1776_2017-02.tif,validate
BF0599075,mappingafrica,v2.0.0,BF,-0.9335,11.6975,0.7334980867346939,0.2665019132653061,0.0,,mappingafrica-256/images/BF0599075_2023-04.tif,mappingafrica-256/labels/BF0599075_30805_2023-04.tif,train
BF0599258,mappingafrica,v2.0.0,BF,-0.0185000000000031,11.6975,0.1567482461734693,0.8432517538265307,0.0,,mappingafrica-256/images/BF0599258_2022-04.tif,mappingafrica-256/labels/BF0599258_14804_2022-04.tif,train
BF0606845,mappingafrica,v2.0.0,BF,0.0064999999999955,11.6725,0.3043885522959184,0.6956114477040816,0.0,,mappingafrica-256/images/BF0606845_2022-04.tif,mappingafrica-256/labels/BF0606845_5082_2022-04.tif,validate
BF0616893,mappingafrica,v2.0.0,BF,-2.7085,11.6375,0.3250757334183674,0.6749242665816326,0.0,,mappingafrica-256/images/BF0616893_2021-04.tif,mappingafrica-256/labels/BF0616893_16832_2021-04.tif,train
BF0625525,mappingafrica,v2.0.0,BF,-4.7185,11.6075,0.8449457908163265,0.1550542091836735,0.0,,mappingafrica-256/images/BF0625525_2023-04.tif,mappingafrica-256/labels/BF0625525_33554_2023-04.tif,validate
BF0630089,mappingafrica,v2.0.0,BF,-4.2235,11.5925,0.2283761160714285,0.7716238839285715,0.0,,mappingafrica-256/images/BF0630089_2021-12.tif,mappingafrica-256/labels/BF0630089_21329_2021-12.tif,train
BF0634840,mappingafrica,v2.0.0,BF,-2.6685,11.5775,0.7712252869897959,0.2287747130102041,0.0,,mappingafrica-256/images/BF0634840_2021-04.tif,mappingafrica-256/labels/BF0634840_2369_2021-04.tif,train
BF0643821,mappingafrica,v2.0.0,BF,-2.0135,11.5475,0.3874162946428571,0.6125837053571429,0.0,,mappingafrica-256/images/BF0643821_2021-04.tif,mappingafrica-256/labels/BF0643821_41036_2021-04.tif,validate
BF0648617,mappingafrica,v2.0.0,BF,-0.0585000000000022,11.5325,0.2915138711734694,0.7084861288265306,0.0,,mappingafrica-256/images/BF0648617_2020-02.tif,mappingafrica-256/labels/BF0648617_14808_2020-02.tif,train
BF0654737,mappingafrica,v2.0.0,BF,1.2315,11.5125,0.208446269132653,0.791553730867347,0.0,,mappingafrica-256/images/BF0654737_2021-04.tif,mappingafrica-256/labels/BF0654737_21344_2021-04.tif,train
BF0655976,mappingafrica,v2.0.0,BF,0.106499999999997,11.5075,0.2675183354591837,0.7324816645408163,0.0,,mappingafrica-256/images/BF0655976_2019-02.tif,mappingafrica-256/labels/BF0655976_16835_2019-02.tif,train
BF0672920,mappingafrica,v2.0.0,BF,-2.3935,11.4475,0.1138592155612244,0.8861407844387756,0.0,,mappingafrica-256/images/BF0672920_2020-02.tif,mappingafrica-256/labels/BF0672920_5084_2020-02.tif,train
BF0683622,mappingafrica,v2.0.0,BF,-4.2735,11.4075,0.1553930165816326,0.8446069834183674,0.0,,mappingafrica-256/images/BF0683622_2023-12.tif,mappingafrica-256/labels/BF0683622_28282_2023-12.tif,train
BF0692488,mappingafrica,v2.0.0,BF,0.126499999999997,11.3775,0.2167370854591837,0.7832629145408163,0.0,,mappingafrica-256/images/BF0692488_2022-04.tif,mappingafrica-256/labels/BF0692488_2937_2022-04.tif,train
BF0698566,mappingafrica,v2.0.0,BF,-2.4935,11.3525,0.1543765943877551,0.8456234056122449,0.0,,mappingafrica-256/images/BF0698566_2022-04.tif,mappingafrica-256/labels/BF0698566_26896_2022-04.tif,train
BF0705982,mappingafrica,v2.0.0,BF,-4.9835,11.3225,0.0971779336734693,0.9028220663265308,0.0,,mappingafrica-256/images/BF0705982_2018-02.tif,mappingafrica-256/labels/BF0705982_15815_2018-02.tif,train
BF0720978,mappingafrica,v2.0.0,BF,-2.2335,11.2675,0.0247329400510204,0.9752670599489796,0.0,,mappingafrica-256/images/BF0720978_2020-02.tif,mappingafrica-256/labels/BF0720978_36314_2020-02.tif,train
BF0730513,mappingafrica,v2.0.0,BF,0.221499999999995,11.2325,0.6284080038265306,0.3715919961734694,0.0,,mappingafrica-256/images/BF0730513_2022-03.tif,mappingafrica-256/labels/BF0730513_1801_2022-03.tif,train
BF0732017,mappingafrica,v2.0.0,BF,-5.1235,11.2225,0.2981305803571428,0.7018694196428572,0.0,,mappingafrica-256/images/BF0732017_2020-02.tif,mappingafrica-256/labels/BF0732017_14813_2020-02.tif,train
BF0748510,mappingafrica,v2.0.0,BF,-0.2135,11.1625,0.2481066645408163,0.7518933354591837,0.0,,mappingafrica-256/images/BF0748510_2017-02.tif,mappingafrica-256/labels/BF0748510_35285_2017-02.tif,train
BF0751712,mappingafrica,v2.0.0,BF,-3.3535,11.1475,0.5639748086734694,0.4360251913265306,0.0,,mappingafrica-256/images/BF0751712_2017-02.tif,mappingafrica-256/labels/BF0751712_19840_2017-02.tif,test
BF0755023,mappingafrica,v2.0.0,BF,0.8215,11.1375,0.8920998086734694,0.1079001913265306,0.0,,mappingafrica-256/images/BF0755023_2019-02.tif,mappingafrica-256/labels/BF0755023_21768_2019-02.tif,train
BF0755741,mappingafrica,v2.0.0,BF,-1.9835,11.1325,0.4748286033163265,0.5251713966836735,0.0,,mappingafrica-256/images/BF0755741_2020-02.tif,mappingafrica-256/labels/BF0755741_14814_2020-02.tif,train
BF0760301,mappingafrica,v2.0.0,BF,-3.9685,11.1125,0.4272161989795918,0.5727838010204083,0.0,,mappingafrica-256/images/BF0760301_2023-12.tif,mappingafrica-256/labels/BF0760301_33184_2023-12.tif,train
BF0761938,mappingafrica,v2.0.0,BF,-1.8835,11.1075,0.4975486288265306,0.5024513711734694,0.0,,mappingafrica-256/images/BF0761938_2020-02.tif,mappingafrica-256/labels/BF0761938_14815_2020-02.tif,validate
BF0762639,mappingafrica,v2.0.0,BF,-4.4385,11.1025,0.3961654974489796,0.6038345025510203,0.0,,mappingafrica-256/images/BF0762639_2021-04.tif,mappingafrica-256/labels/BF0762639_40485_2021-04.tif,train
BF0772692,mappingafrica,v2.0.0,BF,-1.8685,11.0625,0.1908282844387755,0.8091717155612245,0.0,,mappingafrica-256/images/BF0772692_2019-02.tif,mappingafrica-256/labels/BF0772692_26899_2019-02.tif,train
BF0774185,mappingafrica,v2.0.0,BF,0.461499999999997,11.0575,0.1098732461734693,0.8901267538265307,0.0,,mappingafrica-256/images/BF0774185_2022-03.tif,mappingafrica-256/labels/BF0774185_11506_2022-03.tif,train
BF0777276,mappingafrica,v2.0.0,BF,-2.1385,11.0425,0.1932597257653061,0.8067402742346939,0.0,,mappingafrica-256/images/BF0777276_2020-02.tif,mappingafrica-256/labels/BF0777276_34194_2020-02.tif,train
BF0787143,mappingafrica,v1.3.0,BF,-0.998500000000003,10.9975,0.1407445790816326,0.8592554209183674,0.0,,mappingafrica-256/images/BF0787143_2018-12.tif,mappingafrica-256/labels/BF0787143_900023_2018-12.tif,train
BF0787155,mappingafrica,v1.3.0,BF,-0.938500000000001,10.9975,0.0751155931122449,0.9248844068877552,0.0,,mappingafrica-256/images/BF0787155_2018-12.tif,mappingafrica-256/labels/BF0787155_900024_2018-12.tif,train
BF0793297,mappingafrica,v2.0.0,BF,-5.4335,10.9425,0.5186144770408163,0.4813855229591837,0.0,,mappingafrica-256/images/BF0793297_2018-02.tif,mappingafrica-256/labels/BF0793297_2399_2018-02.tif,train
BF0804979,mappingafrica,v2.0.0,BF,-4.2835,10.8325,0.3450653698979591,0.6549346301020409,0.0,,mappingafrica-256/images/BF0804979_2019-02.tif,mappingafrica-256/labels/BF0804979_10437_2019-02.tif,train
BF0809811,mappingafrica,v2.0.0,BF,-3.0585,10.7875,0.1373565051020408,0.8626434948979592,0.0,,mappingafrica-256/images/BF0809811_2017-02.tif,mappingafrica-256/labels/BF0809811_12719_2017-02.tif,train
BF0828715,mappingafrica,v2.0.0,BF,-5.1485,10.5975,0.7820272640306123,0.2179727359693877,0.0,,mappingafrica-256/images/BF0828715_2020-02.tif,mappingafrica-256/labels/BF0828715_21396_2020-02.tif,train
BF0831139,mappingafrica,v2.0.0,BF,-3.1585,10.5775,0.2058155293367347,0.7941844706632653,0.0,,mappingafrica-256/images/BF0831139_2022-04.tif,mappingafrica-256/labels/BF0831139_20654_2022-04.tif,train
BF0835447,mappingafrica,v2.0.0,BF,-4.5935,10.5325,0.3213089923469387,0.6786910076530612,0.0,,mappingafrica-256/images/BF0835447_2018-02.tif,mappingafrica-256/labels/BF0835447_38150_2018-02.tif,train
BF0836958,mappingafrica,v2.0.0,BF,-4.7635,10.5175,0.4580875318877551,0.5419124681122449,0.0,,mappingafrica-256/images/BF0836958_2019-02.tif,mappingafrica-256/labels/BF0836958_8289_2019-02.tif,test
BF0839685,mappingafrica,v2.0.0,BF,-4.0835,10.4925,0.5436065051020408,0.4563934948979592,0.0,,mappingafrica-256/images/BF0839685_2020-12.tif,mappingafrica-256/labels/BF0839685_11512_2020-12.tif,validate
BF0843024,mappingafrica,v2.0.0,BF,-3.1035,10.4625,0.8083745216836735,0.1916254783163264,0.0,,mappingafrica-256/images/BF0843024_2019-02.tif,mappingafrica-256/labels/BF0843024_8292_2019-02.tif,train
BF0854004,mappingafrica,v2.0.0,BF,-4.0035,10.3575,0.5744379783163265,0.4255620216836735,0.0,,mappingafrica-256/images/BF0854004_2019-02.tif,mappingafrica-256/labels/BF0854004_21402_2019-02.tif,train
BF0856141,mappingafrica,v2.0.0,BF,-3.7485,10.3375,0.2061543367346938,0.7938456632653061,0.0,,mappingafrica-256/images/BF0856141_2020-12.tif,mappingafrica-256/labels/BF0856141_8293_2020-12.tif,train
BF0862458,mappingafrica,v2.0.0,BF,-3.3785,10.2725,0.1631457270408163,0.8368542729591837,0.0,,mappingafrica-256/images/BF0862458_2021-04.tif,mappingafrica-256/labels/BF0862458_6173_2021-04.tif,train
BF0864143,mappingafrica,v2.0.0,BF,-4.4035,10.2525,0.0710499043367346,0.9289500956632654,0.0,,mappingafrica-256/images/BF0864143_2022-12.tif,mappingafrica-256/labels/BF0864143_29465_2022-12.tif,train
BF0864707,mappingafrica,v2.0.0,BF,-3.9735,10.2475,0.3479551977040816,0.6520448022959184,0.0,,mappingafrica-256/images/BF0864707_2018-02.tif,mappingafrica-256/labels/BF0864707_39395_2018-02.tif,train
BF0865894,mappingafrica,v1.3.0,BF,-2.8235,10.2375,0.3059829400510204,0.6940170599489797,0.0,,mappingafrica-256/images/BF0865894_2018-12.tif,mappingafrica-256/labels/BF0865894_900033_2018-12.tif,test
BF0874239,mappingafrica,v2.0.0,BF,-4.8535,10.1425,0.8503268494897959,0.1496731505102041,0.0,,mappingafrica-256/images/BF0874239_2018-02.tif,mappingafrica-256/labels/BF0874239_21407_2018-02.tif,validate
BF0881051,mappingafrica,v2.0.0,BF,-4.3585,10.0675,0.6826171875,0.3173828125,0.0,,mappingafrica-256/images/BF0881051_2019-02.tif,mappingafrica-256/labels/BF0881051_19489_2019-02.tif,train
BF0883125,mappingafrica,v2.0.0,BF,-4.9235,10.0425,0.5206273915816326,0.4793726084183674,0.0,,mappingafrica-256/images/BF0883125_2018-02.tif,mappingafrica-256/labels/BF0883125_12439_2018-02.tif,validate
BF0887139,mappingafrica,v2.0.0,BF,-4.4935,9.9975,0.7239118303571429,0.2760881696428571,0.0,,mappingafrica-256/images/BF0887139_2018-02.tif,mappingafrica-256/labels/BF0887139_21408_2018-02.tif,train
BF0892413,mappingafrica,v2.0.0,BF,-4.3335,9.9375,0.2138671875,0.7861328125,0.0,,mappingafrica-256/images/BF0892413_2022-12.tif,mappingafrica-256/labels/BF0892413_3958_2022-12.tif,train
BF0894047,mappingafrica,v2.0.0,BF,-4.0635,9.9175,0.4046356823979591,0.5953643176020409,0.0,,mappingafrica-256/images/BF0894047_2022-12.tif,mappingafrica-256/labels/BF0894047_13788_2022-12.tif,train
BF0895997,mappingafrica,v2.0.0,BF,-4.3685,9.8875,0.3077367665816326,0.6922632334183674,0.0,,mappingafrica-256/images/BF0895997_2023-12.tif,mappingafrica-256/labels/BF0895997_31759_2023-12.tif,train
BF0905165,mappingafrica,v1.3.0,BF,-2.7785,9.5075,0.32421875,0.67578125,0.0,,mappingafrica-256/images/BF0905165_2018-12.tif,mappingafrica-256/labels/BF0905165_900038_2018-12.tif,train
BI0000474,mappingafrica,v2.0.0,BI,30.4715,-2.3825,0.0767697704081632,0.9232302295918368,0.0,,mappingafrica-256/images/BI0000474_2020-11.tif,mappingafrica-256/labels/BI0000474_21412_2020-11.tif,train
BI0007367,mappingafrica,v2.0.0,BI,30.0565,-2.6825,0.2469308035714285,0.7530691964285715,0.0,,mappingafrica-256/images/BI0007367_2021-11.tif,mappingafrica-256/labels/BI0007367_17787_2021-11.tif,train
BI0017743,mappingafrica,v2.0.0,BI,29.9215,-2.9175,0.4587850765306122,0.5412149234693878,0.0,,mappingafrica-256/images/BI0017743_2021-11.tif,mappingafrica-256/labels/BI0017743_40930_2021-11.tif,train
BI0018760,mappingafrica,v2.0.0,BI,29.3415,-2.9375,0.2577527104591837,0.7422472895408163,0.0,,mappingafrica-256/images/BI0018760_2017-08.tif,mappingafrica-256/labels/BI0018760_21420_2017-08.tif,train
BI0020193,mappingafrica,v2.0.0,BI,29.2315,-2.9625,0.8851442920918368,0.1148557079081632,0.0,,mappingafrica-256/images/BI0020193_2021-11.tif,mappingafrica-256/labels/BI0020193_21421_2021-11.tif,train
BI0063870,mappingafrica,v2.0.0,BI,29.8265,-3.72749999999999,0.0837053571428571,0.9162946428571428,0.0,,mappingafrica-256/images/BI0063870_2020-07.tif,mappingafrica-256/labels/BI0063870_15829_2020-07.tif,test
BI0067684,mappingafrica,v2.0.0,BI,29.7165,-3.8125,0.8799226721938775,0.1200773278061224,0.0,,mappingafrica-256/images/BI0067684_2022-06.tif,mappingafrica-256/labels/BI0067684_30182_2022-06.tif,train
BI0068207,mappingafrica,v2.0.0,BI,30.1765,-3.8225,0.936423788265306,0.0635762117346939,0.0,,mappingafrica-256/images/BI0068207_2019-08.tif,mappingafrica-256/labels/BI0068207_21438_2019-08.tif,train
BI0073436,mappingafrica,v2.0.0,BI,29.8865,-3.9525,0.4089405293367347,0.5910594706632653,0.0,,mappingafrica-256/images/BI0073436_2022-06.tif,mappingafrica-256/labels/BI0073436_40553_2022-06.tif,train
BI0074895,mappingafrica,v2.0.0,BI,29.7415,-3.99249999999999,0.2092235331632653,0.7907764668367347,0.0,,mappingafrica-256/images/BI0074895_2022-06.tif,mappingafrica-256/labels/BI0074895_100286_2022-06.tif,train
BI0083108,mappingafrica,v2.0.0,BI,29.7615,-4.2625,0.0832469706632653,0.9167530293367347,0.0,,mappingafrica-256/images/BI0083108_2018-08.tif,mappingafrica-256/labels/BI0083108_18766_2018-08.tif,train
BJ0022795,mappingafrica,v2.0.0,BJ,3.42149999999999,11.6725,0.1764787946428571,0.8235212053571429,0.0,,mappingafrica-256/images/BJ0022795_2019-02.tif,mappingafrica-256/labels/BJ0022795_13793_2019-02.tif,train
BJ0030503,mappingafrica,v2.0.0,BJ,2.5715,11.5275,0.9792729591836736,0.0207270408163263,0.0,,mappingafrica-256/images/BJ0030503_2018-02.tif,mappingafrica-256/labels/BJ0030503_19594_2018-02.tif,train
BJ0037088,mappingafrica,v2.0.0,BJ,3.1015,11.4225,0.8395647321428571,0.1604352678571429,0.0,,mappingafrica-256/images/BJ0037088_2023-04.tif,mappingafrica-256/labels/BJ0037088_35833_2023-04.tif,validate
BJ0039536,mappingafrica,v2.0.0,BJ,3.1565,11.3925,0.5031090561224489,0.496890943877551,0.0,,mappingafrica-256/images/BJ0039536_2020-02.tif,mappingafrica-256/labels/BJ0039536_1790_2020-02.tif,test
BJ0040798,mappingafrica,v2.0.0,BJ,3.0165,11.3775,0.9652822066326532,0.0347177933673468,0.0,,mappingafrica-256/images/BJ0040798_2022-04.tif,mappingafrica-256/labels/BJ0040798_7214_2022-04.tif,test
BJ0043446,mappingafrica,v2.0.0,BJ,3.2265,11.3475,0.9450334821428572,0.0549665178571427,0.0,,mappingafrica-256/images/BJ0043446_2020-02.tif,mappingafrica-256/labels/BJ0043446_28972_2020-02.tif,train
BJ0053094,mappingafrica,v2.0.0,BJ,2.2965,11.2375,0.6439732142857143,0.3560267857142857,0.0,,mappingafrica-256/images/BJ0053094_2017-02.tif,mappingafrica-256/labels/BJ0053094_15834_2017-02.tif,validate
BJ0054137,mappingafrica,v2.0.0,BJ,2.7015,11.2275,0.4094786352040816,0.5905213647959184,0.0,,mappingafrica-256/images/BJ0054137_2022-04.tif,mappingafrica-256/labels/BJ0054137_13794_2022-04.tif,train
BJ0057640,mappingafrica,v2.0.0,BJ,3.2065,11.1925,0.7767059948979592,0.2232940051020407,0.0,,mappingafrica-256/images/BJ0057640_2017-02.tif,mappingafrica-256/labels/BJ0057640_21450_2017-02.tif,train
BJ0062974,mappingafrica,v2.0.0,BJ,2.1815,11.1375,0.9025430484693876,0.0974569515306124,0.0,,mappingafrica-256/images/BJ0062974_2021-03.tif,mappingafrica-256/labels/BJ0062974_2388_2021-03.tif,train
BJ0065707,mappingafrica,v2.0.0,BJ,2.7465,11.1125,0.957389987244898,0.042610012755102,0.0,,mappingafrica-256/images/BJ0065707_2017-02.tif,mappingafrica-256/labels/BJ0065707_34516_2017-02.tif,train
BJ0069259,mappingafrica,v2.0.0,BJ,2.0715,11.0775,0.2862723214285714,0.7137276785714286,0.0,,mappingafrica-256/images/BJ0069259_2023-03.tif,mappingafrica-256/labels/BJ0069259_30159_2023-03.tif,train
BJ0072437,mappingafrica,v2.0.0,BJ,1.9265,11.0475,0.5678212691326531,0.4321787308673469,0.0,,mappingafrica-256/images/BJ0072437_2023-03.tif,mappingafrica-256/labels/BJ0072437_28983_2023-03.tif,test
BJ0081784,mappingafrica,v2.0.0,BJ,3.7165,10.9675,0.9997010522959184,0.0002989477040815,0.0,,mappingafrica-256/images/BJ0081784_2022-04.tif,mappingafrica-256/labels/BJ0081784_19605_2022-04.tif,train
BJ0084067,mappingafrica,v2.0.0,BJ,3.6915,10.9475,0.7005739795918368,0.2994260204081632,0.0,,mappingafrica-256/images/BJ0084067_2017-02.tif,mappingafrica-256/labels/BJ0084067_14833_2017-02.tif,train
BJ0087452,mappingafrica,v2.0.0,BJ,3.3965,10.9175,0.0712492028061224,0.9287507971938777,0.0,,mappingafrica-256/images/BJ0087452_2023-04.tif,mappingafrica-256/labels/BJ0087452_28831_2023-04.tif,train
BJ0090634,mappingafrica,v2.0.0,BJ,2.1015,10.8875,0.2335379464285714,0.7664620535714286,0.0,,mappingafrica-256/images/BJ0090634_2023-03.tif,mappingafrica-256/labels/BJ0090634_36806_2023-03.tif,train
BJ0092020,mappingafrica,v2.0.0,BJ,3.3115,10.8775,0.9472855548469388,0.0527144451530612,0.0,,mappingafrica-256/images/BJ0092020_2023-04.tif,mappingafrica-256/labels/BJ0092020_33530_2023-04.tif,train
BJ0093552,mappingafrica,v2.0.0,BJ,2.3765,10.8625,0.8240991709183674,0.1759008290816326,0.0,,mappingafrica-256/images/BJ0093552_2018-02.tif,mappingafrica-256/labels/BJ0093552_10449_2018-02.tif,train
BJ0096435,mappingafrica,v2.0.0,BJ,2.4615,10.8375,0.2951809630102041,0.704819036989796,0.0,,mappingafrica-256/images/BJ0096435_2017-02.tif,mappingafrica-256/labels/BJ0096435_21455_2017-02.tif,train
BJ0097275,mappingafrica,v2.0.0,BJ,0.926499999999997,10.8275,0.3303571428571428,0.6696428571428572,0.0,,mappingafrica-256/images/BJ0097275_2018-02.tif,mappingafrica-256/labels/BJ0097275_5097_2018-02.tif,train
BJ0101685,mappingafrica,v2.0.0,BJ,2.8415,10.7925,0.927116549744898,0.072883450255102,0.0,,mappingafrica-256/images/BJ0101685_2017-02.tif,mappingafrica-256/labels/BJ0101685_39511_2017-02.tif,train
BJ0106403,mappingafrica,v2.0.0,BJ,3.0215,10.7525,0.1602160395408163,0.8397839604591837,0.0,,mappingafrica-256/images/BJ0106403_2020-02.tif,mappingafrica-256/labels/BJ0106403_10450_2020-02.tif,train
BJ0111137,mappingafrica,v2.0.0,BJ,2.8265,10.7125,0.4296077806122449,0.5703922193877551,0.0,,mappingafrica-256/images/BJ0111137_2019-02.tif,mappingafrica-256/labels/BJ0111137_19639_2019-02.tif,train
BJ0111720,mappingafrica,v2.0.0,BJ,2.7215,10.7075,0.5256297831632653,0.4743702168367347,0.0,,mappingafrica-256/images/BJ0111720_2021-04.tif,mappingafrica-256/labels/BJ0111720_11527_2021-04.tif,train
BJ0113677,mappingafrica,v2.0.0,BJ,3.4015,10.6925,0.7606226084183674,0.2393773915816326,0.0,,mappingafrica-256/images/BJ0113677_2017-02.tif,mappingafrica-256/labels/BJ0113677_41014_2017-02.tif,validate
BJ0114744,mappingafrica,v2.0.0,BJ,2.6515,10.6825,0.8314333545918368,0.1685666454081632,0.0,,mappingafrica-256/images/BJ0114744_2018-02.tif,mappingafrica-256/labels/BJ0114744_15838_2018-02.tif,train
BJ0116018,mappingafrica,v2.0.0,BJ,2.9365,10.6725,0.3158083545918367,0.6841916454081634,0.0,,mappingafrica-256/images/BJ0116018_2020-02.tif,mappingafrica-256/labels/BJ0116018_19655_2020-02.tif,train
BJ0118988,mappingafrica,v2.0.0,BJ,2.5965,10.6475,0.927834024234694,0.072165975765306,0.0,,mappingafrica-256/images/BJ0118988_2020-02.tif,mappingafrica-256/labels/BJ0118988_6187_2020-02.tif,train
BJ0119042,mappingafrica,v2.0.0,BJ,2.8665,10.6475,0.7577527104591837,0.2422472895408163,0.0,,mappingafrica-256/images/BJ0119042_2021-04.tif,mappingafrica-256/labels/BJ0119042_2415_2021-04.tif,test
BJ0122477,mappingafrica,v2.0.0,BJ,1.8015,10.6175,0.8914620535714286,0.1085379464285714,0.0,,mappingafrica-256/images/BJ0122477_2019-08.tif,mappingafrica-256/labels/BJ0122477_30029_2019-08.tif,validate
BJ0137717,mappingafrica,v2.0.0,BJ,2.3515,10.4925,0.1706792091836734,0.8293207908163266,0.0,,mappingafrica-256/images/BJ0137717_2023-04.tif,mappingafrica-256/labels/BJ0137717_32644_2023-04.tif,train
BJ0152816,mappingafrica,v2.0.0,BJ,1.9615,10.3625,0.4835379464285714,0.5164620535714286,0.0,,mappingafrica-256/images/BJ0152816_2022-08.tif,mappingafrica-256/labels/BJ0152816_101262_2022-08.tif,train
BJ0157472,mappingafrica,v2.0.0,BJ,3.1065,10.3225,0.657585299744898,0.342414700255102,0.0,,mappingafrica-256/images/BJ0157472_2023-04.tif,mappingafrica-256/labels/BJ0157472_31032_2023-04.tif,train
BJ0163139,mappingafrica,v2.0.0,BJ,1.9315,10.2675,0.5918566645408163,0.4081433354591837,0.0,,mappingafrica-256/images/BJ0163139_2017-08.tif,mappingafrica-256/labels/BJ0163139_19852_2017-08.tif,train
BJ0163860,mappingafrica,v2.0.0,BJ,2.9015,10.2625,0.8117227359693877,0.1882772640306123,0.0,,mappingafrica-256/images/BJ0163860_2022-04.tif,mappingafrica-256/labels/BJ0163860_26920_2022-04.tif,train
BJ0166642,mappingafrica,v2.0.0,BJ,1.0965,10.2325,0.3348812181122449,0.6651187818877551,0.0,,mappingafrica-256/images/BJ0166642_2017-02.tif,mappingafrica-256/labels/BJ0166642_19853_2017-02.tif,train
BJ0168461,mappingafrica,v2.0.0,BJ,2.3865,10.2175,0.3927973533163265,0.6072026466836735,0.0,,mappingafrica-256/images/BJ0168461_2018-02.tif,mappingafrica-256/labels/BJ0168461_20662_2018-02.tif,train
BJ0172733,mappingafrica,v2.0.0,BJ,3.0265,10.1775,0.5428691007653061,0.4571308992346938,0.0,,mappingafrica-256/images/BJ0172733_2023-04.tif,mappingafrica-256/labels/BJ0172733_32995_2023-04.tif,train
BJ0176379,mappingafrica,v2.0.0,BJ,3.2215,10.1425,0.5859175701530612,0.4140824298469387,0.0,,mappingafrica-256/images/BJ0176379_2017-02.tif,mappingafrica-256/labels/BJ0176379_10455_2017-02.tif,train
BJ0178353,mappingafrica,v2.0.0,BJ,2.9815,10.1225,0.7055963010204082,0.2944036989795918,0.0,,mappingafrica-256/images/BJ0178353_2018-02.tif,mappingafrica-256/labels/BJ0178353_17801_2018-02.tif,train
BJ0183615,mappingafrica,v2.0.0,BJ,2.5665,10.0675,0.370735012755102,0.629264987244898,0.0,,mappingafrica-256/images/BJ0183615_2022-04.tif,mappingafrica-256/labels/BJ0183615_6190_2022-04.tif,train
BJ0197318,mappingafrica,v2.0.0,BJ,3.1665,9.9175,0.7478675063775511,0.2521324936224489,0.0,,mappingafrica-256/images/BJ0197318_2021-04.tif,mappingafrica-256/labels/BJ0197318_3976_2021-04.tif,validate
BJ0197483,mappingafrica,v2.0.0,BJ,1.7865,9.9125,0.9817442602040816,0.0182557397959184,0.0,,mappingafrica-256/images/BJ0197483_2020-07.tif,mappingafrica-256/labels/BJ0197483_21482_2020-07.tif,train
BJ0199385,mappingafrica,v2.0.0,BJ,2.5015,9.8925,1.0,0.0,0.0,,mappingafrica-256/images/BJ0199385_2023-04.tif,mappingafrica-256/labels/BJ0199385_32540_2023-04.tif,train
BJ0199685,mappingafrica,v2.0.0,BJ,1.8115,9.8875,0.5048429528061225,0.4951570471938775,0.0,,mappingafrica-256/images/BJ0199685_2018-02.tif,mappingafrica-256/labels/BJ0199685_11538_2018-02.tif,train
BJ0205353,mappingafrica,v2.0.0,BJ,2.9615,9.82250000000001,0.794921875,0.205078125,0.0,,mappingafrica-256/images/BJ0205353_2019-02.tif,mappingafrica-256/labels/BJ0205353_8302_2019-02.tif,test
BJ0207217,mappingafrica,v2.0.0,BJ,2.4065,9.7975,0.3164660395408163,0.6835339604591837,0.0,,mappingafrica-256/images/BJ0207217_2017-02.tif,mappingafrica-256/labels/BJ0207217_5105_2017-02.tif,train
BJ0207505,mappingafrica,v2.0.0,BJ,1.8915,9.7925,0.4003109056122449,0.5996890943877551,0.0,,mappingafrica-256/images/BJ0207505_2017-02.tif,mappingafrica-256/labels/BJ0207505_5108_2017-02.tif,train
BJ0215126,mappingafrica,v2.0.0,BJ,2.6665,9.69750000000001,0.3960259885204081,0.603974011479592,0.0,,mappingafrica-256/images/BJ0215126_2019-02.tif,mappingafrica-256/labels/BJ0215126_11540_2019-02.tif,train
BJ0217852,mappingafrica,v2.0.0,BJ,2.5215,9.6625,0.5441047512755102,0.4558952487244898,0.0,,mappingafrica-256/images/BJ0217852_2020-02.tif,mappingafrica-256/labels/BJ0217852_13806_2020-02.tif,train
BJ0222179,mappingafrica,v2.0.0,BJ,1.4965,9.6025,0.3071787308673469,0.6928212691326531,0.0,,mappingafrica-256/images/BJ0222179_2020-02.tif,mappingafrica-256/labels/BJ0222179_3977_2020-02.tif,train
BJ0226992,mappingafrica,v2.0.0,BJ,3.1015,9.5425,0.3641183035714285,0.6358816964285715,0.0,,mappingafrica-256/images/BJ0226992_2018-02.tif,mappingafrica-256/labels/BJ0226992_14843_2018-02.tif,train
BJ0229193,mappingafrica,v2.0.0,BJ,3.0415,9.5125,0.487922512755102,0.512077487244898,0.0,,mappingafrica-256/images/BJ0229193_2021-04.tif,mappingafrica-256/labels/BJ0229193_11541_2021-04.tif,validate
BJ0232177,mappingafrica,v2.0.0,BJ,2.0215,9.4675,0.5729233099489796,0.4270766900510204,0.0,,mappingafrica-256/images/BJ0232177_2022-04.tif,mappingafrica-256/labels/BJ0232177_21504_2022-04.tif,train
BJ0235518,mappingafrica,v2.0.0,BJ,1.4465,9.4175,0.1167889030612244,0.8832110969387756,0.0,,mappingafrica-256/images/BJ0235518_2022-04.tif,mappingafrica-256/labels/BJ0235518_21506_2022-04.tif,train
BJ0240583,mappingafrica,v2.0.0,BJ,2.4265,9.3475,0.4483019770408163,0.5516980229591837,0.0,,mappingafrica-256/images/BJ0240583_2019-02.tif,mappingafrica-256/labels/BJ0240583_2463_2019-02.tif,test
BJ0240863,mappingafrica,v2.0.0,BJ,2.0865,9.3425,0.5720663265306123,0.4279336734693877,0.0,,mappingafrica-256/images/BJ0240863_2020-02.tif,mappingafrica-256/labels/BJ0240863_16866_2020-02.tif,train
BJ0245397,mappingafrica,v2.0.0,BJ,2.3865,9.2775,0.6188815369897959,0.3811184630102041,0.0,,mappingafrica-256/images/BJ0245397_2021-04.tif,mappingafrica-256/labels/BJ0245397_36681_2021-04.tif,test
BJ0253130,mappingafrica,v2.0.0,BJ,2.3915,9.1575,0.7601442920918368,0.2398557079081632,0.0,,mappingafrica-256/images/BJ0253130_2023-04.tif,mappingafrica-256/labels/BJ0253130_26923_2023-04.tif,train
BJ0255848,mappingafrica,v2.0.0,BJ,2.4165,9.1125,0.589485012755102,0.410514987244898,0.0,,mappingafrica-256/images/BJ0255848_2019-02.tif,mappingafrica-256/labels/BJ0255848_35632_2019-02.tif,train
BJ0297805,mappingafrica,v2.0.0,BJ,2.1615,8.1775,0.3157884247448979,0.6842115752551021,0.0,,mappingafrica-256/images/BJ0297805_2019-02.tif,mappingafrica-256/labels/BJ0297805_9393_2019-02.tif,train
BJ0305288,mappingafrica,v2.0.0,BJ,2.6415,8.0075,1.0,0.0,0.0,,mappingafrica-256/images/BJ0305288_2020-02.tif,mappingafrica-256/labels/BJ0305288_21516_2020-02.tif,train
BJ0326529,mappingafrica,v2.0.0,BJ,2.5915,7.5125,0.5781847895408163,0.4218152104591837,0.0,,mappingafrica-256/images/BJ0326529_2019-02.tif,mappingafrica-256/labels/BJ0326529_11549_2019-02.tif,train
BJ0334978,mappingafrica,v2.0.0,BJ,2.1715,7.32250000000001,0.5782047193877551,0.4217952806122449,0.0,,mappingafrica-256/images/BJ0334978_2017-02.tif,mappingafrica-256/labels/BJ0334978_6409_2017-02.tif,train
BJ0337723,mappingafrica,v2.0.0,BJ,2.5915,7.2625,0.4386957908163265,0.5613042091836735,0.0,,mappingafrica-256/images/BJ0337723_2019-02.tif,mappingafrica-256/labels/BJ0337723_20665_2019-02.tif,train
BJ0341139,mappingafrica,v2.0.0,BJ,2.7465,7.1875,0.0599091198979591,0.9400908801020408,0.0,,mappingafrica-256/images/BJ0341139_2020-02.tif,mappingafrica-256/labels/BJ0341139_5114_2020-02.tif,test
BJ0342128,mappingafrica,v2.0.0,BJ,1.9865,7.16250000000001,0.1663942920918367,0.8336057079081634,0.0,,mappingafrica-256/images/BJ0342128_2020-02.tif,mappingafrica-256/labels/BJ0342128_7234_2020-02.tif,train
BJ0342305,mappingafrica,v2.0.0,BJ,1.7265,7.1575,0.3730668048469387,0.6269331951530612,0.0,,mappingafrica-256/images/BJ0342305_2017-02.tif,mappingafrica-256/labels/BJ0342305_5115_2017-02.tif,train
BJ0344941,mappingafrica,v2.0.0,BJ,2.4765,7.1025,0.3298788265306122,0.6701211734693878,0.0,,mappingafrica-256/images/BJ0344941_2021-12.tif,mappingafrica-256/labels/BJ0344941_13809_2021-12.tif,train
BJ0354376,mappingafrica,v2.0.0,BJ,2.2565,6.89250000000001,0.1488360969387755,0.8511639030612245,0.0,,mappingafrica-256/images/BJ0354376_2018-02.tif,mappingafrica-256/labels/BJ0354376_19864_2018-02.tif,train
BJ0357583,mappingafrica,v2.0.0,BJ,2.3615,6.8225,0.3128786670918367,0.6871213329081634,0.0,,mappingafrica-256/images/BJ0357583_2018-02.tif,mappingafrica-256/labels/BJ0357583_21536_2018-02.tif,train
BJ0359682,mappingafrica,v2.0.0,BJ,1.6865,6.7725,0.733757174744898,0.266242825255102,0.0,,mappingafrica-256/images/BJ0359682_2020-12.tif,mappingafrica-256/labels/BJ0359682_33227_2020-12.tif,test
BW0031633,mappingafrica,v2.0.0,BW,21.9065,-18.2975,0.6578244579081632,0.3421755420918367,0.0,,mappingafrica-256/images/BW0031633_2022-06.tif,mappingafrica-256/labels/BW0031633_21544_2022-06.tif,train
BW0070264,mappingafrica,v2.0.0,BW,25.5165,-18.5175,1.0,0.0,0.0,,mappingafrica-256/images/BW0070264_2018-08.tif,mappingafrica-256/labels/BW0070264_26931_2018-08.tif,validate
BW0519251,mappingafrica,v2.0.0,BW,26.9015,-20.5775,0.2989078443877551,0.7010921556122449,0.0,,mappingafrica-256/images/BW0519251_2020-07.tif,mappingafrica-256/labels/BW0519251_21547_2020-07.tif,train
BW0522047,mappingafrica,v2.0.0,BW,27.4415,-20.5875,0.1463249362244898,0.8536750637755102,0.0,,mappingafrica-256/images/BW0522047_2022-06.tif,mappingafrica-256/labels/BW0522047_12744_2022-06.tif,test
BW0731172,mappingafrica,v2.0.0,BW,27.3215,-21.3625,0.0193917410714285,0.9806082589285716,0.0,,mappingafrica-256/images/BW0731172_2022-06.tif,mappingafrica-256/labels/BW0731172_28388_2022-06.tif,test
BW0887026,mappingafrica,v2.0.0,BW,27.8665,-21.8875,0.2135682397959183,0.7864317602040817,0.0,,mappingafrica-256/images/BW0887026_2021-06.tif,mappingafrica-256/labels/BW0887026_19865_2021-06.tif,train
BW1574957,mappingafrica,v2.0.0,BW,26.3615,-24.0525,0.4975884885204081,0.502411511479592,0.0,,mappingafrica-256/images/BW1574957_2019-08.tif,mappingafrica-256/labels/BW1574957_41040_2019-08.tif,train
BW1754516,mappingafrica,v2.0.0,BW,24.8115,-24.7325,0.9744897959183674,0.0255102040816326,0.0,,mappingafrica-256/images/BW1754516_2021-07.tif,mappingafrica-256/labels/BW1754516_21552_2021-07.tif,test
CD0442990,mappingafrica,v2.0.0,CD,23.8915,3.7725,0.0454799107142857,0.9545200892857144,0.0,,mappingafrica-256/images/CD0442990_2021-04.tif,mappingafrica-256/labels/CD0442990_38558_2021-04.tif,test
CD0457360,mappingafrica,v2.0.0,CD,23.8415,3.74250000000001,0.2449178890306122,0.7550821109693878,0.0,,mappingafrica-256/images/CD0457360_2017-02.tif,mappingafrica-256/labels/CD0457360_10465_2017-02.tif,train
CD0483567,mappingafrica,v2.0.0,CD,23.0065,3.68750000000001,0.0506816007653061,0.949318399234694,0.0,,mappingafrica-256/images/CD0483567_2021-03.tif,mappingafrica-256/labels/CD0483567_3988_2021-03.tif,train
CD0641101,mappingafrica,v2.0.0,CD,30.4665,3.36750000000001,0.6574657206632653,0.3425342793367347,0.0,,mappingafrica-256/images/CD0641101_2018-02.tif,mappingafrica-256/labels/CD0641101_8321_2018-02.tif,validate
CD0641652,mappingafrica,v2.0.0,CD,20.9515,3.3625,0.1147560586734693,0.8852439413265307,0.0,,mappingafrica-256/images/CD0641652_2019-02.tif,mappingafrica-256/labels/CD0641652_2554_2019-02.tif,train
CD0663217,mappingafrica,v2.0.0,CD,30.8115,3.32250000000001,0.1927614795918367,0.8072385204081634,0.0,,mappingafrica-256/images/CD0663217_2019-02.tif,mappingafrica-256/labels/CD0663217_4132_2019-02.tif,train
CD0689049,mappingafrica,v2.0.0,CD,25.4565,3.26750000000001,0.0628388073979591,0.9371611926020408,0.0,,mappingafrica-256/images/CD0689049_2020-02.tif,mappingafrica-256/labels/CD0689049_12037_2020-02.tif,test
CD0700228,mappingafrica,v2.0.0,CD,20.3765,3.2425,0.3250956632653061,0.6749043367346939,0.0,,mappingafrica-256/images/CD0700228_2018-02.tif,mappingafrica-256/labels/CD0700228_30647_2018-02.tif,train
CD0821965,mappingafrica,v2.0.0,CD,30.7615,2.9975,0.5420320471938775,0.4579679528061224,0.0,,mappingafrica-256/images/CD0821965_2020-02.tif,mappingafrica-256/labels/CD0821965_3992_2020-02.tif,test
CD0834238,mappingafrica,v2.0.0,CD,30.4615,2.9725,0.8997329400510204,0.1002670599489795,0.0,,mappingafrica-256/images/CD0834238_2019-02.tif,mappingafrica-256/labels/CD0834238_38318_2019-02.tif,train
CD0841936,mappingafrica,v2.0.0,CD,19.4665,2.9525,0.2178930165816326,0.7821069834183674,0.0,,mappingafrica-256/images/CD0841936_2019-02.tif,mappingafrica-256/labels/CD0841936_33720_2019-02.tif,validate
CD0842226,mappingafrica,v2.0.0,CD,20.9165,2.9525,0.028938137755102,0.971061862244898,0.0,,mappingafrica-256/images/CD0842226_2023-03.tif,mappingafrica-256/labels/CD0842226_26938_2023-03.tif,train
CD0889746,mappingafrica,v2.0.0,CD,22.5315,2.8575,0.0541095344387755,0.9458904655612244,0.0,,mappingafrica-256/images/CD0889746_2023-04.tif,mappingafrica-256/labels/CD0889746_30503_2023-04.tif,train
CD0960997,mappingafrica,v1.3.0,CD,18.4515,2.71250000000001,0.2755899234693877,0.7244100765306123,0.0,,mappingafrica-256/images/CD0960997_2019-01.tif,mappingafrica-256/labels/CD0960997_900040_2019-01.tif,train
CD0993381,mappingafrica,v2.0.0,CD,18.8365,2.64750000000001,0.0638950892857142,0.9361049107142858,0.0,,mappingafrica-256/images/CD0993381_2021-03.tif,mappingafrica-256/labels/CD0993381_11571_2021-03.tif,train
CD0995737,mappingafrica,v2.0.0,CD,30.6165,2.64750000000001,0.3586375956632653,0.6413624043367347,0.0,,mappingafrica-256/images/CD0995737_2020-02.tif,mappingafrica-256/labels/CD0995737_7241_2020-02.tif,train
CD1048744,mappingafrica,v2.0.0,CD,21.8515,2.5375,0.0316286670918367,0.9683713329081634,0.0,,mappingafrica-256/images/CD1048744_2020-02.tif,mappingafrica-256/labels/CD1048744_17810_2020-02.tif,train
CD1070800,mappingafrica,v2.0.0,CD,19.4965,2.4925,0.1379942602040816,0.8620057397959184,0.0,,mappingafrica-256/images/CD1070800_2021-04.tif,mappingafrica-256/labels/CD1070800_19941_2021-04.tif,train
CD1098095,mappingafrica,v1.3.0,CD,18.2565,2.43750000000001,0.111148756377551,0.8888512436224489,0.0,,mappingafrica-256/images/CD1098095_2019-01.tif,mappingafrica-256/labels/CD1098095_900045_2019-01.tif,validate
CD1121612,mappingafrica,v2.0.0,CD,22.2715,2.39250000000001,0.3397241709183674,0.6602758290816326,0.0,,mappingafrica-256/images/CD1121612_2021-03.tif,mappingafrica-256/labels/CD1121612_6217_2021-03.tif,train
CD1131443,mappingafrica,v2.0.0,CD,20.4965,2.3725,0.0143893494897959,0.985610650510204,0.0,,mappingafrica-256/images/CD1131443_2017-02.tif,mappingafrica-256/labels/CD1131443_17811_2017-02.tif,train
CD1139473,mappingafrica,v2.0.0,CD,22.3365,2.3575,0.3268694196428571,0.6731305803571429,0.0,,mappingafrica-256/images/CD1139473_2019-02.tif,mappingafrica-256/labels/CD1139473_3995_2019-02.tif,train
CD1199107,mappingafrica,v2.0.0,CD,22.4115,2.24250000000001,0.5691964285714286,0.4308035714285714,0.0,,mappingafrica-256/images/CD1199107_2021-03.tif,mappingafrica-256/labels/CD1199107_6218_2021-03.tif,train
CD1205979,mappingafrica,v2.0.0,CD,30.5565,2.2325,0.6413225446428571,0.3586774553571429,0.0,,mappingafrica-256/images/CD1205979_2021-12.tif,mappingafrica-256/labels/CD1205979_30218_2021-12.tif,test
CD1298309,mappingafrica,v2.0.0,CD,30.8265,2.0575,0.1491549744897959,0.8508450255102041,0.0,,mappingafrica-256/images/CD1298309_2021-12.tif,mappingafrica-256/labels/CD1298309_3131_2021-12.tif,train
CD1301006,mappingafrica,v2.0.0,CD,31.1165,2.0525,0.0487284757653061,0.951271524234694,0.0,,mappingafrica-256/images/CD1301006_2018-08.tif,mappingafrica-256/labels/CD1301006_11575_2018-08.tif,train
CD1340454,mappingafrica,v2.0.0,CD,30.8815,1.97750000000001,0.0573979591836734,0.9426020408163266,0.0,,mappingafrica-256/images/CD1340454_2019-08.tif,mappingafrica-256/labels/CD1340454_17813_2019-08.tif,test
CD1361350,mappingafrica,v2.0.0,CD,30.5115,1.93750000000001,0.0279217155612244,0.9720782844387756,0.0,,mappingafrica-256/images/CD1361350_2020-10.tif,mappingafrica-256/labels/CD1361350_17814_2020-10.tif,train
CD1478501,mappingafrica,v2.0.0,CD,30.5465,1.7125,0.1359414859693877,0.8640585140306123,0.0,,mappingafrica-256/images/CD1478501_2023-10.tif,mappingafrica-256/labels/CD1478501_33067_2023-10.tif,train
CD1603436,mappingafrica,v2.0.0,CD,30.3115,1.4675,0.2793765943877551,0.7206234056122449,0.0,,mappingafrica-256/images/CD1603436_2021-05.tif,mappingafrica-256/labels/CD1603436_21608_2021-05.tif,train
CD2132586,mappingafrica,v2.0.0,CD,24.6765,0.3875,0.1289461096938775,0.8710538903061225,0.0,,mappingafrica-256/images/CD2132586_2023-11.tif,mappingafrica-256/labels/CD2132586_29803_2023-11.tif,train
CD2466340,mappingafrica,v2.0.0,CD,29.1815,-0.3075,0.7352120535714286,0.2647879464285714,0.0,,mappingafrica-256/images/CD2466340_2019-08.tif,mappingafrica-256/labels/CD2466340_28452_2019-08.tif,train
CD2624101,mappingafrica,v2.0.0,CD,29.1665,-0.6375,0.6095543686224489,0.390445631377551,0.0,,mappingafrica-256/images/CD2624101_2019-08.tif,mappingafrica-256/labels/CD2624101_21620_2019-08.tif,train
CD2774190,mappingafrica,v2.0.0,CD,29.0865,-0.9475,0.1672313456632653,0.8327686543367347,0.0,,mappingafrica-256/images/CD2774190_2019-08.tif,mappingafrica-256/labels/CD2774190_35336_2019-08.tif,train
CD2833263,mappingafrica,v2.0.0,CD,29.1665,-1.0675,0.0995495854591836,0.9004504145408164,0.0,,mappingafrica-256/images/CD2833263_2017-08.tif,mappingafrica-256/labels/CD2833263_21626_2017-08.tif,train
CD2934233,mappingafrica,v2.0.0,CD,29.1165,-1.2675,0.5157246492346939,0.4842753507653061,0.0,,mappingafrica-256/images/CD2934233_2023-10.tif,mappingafrica-256/labels/CD2934233_36731_2023-10.tif,train
CD3515543,mappingafrica,v2.0.0,CD,28.5365,-2.4075,0.7500398596938775,0.2499601403061224,0.0,,mappingafrica-256/images/CD3515543_2022-11.tif,mappingafrica-256/labels/CD3515543_38450_2022-11.tif,validate
CD3660049,mappingafrica,v2.0.0,CD,28.9115,-2.6925,0.3809390943877551,0.6190609056122449,0.0,,mappingafrica-256/images/CD3660049_2022-11.tif,mappingafrica-256/labels/CD3660049_2038_2022-11.tif,train
CD3746630,mappingafrica,v2.0.0,CD,26.0765,-2.8625,0.0651307397959183,0.9348692602040816,0.0,,mappingafrica-256/images/CD3746630_2021-05.tif,mappingafrica-256/labels/CD3746630_36130_2021-05.tif,train
CD3839841,mappingafrica,v2.0.0,CD,25.9715,-3.0425,0.7068718112244898,0.2931281887755101,0.0,,mappingafrica-256/images/CD3839841_2023-10.tif,mappingafrica-256/labels/CD3839841_35915_2023-10.tif,train
CD4300862,mappingafrica,v2.0.0,CD,19.1765,-3.92249999999999,0.2010722257653061,0.7989277742346939,0.0,,mappingafrica-256/images/CD4300862_2018-08.tif,mappingafrica-256/labels/CD4300862_16883_2018-08.tif,train
CD4445656,mappingafrica,v2.0.0,CD,16.3015,-4.1875,0.2312460140306122,0.7687539859693878,0.0,,mappingafrica-256/images/CD4445656_2017-08.tif,mappingafrica-256/labels/CD4445656_35093_2017-08.tif,test
CD4453890,mappingafrica,v2.0.0,CD,15.8265,-4.20249999999999,0.6895328443877551,0.3104671556122449,0.0,,mappingafrica-256/images/CD4453890_2018-08.tif,mappingafrica-256/labels/CD4453890_8328_2018-08.tif,train
CD4476176,mappingafrica,v2.0.0,CD,16.0865,-4.2425,0.4814453125,0.5185546875,0.0,,mappingafrica-256/images/CD4476176_2019-08.tif,mappingafrica-256/labels/CD4476176_28421_2019-08.tif,train
CD4496570,mappingafrica,v2.0.0,CD,20.5615,-4.2775,0.5888871173469388,0.4111128826530612,0.0,,mappingafrica-256/images/CD4496570_2022-06.tif,mappingafrica-256/labels/CD4496570_21660_2022-06.tif,validate
CD4521894,mappingafrica,v2.0.0,CD,19.7015,-4.3225,0.2008529974489795,0.7991470025510206,0.0,,mappingafrica-256/images/CD4521894_2019-08.tif,mappingafrica-256/labels/CD4521894_39318_2019-08.tif,train
CD4543985,mappingafrica,v2.0.0,CD,15.5215,-4.3625,0.4276347257653061,0.5723652742346939,0.0,,mappingafrica-256/images/CD4543985_2017-08.tif,mappingafrica-256/labels/CD4543985_21662_2017-08.tif,train
CD4582693,mappingafrica,v2.0.0,CD,20.0715,-4.4275,0.144790338010204,0.855209661989796,0.0,,mappingafrica-256/images/CD4582693_2022-10.tif,mappingafrica-256/labels/CD4582693_32273_2022-10.tif,train
CD4647473,mappingafrica,v2.0.0,CD,16.1165,-4.5375,0.8022361288265306,0.1977638711734693,0.0,,mappingafrica-256/images/CD4647473_2023-06.tif,mappingafrica-256/labels/CD4647473_31777_2023-06.tif,validate
CD4757877,mappingafrica,v2.0.0,CD,21.5665,-4.71749999999999,0.001953125,0.998046875,0.0,,mappingafrica-256/images/CD4757877_2021-10.tif,mappingafrica-256/labels/CD4757877_20673_2021-10.tif,train
CD4792299,mappingafrica,v2.0.0,CD,21.9015,-4.7725,0.1267139668367347,0.8732860331632653,0.0,,mappingafrica-256/images/CD4792299_2019-08.tif,mappingafrica-256/labels/CD4792299_36176_2019-08.tif,train
CD4914639,mappingafrica,v2.0.0,CD,16.0165,-4.9625,0.25390625,0.74609375,0.0,,mappingafrica-256/images/CD4914639_2020-10.tif,mappingafrica-256/labels/CD4914639_21675_2020-10.tif,train
CD5069621,mappingafrica,v2.0.0,CD,15.1415,-5.1925,0.1700414540816326,0.8299585459183674,0.0,,mappingafrica-256/images/CD5069621_2023-10.tif,mappingafrica-256/labels/CD5069621_37425_2023-10.tif,train
CD5246936,mappingafrica,v2.0.0,CD,19.4065,-5.4525,0.0138711734693877,0.9861288265306124,0.0,,mappingafrica-256/images/CD5246936_2023-10.tif,mappingafrica-256/labels/CD5246936_37158_2023-10.tif,train
CD5308104,mappingafrica,v2.0.0,CD,18.6365,-5.5425,0.7714445153061225,0.2285554846938775,0.0,,mappingafrica-256/images/CD5308104_2020-11.tif,mappingafrica-256/labels/CD5308104_2634_2020-11.tif,train
CD5342439,mappingafrica,v2.0.0,CD,19.7615,-5.59249999999999,0.6243622448979592,0.3756377551020408,0.0,,mappingafrica-256/images/CD5342439_2021-11.tif,mappingafrica-256/labels/CD5342439_4011_2021-11.tif,train
CD5355174,mappingafrica,v2.0.0,CD,15.1865,-5.6125,0.5102439413265306,0.4897560586734694,0.0,,mappingafrica-256/images/CD5355174_2017-08.tif,mappingafrica-256/labels/CD5355174_31003_2017-08.tif,train
CD5355971,mappingafrica,v2.0.0,CD,19.1715,-5.6125,0.5538305165816326,0.4461694834183674,0.0,,mappingafrica-256/images/CD5355971_2021-11.tif,mappingafrica-256/labels/CD5355971_29457_2021-11.tif,train
CD5420854,mappingafrica,v2.0.0,CD,19.1815,-5.7075,0.26953125,0.73046875,0.0,,mappingafrica-256/images/CD5420854_2020-11.tif,mappingafrica-256/labels/CD5420854_4013_2020-11.tif,train
CD5575214,mappingafrica,v2.0.0,CD,25.0065,-5.9425,0.5655293367346939,0.4344706632653061,0.0,,mappingafrica-256/images/CD5575214_2022-11.tif,mappingafrica-256/labels/CD5575214_41090_2022-11.tif,validate
CD5613404,mappingafrica,v2.0.0,CD,29.1265,-6.0125,0.1153738839285714,0.8846261160714286,0.0,,mappingafrica-256/images/CD5613404_2022-11.tif,mappingafrica-256/labels/CD5613404_4016_2022-11.tif,train
CD5698123,mappingafrica,v2.0.0,CD,24.9565,-6.1775,0.2126116071428571,0.7873883928571429,0.0,,mappingafrica-256/images/CD5698123_2021-10.tif,mappingafrica-256/labels/CD5698123_5136_2021-10.tif,train
CD5710651,mappingafrica,v2.0.0,CD,23.3115,-6.20249999999999,0.093211894132653,0.906788105867347,0.0,,mappingafrica-256/images/CD5710651_2017-08.tif,mappingafrica-256/labels/CD5710651_5137_2017-08.tif,train
CD5806220,mappingafrica,v2.0.0,CD,23.9765,-6.3875,0.1982820471938775,0.8017179528061225,0.0,,mappingafrica-256/images/CD5806220_2022-10.tif,mappingafrica-256/labels/CD5806220_12766_2022-10.tif,validate
CD5858026,mappingafrica,v2.0.0,CD,23.9715,-6.4875,0.6992785395408163,0.3007214604591837,0.0,,mappingafrica-256/images/CD5858026_2020-10.tif,mappingafrica-256/labels/CD5858026_7262_2020-10.tif,train
CD5883988,mappingafrica,v2.0.0,CD,24.0565,-6.5375,0.2674585459183674,0.7325414540816326,0.0,,mappingafrica-256/images/CD5883988_2020-10.tif,mappingafrica-256/labels/CD5883988_21813_2020-10.tif,train
CD6051102,mappingafrica,v2.0.0,CD,22.1965,-6.8575,0.1150948660714285,0.8849051339285715,0.0,,mappingafrica-256/images/CD6051102_2017-08.tif,mappingafrica-256/labels/CD6051102_19883_2017-08.tif,train
CD6219085,mappingafrica,v2.0.0,CD,29.7965,-7.18749999999999,0.232860331632653,0.767139668367347,0.0,,mappingafrica-256/images/CD6219085_2019-08.tif,mappingafrica-256/labels/CD6219085_14886_2019-08.tif,train
CD6596505,mappingafrica,v2.0.0,CD,26.6915,-8.0525,0.0562220982142857,0.9437779017857144,0.0,,mappingafrica-256/images/CD6596505_2019-08.tif,mappingafrica-256/labels/CD6596505_8339_2019-08.tif,train
CD6631426,mappingafrica,v2.0.0,CD,26.4415,-8.14749999999999,0.4023038903061224,0.5976961096938775,0.0,,mappingafrica-256/images/CD6631426_2020-11.tif,mappingafrica-256/labels/CD6631426_2643_2020-11.tif,train
CD6730183,mappingafrica,v2.0.0,CD,26.8165,-8.4475,0.0821308992346938,0.917869100765306,0.0,,mappingafrica-256/images/CD6730183_2021-10.tif,mappingafrica-256/labels/CD6730183_32951_2021-10.tif,train
CD6928529,mappingafrica,v2.0.0,CD,25.8415,-9.16249999999999,0.7407525510204082,0.2592474489795918,0.0,,mappingafrica-256/images/CD6928529_2018-08.tif,mappingafrica-256/labels/CD6928529_6232_2018-08.tif,train
CD6951370,mappingafrica,v2.0.0,CD,28.1765,-9.2475,0.0339006696428571,0.9660993303571428,0.0,,mappingafrica-256/images/CD6951370_2018-08.tif,mappingafrica-256/labels/CD6951370_15879_2018-08.tif,train
CD7335342,mappingafrica,v2.0.0,CD,26.1615,-10.7275,0.1001674107142857,0.8998325892857143,0.0,,mappingafrica-256/images/CD7335342_2022-06.tif,mappingafrica-256/labels/CD7335342_10498_2022-06.tif,validate
CD7384681,mappingafrica,v2.0.0,CD,26.8615,-10.9225,0.0938097895408163,0.9061902104591836,0.0,,mappingafrica-256/images/CD7384681_2019-08.tif,mappingafrica-256/labels/CD7384681_18825_2019-08.tif,train
CD7385887,mappingafrica,v2.0.0,CD,26.7115,-10.9275,0.0202287946428571,0.9797712053571428,0.0,,mappingafrica-256/images/CD7385887_2022-06.tif,mappingafrica-256/labels/CD7385887_17833_2022-06.tif,validate
CD7419656,mappingafrica,v2.0.0,CD,27.0165,-11.0775,0.5874920280612245,0.4125079719387755,0.0,,mappingafrica-256/images/CD7419656_2020-07.tif,mappingafrica-256/labels/CD7419656_11627_2020-07.tif,train
CD7420597,mappingafrica,v2.0.0,CD,26.8065,-11.0825,0.1690449617346938,0.8309550382653061,0.0,,mappingafrica-256/images/CD7420597_2022-06.tif,mappingafrica-256/labels/CD7420597_6236_2022-06.tif,train
CD7489001,mappingafrica,v2.0.0,CD,27.4065,-11.5475,0.0426698022959183,0.9573301977040816,0.0,,mappingafrica-256/images/CD7489001_2017-08.tif,mappingafrica-256/labels/CD7489001_14890_2017-08.tif,train
CD7563353,mappingafrica,v2.0.0,CD,29.4565,-12.5525,0.3768933354591837,0.6231066645408163,0.0,,mappingafrica-256/images/CD7563353_2020-02.tif,mappingafrica-256/labels/CD7563353_21985_2020-02.tif,train
CF0175626,mappingafrica,v2.0.0,CF,20.7615,8.9875,0.3622050382653061,0.6377949617346939,0.0,,mappingafrica-256/images/CF0175626_2018-02.tif,mappingafrica-256/labels/CF0175626_3599_2018-02.tif,train
CG0001438,mappingafrica,v1.3.0,CG,17.4265,3.5975,0.0567402742346938,0.943259725765306,0.0,,mappingafrica-256/images/CG0001438_2022-09.tif,mappingafrica-256/labels/CG0001438_900057_2022-09.tif,train
CG0002375,mappingafrica,v1.3.0,CG,17.5165,3.57250000000001,0.027164381377551,0.972835618622449,0.0,,mappingafrica-256/images/CG0002375_2022-09.tif,mappingafrica-256/labels/CG0002375_900067_2022-09.tif,train
CG0003757,mappingafrica,v1.3.0,CG,17.5865,3.54750000000001,0.0147480867346938,0.985251913265306,0.0,,mappingafrica-256/images/CG0003757_2022-09.tif,mappingafrica-256/labels/CG0003757_900073_2022-09.tif,validate
CG0010373,mappingafrica,v1.3.0,CG,18.5315,3.46250000000001,0.0109813456632653,0.9890186543367347,0.0,,mappingafrica-256/images/CG0010373_2022-09.tif,mappingafrica-256/labels/CG0010373_900090_2022-09.tif,train
CG0010641,mappingafrica,v1.3.0,CG,17.8265,3.4575,0.0085897640306122,0.9914102359693878,0.0,,mappingafrica-256/images/CG0010641_2022-09.tif,mappingafrica-256/labels/CG0010641_900091_2022-09.tif,test
CG0011287,mappingafrica,v1.3.0,CG,16.9615,3.44750000000001,0.0040058992346938,0.995994100765306,0.0,,mappingafrica-256/images/CG0011287_2022-09.tif,mappingafrica-256/labels/CG0011287_900094_2022-09.tif,train
CG0012791,mappingafrica,v1.3.0,CG,18.3165,3.4325,0.0160833864795918,0.9839166135204082,0.0,,mappingafrica-256/images/CG0012791_2022-09.tif,mappingafrica-256/labels/CG0012791_900099_2022-09.tif,validate
CG0013675,mappingafrica,v1.3.0,CG,18.6215,3.42250000000001,0.0411949936224489,0.9588050063775512,0.0,,mappingafrica-256/images/CG0013675_2022-09.tif,mappingafrica-256/labels/CG0013675_900101_2022-09.tif,train
CG0018870,mappingafrica,v1.3.0,CG,17.8865,3.3575,0.0081513073979591,0.9918486926020408,0.0,,mappingafrica-256/images/CG0018870_2022-09.tif,mappingafrica-256/labels/CG0018870_900112_2022-09.tif,train
CG0037871,mappingafrica,v1.3.0,CG,18.5415,3.13250000000001,0.2069714604591837,0.7930285395408163,0.0,,mappingafrica-256/images/CG0037871_2022-09.tif,mappingafrica-256/labels/CG0037871_900126_2022-09.tif,test
CG0049030,mappingafrica,v1.3.0,CG,17.4965,2.99250000000001,0.005500637755102,0.994499362244898,0.0,,mappingafrica-256/images/CG0049030_2022-09.tif,mappingafrica-256/labels/CG0049030_900141_2022-09.tif,test
CG0092598,mappingafrica,v1.3.0,CG,18.1265,2.4325,0.0142299107142857,0.9857700892857144,0.0,,mappingafrica-256/images/CG0092598_2022-09.tif,mappingafrica-256/labels/CG0092598_900168_2022-09.tif,train
CG0093631,mappingafrica,v1.3.0,CG,17.5315,2.4175,0.0131536989795918,0.9868463010204082,0.0,,mappingafrica-256/images/CG0093631_2022-09.tif,mappingafrica-256/labels/CG0093631_900171_2022-09.tif,train
CG0108568,mappingafrica,v1.3.0,CG,17.6015,2.2225,0.0097058354591836,0.9902941645408164,0.0,,mappingafrica-256/images/CG0108568_2022-09.tif,mappingafrica-256/labels/CG0108568_900189_2022-09.tif,train
CG0127443,mappingafrica,v1.3.0,CG,18.0565,2.0675,0.2698501275510204,0.7301498724489797,0.0,,mappingafrica-256/images/CG0127443_2019-01.tif,mappingafrica-256/labels/CG0127443_900197_2019-01.tif,train
CG0142867,mappingafrica,v1.3.0,CG,18.0415,1.9675,0.0086495535714285,0.9913504464285716,0.0,,mappingafrica-256/images/CG0142867_2019-01.tif,mappingafrica-256/labels/CG0142867_900201_2019-01.tif,validate
CG0143573,mappingafrica,v1.3.0,CG,17.3515,1.96250000000001,0.021922831632653,0.978077168367347,0.0,,mappingafrica-256/images/CG0143573_2022-09.tif,mappingafrica-256/labels/CG0143573_900202_2022-09.tif,train
CG0169033,mappingafrica,v1.3.0,CG,18.0115,1.82250000000001,0.0293168048469387,0.9706831951530612,0.0,,mappingafrica-256/images/CG0169033_2022-09.tif,mappingafrica-256/labels/CG0169033_900209_2022-09.tif,test
CG0184962,mappingafrica,v1.3.0,CG,18.0015,1.7375,0.0586535395408163,0.9413464604591836,0.0,,mappingafrica-256/images/CG0184962_2022-09.tif,mappingafrica-256/labels/CG0184962_900211_2022-09.tif,train
CG0190525,mappingafrica,v1.3.0,CG,17.0015,1.7075,0.0243542729591836,0.9756457270408164,0.0,,mappingafrica-256/images/CG0190525_2022-09.tif,mappingafrica-256/labels/CG0190525_900215_2022-09.tif,train
CG0192661,mappingafrica,v1.3.0,CG,18.0265,1.69750000000001,0.0614437181122448,0.9385562818877552,0.0,,mappingafrica-256/images/CG0192661_2022-09.tif,mappingafrica-256/labels/CG0192661_900218_2022-09.tif,test
CG0194413,mappingafrica,v1.3.0,CG,17.0415,1.68750000000001,0.1334502551020408,0.8665497448979592,0.0,,mappingafrica-256/images/CG0194413_2022-09.tif,mappingafrica-256/labels/CG0194413_900221_2022-09.tif,train
CG0231824,mappingafrica,v1.3.0,CG,17.6565,1.4975,0.0809550382653061,0.919044961734694,0.0,,mappingafrica-256/images/CG0231824_2022-09.tif,mappingafrica-256/labels/CG0231824_900239_2022-09.tif,validate
CG0240489,mappingafrica,v1.3.0,CG,17.6365,1.45250000000001,0.0067362882653061,0.993263711734694,0.0,,mappingafrica-256/images/CG0240489_2019-01.tif,mappingafrica-256/labels/CG0240489_900241_2019-01.tif,train
CG0293602,mappingafrica,v1.3.0,CG,17.3215,1.11750000000001,0.1419204400510204,0.8580795599489797,0.0,,mappingafrica-256/images/CG0293602_2019-01.tif,mappingafrica-256/labels/CG0293602_900259_2019-01.tif,train
CG0302078,mappingafrica,v1.3.0,CG,17.8265,1.0575,0.0530931122448979,0.946906887755102,0.0,,mappingafrica-256/images/CG0302078_2022-09.tif,mappingafrica-256/labels/CG0302078_900261_2022-09.tif,validate
CG0306768,mappingafrica,v1.3.0,CG,17.1565,1.02250000000001,0.0246332908163265,0.9753667091836736,0.0,,mappingafrica-256/images/CG0306768_2022-09.tif,mappingafrica-256/labels/CG0306768_900265_2022-09.tif,train
CG0335316,mappingafrica,v1.3.0,CG,17.8565,0.812500000000007,0.0501434948979591,0.9498565051020408,0.0,,mappingafrica-256/images/CG0335316_2022-09.tif,mappingafrica-256/labels/CG0335316_900271_2022-09.tif,train
CG0438372,mappingafrica,v1.3.0,CG,15.5665,0.122500000000002,0.0323062818877551,0.9676937181122448,0.0,,mappingafrica-256/images/CG0438372_2022-09.tif,mappingafrica-256/labels/CG0438372_900286_2022-09.tif,validate
CG0457666,mappingafrica,v1.3.0,CG,16.3615,-0.0024999999999977,0.0834064094387755,0.9165935905612244,0.0,,mappingafrica-256/images/CG0457666_2022-09.tif,mappingafrica-256/labels/CG0457666_900304_2022-09.tif,train
CG0462085,mappingafrica,v1.3.0,CG,15.5115,-0.0324999999999918,0.1446308992346938,0.8553691007653061,0.0,,mappingafrica-256/images/CG0462085_2022-09.tif,mappingafrica-256/labels/CG0462085_900308_2022-09.tif,validate
CG0502741,mappingafrica,v1.3.0,CG,15.7715,-0.302499999999995,0.1054288903061224,0.8945711096938775,0.0,,mappingafrica-256/images/CG0502741_2022-09.tif,mappingafrica-256/labels/CG0502741_900330_2022-09.tif,train
CG0517395,mappingafrica,v1.3.0,CG,17.6865,-0.402499999999996,0.0278220663265306,0.9721779336734694,0.0,,mappingafrica-256/images/CG0517395_2019-01.tif,mappingafrica-256/labels/CG0517395_900346_2019-01.tif,train
CG0535612,mappingafrica,v1.3.0,CG,17.6265,-0.537499999999994,0.0669044961734693,0.9330955038265308,0.0,,mappingafrica-256/images/CG0535612_2022-09.tif,mappingafrica-256/labels/CG0535612_900353_2022-09.tif,test
CG0541074,mappingafrica,v1.3.0,CG,15.8915,-0.582499999999996,0.140884088010204,0.859115911989796,0.0,,mappingafrica-256/images/CG0541074_2022-09.tif,mappingafrica-256/labels/CG0541074_900356_2022-09.tif,train
CG0570216,mappingafrica,v1.3.0,CG,15.2515,-0.817499999999996,0.0215043048469387,0.9784956951530612,0.0,,mappingafrica-256/images/CG0570216_2022-09.tif,mappingafrica-256/labels/CG0570216_900364_2022-09.tif,test
CG0605949,mappingafrica,v1.3.0,CG,15.3415,-1.1275,0.0260283801020408,0.9739716198979592,0.0,,mappingafrica-256/images/CG0605949_2022-09.tif,mappingafrica-256/labels/CG0605949_900378_2022-09.tif,train
CG0617893,mappingafrica,v1.3.0,CG,16.0015,-1.2475,0.0190728635204081,0.980927136479592,0.0,,mappingafrica-256/images/CG0617893_2022-09.tif,mappingafrica-256/labels/CG0617893_900384_2022-09.tif,test
CG0623977,mappingafrica,v1.3.0,CG,15.8965,-1.31249999999999,0.1761001275510204,0.8238998724489797,0.0,,mappingafrica-256/images/CG0623977_2022-09.tif,mappingafrica-256/labels/CG0623977_900389_2022-09.tif,test
CG0630417,mappingafrica,v1.3.0,CG,15.5465,-1.38249999999999,0.0179169323979591,0.9820830676020408,0.0,,mappingafrica-256/images/CG0630417_2022-09.tif,mappingafrica-256/labels/CG0630417_900400_2022-09.tif,train
CG0640006,mappingafrica,v1.3.0,CG,16.1665,-1.4875,0.0204081632653061,0.979591836734694,0.0,,mappingafrica-256/images/CG0640006_2019-01.tif,mappingafrica-256/labels/CG0640006_900410_2019-01.tif,train
CG0647947,mappingafrica,v1.3.0,CG,15.9665,-1.57749999999999,0.013133769132653,0.986866230867347,0.0,,mappingafrica-256/images/CG0647947_2022-09.tif,mappingafrica-256/labels/CG0647947_900432_2022-09.tif,test
CG0656414,mappingafrica,v1.3.0,CG,15.6115,-1.67249999999999,0.0292171556122449,0.9707828443877552,0.0,,mappingafrica-256/images/CG0656414_2022-09.tif,mappingafrica-256/labels/CG0656414_900449_2022-09.tif,train
CG0661675,mappingafrica,v1.3.0,CG,15.9115,-1.73249999999999,0.0675023915816326,0.9324976084183674,0.0,,mappingafrica-256/images/CG0661675_2022-09.tif,mappingafrica-256/labels/CG0661675_900455_2022-09.tif,train
CG0674619,mappingafrica,v1.3.0,CG,16.1265,-1.88249999999999,0.0656489158163265,0.9343510841836736,0.0,,mappingafrica-256/images/CG0674619_2022-09.tif,mappingafrica-256/labels/CG0674619_900463_2022-09.tif,test
CG0682031,mappingafrica,v1.3.0,CG,16.2165,-1.9575,0.1607940051020408,0.8392059948979592,0.0,,mappingafrica-256/images/CG0682031_2019-01.tif,mappingafrica-256/labels/CG0682031_900472_2019-01.tif,train
CG0682955,mappingafrica,v1.3.0,CG,15.7915,-1.96749999999999,0.5633769132653061,0.4366230867346938,0.0,,mappingafrica-256/images/CG0682955_2022-09.tif,mappingafrica-256/labels/CG0682955_900473_2022-09.tif,train
CG0689035,mappingafrica,v1.3.0,CG,15.8965,-2.0275,0.1105110012755102,0.8894889987244898,0.0,,mappingafrica-256/images/CG0689035_2022-09.tif,mappingafrica-256/labels/CG0689035_900479_2022-09.tif,train
CG0691515,mappingafrica,v1.3.0,CG,15.8615,-2.0525,0.1148357780612244,0.8851642219387756,0.0,,mappingafrica-256/images/CG0691515_2022-09.tif,mappingafrica-256/labels/CG0691515_900481_2022-09.tif,train
CG0693424,mappingafrica,v1.3.0,CG,15.6315,-2.0725,0.0046635841836734,0.9953364158163266,0.0,,mappingafrica-256/images/CG0693424_2022-09.tif,mappingafrica-256/labels/CG0693424_900483_2022-09.tif,train
CG0717524,mappingafrica,v1.3.0,CG,14.5865,-2.3075,0.3472775829081632,0.6527224170918369,0.0,,mappingafrica-256/images/CG0717524_2022-09.tif,mappingafrica-256/labels/CG0717524_900494_2022-09.tif,train
CG0730795,mappingafrica,v1.3.0,CG,14.5015,-2.41249999999999,0.4133250956632653,0.5866749043367347,0.0,,mappingafrica-256/images/CG0730795_2022-09.tif,mappingafrica-256/labels/CG0730795_900509_2022-09.tif,train
CG0731501,mappingafrica,v1.3.0,CG,14.4465,-2.4175,0.0219427614795918,0.9780572385204082,0.0,,mappingafrica-256/images/CG0731501_2022-09.tif,mappingafrica-256/labels/CG0731501_900511_2022-09.tif,test
CG0739949,mappingafrica,v1.3.0,CG,14.7065,-2.46749999999999,0.1870615433673469,0.8129384566326531,0.0,,mappingafrica-256/images/CG0739949_2022-09.tif,mappingafrica-256/labels/CG0739949_900521_2022-09.tif,train
CG0750146,mappingafrica,v1.3.0,CG,15.6465,-2.52249999999999,0.4866470025510204,0.5133529974489797,0.0,,mappingafrica-256/images/CG0750146_2022-09.tif,mappingafrica-256/labels/CG0750146_900548_2022-09.tif,test
CG0752905,mappingafrica,v1.3.0,CG,15.7515,-2.53749999999999,0.0013552295918367,0.9986447704081634,0.0,,mappingafrica-256/images/CG0752905_2022-09.tif,mappingafrica-256/labels/CG0752905_900555_2022-09.tif,test
CG0770202,mappingafrica,v1.3.0,CG,15.6415,-2.63249999999999,0.1329918686224489,0.8670081313775511,0.0,,mappingafrica-256/images/CG0770202_2022-09.tif,mappingafrica-256/labels/CG0770202_900574_2022-09.tif,validate
CG0771106,mappingafrica,v1.3.0,CG,15.6215,-2.6375,0.0947265625,0.9052734375,0.0,,mappingafrica-256/images/CG0771106_2022-09.tif,mappingafrica-256/labels/CG0771106_900575_2022-09.tif,test
CG0777454,mappingafrica,v1.3.0,CG,15.6515,-2.67249999999999,0.4856704400510204,0.5143295599489797,0.0,,mappingafrica-256/images/CG0777454_2022-09.tif,mappingafrica-256/labels/CG0777454_900590_2022-09.tif,train
CG0780137,mappingafrica,v1.3.0,CG,15.5015,-2.68749999999999,0.1581433354591837,0.8418566645408163,0.0,,mappingafrica-256/images/CG0780137_2022-09.tif,mappingafrica-256/labels/CG0780137_900594_2022-09.tif,validate
CG0787445,mappingafrica,v1.3.0,CG,15.5115,-2.72749999999999,0.1017418686224489,0.8982581313775511,0.0,,mappingafrica-256/images/CG0787445_2022-09.tif,mappingafrica-256/labels/CG0787445_900603_2022-09.tif,train
CG0788396,mappingafrica,v1.3.0,CG,15.7015,-2.73249999999999,0.7884646045918368,0.2115353954081632,0.0,,mappingafrica-256/images/CG0788396_2022-09.tif,mappingafrica-256/labels/CG0788396_900605_2022-09.tif,train
CG0844654,mappingafrica,v2.0.0,CG,15.8765,-3.0575,0.6478794642857143,0.3521205357142857,0.0,,mappingafrica-256/images/CG0844654_2022-06.tif,mappingafrica-256/labels/CG0844654_3171_2022-06.tif,train
CG0853817,mappingafrica,v2.0.0,CG,15.9965,-3.1125,0.4362244897959184,0.5637755102040816,0.0,,mappingafrica-256/images/CG0853817_2022-06.tif,mappingafrica-256/labels/CG0853817_1216_2022-06.tif,test
CG0908025,mappingafrica,v1.3.0,CG,15.3865,-3.43749999999999,0.2672592474489796,0.7327407525510203,0.0,,mappingafrica-256/images/CG0908025_2022-03.tif,mappingafrica-256/labels/CG0908025_900620_2022-03.tif,validate
CG0918065,mappingafrica,v1.3.0,CG,15.5565,-3.4975,0.0980149872448979,0.901985012755102,0.0,,mappingafrica-256/images/CG0918065_2022-03.tif,mappingafrica-256/labels/CG0918065_900634_2022-03.tif,train
CG0921419,mappingafrica,v1.3.0,CG,15.4615,-3.51749999999999,0.0772680165816326,0.9227319834183674,0.0,,mappingafrica-256/images/CG0921419_2022-03.tif,mappingafrica-256/labels/CG0921419_900636_2022-03.tif,train
CG0923123,mappingafrica,v1.3.0,CG,15.4665,-3.5275,0.0683195153061224,0.9316804846938777,0.0,,mappingafrica-256/images/CG0923123_2022-03.tif,mappingafrica-256/labels/CG0923123_900644_2022-03.tif,validate
CG0927388,mappingafrica,v1.3.0,CG,15.2615,-3.5525,0.1817203443877551,0.8182796556122449,0.0,,mappingafrica-256/images/CG0927388_2022-03.tif,mappingafrica-256/labels/CG0927388_900649_2022-03.tif,train
CG0935330,mappingafrica,v2.0.0,CG,15.6015,-3.5975,0.3195551658163265,0.6804448341836735,0.0,,mappingafrica-256/images/CG0935330_2018-08.tif,mappingafrica-256/labels/CG0935330_1227_2018-08.tif,train
CG0942461,mappingafrica,v1.3.0,CG,15.7815,-3.6375,0.1104312818877551,0.8895687181122449,0.0,,mappingafrica-256/images/CG0942461_2022-03.tif,mappingafrica-256/labels/CG0942461_900659_2022-03.tif,train
CG0943121,mappingafrica,v1.3.0,CG,14.6265,-3.64249999999999,0.0087691326530612,0.9912308673469388,0.0,,mappingafrica-256/images/CG0943121_2022-03.tif,mappingafrica-256/labels/CG0943121_900660_2022-03.tif,train
CG0955031,mappingafrica,v2.0.0,CG,15.4115,-3.7075,0.2420479910714285,0.7579520089285715,0.0,,mappingafrica-256/images/CG0955031_2021-10.tif,mappingafrica-256/labels/CG0955031_101303_2021-10.tif,train
CG0955084,mappingafrica,v2.0.0,CG,15.6765,-3.7075,0.7783801020408163,0.2216198979591837,0.0,,mappingafrica-256/images/CG0955084_2021-06.tif,mappingafrica-256/labels/CG0955084_16903_2021-06.tif,train
CG0956863,mappingafrica,v2.0.0,CG,15.3015,-3.71749999999999,0.1236447704081632,0.8763552295918368,0.0,,mappingafrica-256/images/CG0956863_2021-10.tif,mappingafrica-256/labels/CG0956863_10502_2021-10.tif,train
CG1037357,mappingafrica,v2.0.0,CG,15.2315,-4.1625,0.0848413584183673,0.9151586415816328,0.0,,mappingafrica-256/images/CG1037357_2017-08.tif,mappingafrica-256/labels/CG1037357_31967_2017-08.tif,train
CG1108102,mappingafrica,v1.3.0,CG,14.7015,-4.89749999999999,0.0188337053571428,0.9811662946428572,0.0,,mappingafrica-256/images/CG1108102_2022-03.tif,mappingafrica-256/labels/CG1108102_900693_2022-03.tif,train
CI0010836,mappingafrica,v2.0.0,CI,-5.2935,10.3125,0.5415736607142857,0.4584263392857143,0.0,,mappingafrica-256/images/CI0010836_2022-12.tif,mappingafrica-256/labels/CI0010836_7271_2022-12.tif,train
CI0011503,mappingafrica,v2.0.0,CI,-5.6435,10.3025,0.6352040816326531,0.3647959183673469,0.0,,mappingafrica-256/images/CI0011503_2019-02.tif,mappingafrica-256/labels/CI0011503_35761_2019-02.tif,validate
CI0012061,mappingafrica,v2.0.0,CI,-6.8735,10.2925,0.0863161670918367,0.9136838329081634,0.0,,mappingafrica-256/images/CI0012061_2020-12.tif,mappingafrica-256/labels/CI0012061_4031_2020-12.tif,train
CI0015551,mappingafrica,v2.0.0,CI,-5.4085,10.2525,0.8478555484693877,0.1521444515306123,0.0,,mappingafrica-256/images/CI0015551_2020-02.tif,mappingafrica-256/labels/CI0015551_5150_2020-02.tif,train
CI0023024,mappingafrica,v2.0.0,CI,-5.2035,10.1775,0.3762157206632653,0.6237842793367347,0.0,,mappingafrica-256/images/CI0023024_2022-12.tif,mappingafrica-256/labels/CI0023024_26826_2022-12.tif,train
CI0030008,mappingafrica,v2.0.0,CI,-5.1685,10.1175,0.2820073341836734,0.7179926658163266,0.0,,mappingafrica-256/images/CI0030008_2018-02.tif,mappingafrica-256/labels/CI0030008_21847_2018-02.tif,train
CI0030460,mappingafrica,v2.0.0,CI,-5.8585,10.1125,0.7125717474489796,0.2874282525510204,0.0,,mappingafrica-256/images/CI0030460_2021-12.tif,mappingafrica-256/labels/CI0030460_9444_2021-12.tif,train
CI0043845,mappingafrica,v2.0.0,CI,-6.6485,10.0025,0.5933115433673469,0.4066884566326531,0.0,,mappingafrica-256/images/CI0043845_2022-12.tif,mappingafrica-256/labels/CI0043845_17838_2022-12.tif,train
CI0050453,mappingafrica,v2.0.0,CI,-5.1885,9.9525,0.4784159757653061,0.5215840242346939,0.0,,mappingafrica-256/images/CI0050453_2022-12.tif,mappingafrica-256/labels/CI0050453_13846_2022-12.tif,train
CI0052351,mappingafrica,v2.0.0,CI,-5.4685,9.9375,0.1862643494897959,0.8137356505102041,0.0,,mappingafrica-256/images/CI0052351_2020-02.tif,mappingafrica-256/labels/CI0052351_21852_2020-02.tif,train
CI0061170,mappingafrica,v2.0.0,CI,-3.8735,9.8775,0.0247329400510204,0.9752670599489796,0.0,,mappingafrica-256/images/CI0061170_2023-12.tif,mappingafrica-256/labels/CI0061170_36745_2023-12.tif,train
CI0064217,mappingafrica,v2.0.0,CI,-5.5585,9.8575,0.2717434630102041,0.728256536989796,0.0,,mappingafrica-256/images/CI0064217_2019-02.tif,mappingafrica-256/labels/CI0064217_2448_2019-02.tif,train
CI0064830,mappingafrica,v2.0.0,CI,-6.5435,9.8525,0.3583984375,0.6416015625,0.0,,mappingafrica-256/images/CI0064830_2020-12.tif,mappingafrica-256/labels/CI0064830_31243_2020-12.tif,validate
CI0064838,mappingafrica,v2.0.0,CI,-6.5035,9.8525,0.2686543367346938,0.7313456632653061,0.0,,mappingafrica-256/images/CI0064838_2022-12.tif,mappingafrica-256/labels/CI0064838_3856_2022-12.tif,validate
CI0065094,mappingafrica,v2.0.0,CI,-5.2235,9.8525,0.1356026785714285,0.8643973214285715,0.0,,mappingafrica-256/images/CI0065094_2019-02.tif,mappingafrica-256/labels/CI0065094_39654_2019-02.tif,train
CI0065105,mappingafrica,v2.0.0,CI,-5.1685,9.8525,0.2192482461734693,0.7807517538265307,0.0,,mappingafrica-256/images/CI0065105_2022-12.tif,mappingafrica-256/labels/CI0065105_30831_2022-12.tif,train
CI0066448,mappingafrica,v2.0.0,CI,-6.6385,9.8425,0.6273915816326531,0.3726084183673469,0.0,,mappingafrica-256/images/CI0066448_2023-12.tif,mappingafrica-256/labels/CI0066448_29707_2023-12.tif,train
CI0075083,mappingafrica,v2.0.0,CI,-6.3685,9.7925,0.4215760522959184,0.5784239477040816,0.0,,mappingafrica-256/images/CI0075083_2020-12.tif,mappingafrica-256/labels/CI0075083_5153_2020-12.tif,train
CI0079714,mappingafrica,v2.0.0,CI,-5.2635,9.7675,0.1153938137755102,0.8846061862244898,0.0,,mappingafrica-256/images/CI0079714_2019-02.tif,mappingafrica-256/labels/CI0079714_8359_2019-02.tif,train
CI0090609,mappingafrica,v2.0.0,CI,-6.4235,9.7075,0.9870057397959184,0.0129942602040815,0.0,,mappingafrica-256/images/CI0090609_2023-12.tif,mappingafrica-256/labels/CI0090609_36622_2023-12.tif,train
CI0094632,mappingafrica,v2.0.0,CI,-5.6485,9.6875,0.5141302614795918,0.4858697385204081,0.0,,mappingafrica-256/images/CI0094632_2021-12.tif,mappingafrica-256/labels/CI0094632_102067_2021-12.tif,train
CI0119287,mappingafrica,v2.0.0,CI,-4.3435,9.5675,0.2057158801020408,0.7942841198979592,0.0,,mappingafrica-256/images/CI0119287_2018-02.tif,mappingafrica-256/labels/CI0119287_5154_2018-02.tif,train
CI0127351,mappingafrica,v2.0.0,CI,-5.9035,9.5275,0.6407047193877551,0.3592952806122449,0.0,,mappingafrica-256/images/CI0127351_2019-02.tif,mappingafrica-256/labels/CI0127351_16906_2019-02.tif,train
CI0130669,mappingafrica,v2.0.0,CI,-5.0385,9.5125,0.1976044323979592,0.8023955676020408,0.0,,mappingafrica-256/images/CI0130669_2020-02.tif,mappingafrica-256/labels/CI0130669_29128_2020-02.tif,train
CI0154226,mappingafrica,v2.0.0,CI,-3.1585,9.4025,0.1837731186224489,0.8162268813775511,0.0,,mappingafrica-256/images/CI0154226_2018-02.tif,mappingafrica-256/labels/CI0154226_21867_2018-02.tif,train
CI0155266,mappingafrica,v2.0.0,CI,-3.1285,9.3975,0.2579719387755102,0.7420280612244898,0.0,,mappingafrica-256/images/CI0155266_2021-12.tif,mappingafrica-256/labels/CI0155266_20343_2021-12.tif,train
CI0193688,mappingafrica,v2.0.0,CI,-3.1735,9.2125,0.1040537308673469,0.8959462691326531,0.0,,mappingafrica-256/images/CI0193688_2022-12.tif,mappingafrica-256/labels/CI0193688_21872_2022-12.tif,train
CI0194337,mappingafrica,v2.0.0,CI,-5.1385,9.2075,0.2963568239795918,0.7036431760204083,0.0,,mappingafrica-256/images/CI0194337_2019-02.tif,mappingafrica-256/labels/CI0194337_677_2019-02.tif,train
CI0217458,mappingafrica,v2.0.0,CI,-6.4635,9.0925,0.7202048788265306,0.2797951211734694,0.0,,mappingafrica-256/images/CI0217458_2019-02.tif,mappingafrica-256/labels/CI0217458_1890_2019-02.tif,train
CI0250701,mappingafrica,v2.0.0,CI,-5.3335,8.93250000000001,0.5433872767857143,0.4566127232142857,0.0,,mappingafrica-256/images/CI0250701_2017-02.tif,mappingafrica-256/labels/CI0250701_7281_2017-02.tif,train
CI0251233,mappingafrica,v1.3.0,CI,-2.6735,8.93250000000001,0.0685985331632653,0.9314014668367347,0.0,,mappingafrica-256/images/CI0251233_2018-12.tif,mappingafrica-256/labels/CI0251233_900705_2018-12.tif,train
CI0283709,mappingafrica,v2.0.0,CI,-5.2235,8.7775,0.1652782206632653,0.8347217793367347,0.0,,mappingafrica-256/images/CI0283709_2021-12.tif,mappingafrica-256/labels/CI0283709_18848_2021-12.tif,train
CI0311452,mappingafrica,v2.0.0,CI,-5.9485,8.6425,0.0435068558673469,0.9564931441326532,0.0,,mappingafrica-256/images/CI0311452_2019-02.tif,mappingafrica-256/labels/CI0311452_31052_2019-02.tif,train
CI0314584,mappingafrica,v2.0.0,CI,-5.7235,8.62750000000001,0.3537547831632653,0.6462452168367347,0.0,,mappingafrica-256/images/CI0314584_2021-12.tif,mappingafrica-256/labels/CI0314584_3061_2021-12.tif,train
CI0318636,mappingafrica,v2.0.0,CI,-6.0285,8.6075,0.5934709821428571,0.4065290178571429,0.0,,mappingafrica-256/images/CI0318636_2019-02.tif,mappingafrica-256/labels/CI0318636_21878_2019-02.tif,test
CI0375625,mappingafrica,v2.0.0,CI,-6.0285,8.34250000000001,0.5771285076530612,0.4228714923469387,0.0,,mappingafrica-256/images/CI0375625_2021-12.tif,mappingafrica-256/labels/CI0375625_19899_2021-12.tif,train
CI0398521,mappingafrica,v2.0.0,CI,-6.1585,8.2425,0.3295599489795918,0.6704400510204083,0.0,,mappingafrica-256/images/CI0398521_2022-12.tif,mappingafrica-256/labels/CI0398521_1350_2022-12.tif,test
CI0598319,mappingafrica,v2.0.0,CI,-5.8335,7.3125,0.7146843112244898,0.2853156887755101,0.0,,mappingafrica-256/images/CI0598319_2018-02.tif,mappingafrica-256/labels/CI0598319_4039_2018-02.tif,train
CI0629378,mappingafrica,v2.0.0,CI,-5.8585,7.1675,0.1381935586734693,0.8618064413265307,0.0,,mappingafrica-256/images/CI0629378_2021-12.tif,mappingafrica-256/labels/CI0629378_34899_2021-12.tif,test
CI0634703,mappingafrica,v2.0.0,CI,-5.5335,7.1425,0.3516422193877551,0.6483577806122449,0.0,,mappingafrica-256/images/CI0634703_2023-12.tif,mappingafrica-256/labels/CI0634703_38115_2023-12.tif,validate
CI0635155,mappingafrica,v2.0.0,CI,-3.2735,7.14250000000001,0.0268255739795918,0.9731744260204082,0.0,,mappingafrica-256/images/CI0635155_2018-02.tif,mappingafrica-256/labels/CI0635155_11641_2018-02.tif,train
CI0706895,mappingafrica,v2.0.0,CI,-6.2485,6.7925,0.245555644132653,0.754444355867347,0.0,,mappingafrica-256/images/CI0706895_2020-12.tif,mappingafrica-256/labels/CI0706895_13856_2020-12.tif,train
CI0715208,mappingafrica,v2.0.0,CI,-5.5285,6.75250000000001,0.037109375,0.962890625,0.0,,mappingafrica-256/images/CI0715208_2020-12.tif,mappingafrica-256/labels/CI0715208_15899_2020-12.tif,train
CI0725552,mappingafrica,v2.0.0,CI,-5.4635,6.7025,0.8620854591836735,0.1379145408163264,0.0,,mappingafrica-256/images/CI0725552_2021-12.tif,mappingafrica-256/labels/CI0725552_21896_2021-12.tif,train
CI0757019,mappingafrica,v2.0.0,CI,-4.9885,6.55250000000001,0.0249720982142857,0.9750279017857144,0.0,,mappingafrica-256/images/CI0757019_2022-12.tif,mappingafrica-256/labels/CI0757019_14910_2022-12.tif,train
CI0806844,mappingafrica,v2.0.0,CI,-5.8135,6.3125,0.5097257653061225,0.4902742346938775,0.0,,mappingafrica-256/images/CI0806844_2020-12.tif,mappingafrica-256/labels/CI0806844_9458_2020-12.tif,train
CI0831635,mappingafrica,v2.0.0,CI,-5.0585,6.1825,0.0711894132653061,0.928810586734694,0.0,,mappingafrica-256/images/CI0831635_2023-12.tif,mappingafrica-256/labels/CI0831635_29607_2023-12.tif,test
CI0857874,mappingafrica,v2.0.0,CI,-5.9085,6.0425,0.0675023915816326,0.9324976084183674,0.0,,mappingafrica-256/images/CI0857874_2019-02.tif,mappingafrica-256/labels/CI0857874_39507_2019-02.tif,train
CI0991632,mappingafrica,v2.0.0,CI,-3.5735,5.31250000000001,0.0536312181122448,0.9463687818877552,0.0,,mappingafrica-256/images/CI0991632_2022-03.tif,mappingafrica-256/labels/CI0991632_16915_2022-03.tif,train
CI0994555,mappingafrica,v1.3.0,CI,-2.7785,5.29750000000001,0.0513791454081632,0.9486208545918368,0.0,,mappingafrica-256/images/CI0994555_2018-12.tif,mappingafrica-256/labels/CI0994555_900712_2018-12.tif,train
CM0032467,mappingafrica,v2.0.0,CM,14.4515,11.3725,0.2378826530612245,0.7621173469387755,0.0,,mappingafrica-256/images/CM0032467_2019-08.tif,mappingafrica-256/labels/CM0032467_17846_2019-08.tif,train
CM0040876,mappingafrica,v2.0.0,CM,14.1615,11.1525,0.1350047831632653,0.8649952168367347,0.0,,mappingafrica-256/images/CM0040876_2019-08.tif,mappingafrica-256/labels/CM0040876_26987_2019-08.tif,train
CM0042054,mappingafrica,v2.0.0,CM,14.3415,11.1275,0.4893773915816326,0.5106226084183674,0.0,,mappingafrica-256/images/CM0042054_2020-07.tif,mappingafrica-256/labels/CM0042054_31075_2020-07.tif,validate
CM0047321,mappingafrica,v2.0.0,CM,14.2565,11.0175,0.0530731823979591,0.9469268176020408,0.0,,mappingafrica-256/images/CM0047321_2021-08.tif,mappingafrica-256/labels/CM0047321_4051_2021-08.tif,train
CM0050848,mappingafrica,v2.0.0,CM,14.8165,10.9525,0.7814094387755102,0.2185905612244898,0.0,,mappingafrica-256/images/CM0050848_2022-04.tif,mappingafrica-256/labels/CM0050848_38090_2022-04.tif,train
CM0061662,mappingafrica,v2.0.0,CM,13.7015,10.7575,0.992546237244898,0.007453762755102,0.0,,mappingafrica-256/images/CM0061662_2018-08.tif,mappingafrica-256/labels/CM0061662_8370_2018-08.tif,train
CM0068393,mappingafrica,v2.0.0,CM,13.5965,10.6475,0.2018295599489795,0.7981704400510206,0.0,,mappingafrica-256/images/CM0068393_2017-08.tif,mappingafrica-256/labels/CM0068393_35825_2017-08.tif,train
CM0073754,mappingafrica,v2.0.0,CM,14.6215,10.5675,0.9623525191326532,0.0376474808673468,0.0,,mappingafrica-256/images/CM0073754_2018-02.tif,mappingafrica-256/labels/CM0073754_16916_2018-02.tif,train
CM0078342,mappingafrica,v2.0.0,CM,15.1015,10.4975,0.3799027423469387,0.6200972576530612,0.0,,mappingafrica-256/images/CM0078342_2022-04.tif,mappingafrica-256/labels/CM0078342_18857_2022-04.tif,train
CM0079369,mappingafrica,v2.0.0,CM,13.5815,10.4775,0.1491549744897959,0.8508450255102041,0.0,,mappingafrica-256/images/CM0079369_2020-07.tif,mappingafrica-256/labels/CM0079369_20467_2020-07.tif,train
CM0085088,mappingafrica,v2.0.0,CM,14.5865,10.3975,0.3637595663265306,0.6362404336734694,0.0,,mappingafrica-256/images/CM0085088_2021-04.tif,mappingafrica-256/labels/CM0085088_4048_2021-04.tif,train
CM0085337,mappingafrica,v2.0.0,CM,14.0765,10.3925,0.8155293367346939,0.1844706632653061,0.0,,mappingafrica-256/images/CM0085337_2019-08.tif,mappingafrica-256/labels/CM0085337_36960_2019-08.tif,train
CM0090909,mappingafrica,v2.0.0,CM,13.5465,10.3125,0.6280891262755102,0.3719108737244898,0.0,,mappingafrica-256/images/CM0090909_2020-07.tif,mappingafrica-256/labels/CM0090909_3546_2020-07.tif,train
CM0092415,mappingafrica,v2.0.0,CM,13.8515,10.2925,0.8797632334183674,0.1202367665816326,0.0,,mappingafrica-256/images/CM0092415_2017-02.tif,mappingafrica-256/labels/CM0092415_14915_2017-02.tif,train
CM0093536,mappingafrica,v2.0.0,CM,13.9065,10.2775,0.9996611926020408,0.0003388073979592,0.0,,mappingafrica-256/images/CM0093536_2023-04.tif,mappingafrica-256/labels/CM0093536_30347_2023-04.tif,train
CM0097162,mappingafrica,v2.0.0,CM,14.9665,10.2325,0.8607700892857143,0.1392299107142857,0.0,,mappingafrica-256/images/CM0097162_2022-04.tif,mappingafrica-256/labels/CM0097162_21914_2022-04.tif,validate
CM0098818,mappingafrica,v2.0.0,CM,13.5265,10.2075,0.7717036033163265,0.2282963966836735,0.0,,mappingafrica-256/images/CM0098818_2021-08.tif,mappingafrica-256/labels/CM0098818_30552_2021-08.tif,train
CM0103322,mappingafrica,v2.0.0,CM,14.0965,10.1525,0.3929368622448979,0.6070631377551021,0.0,,mappingafrica-256/images/CM0103322_2021-04.tif,mappingafrica-256/labels/CM0103322_9463_2021-04.tif,train
CM0103388,mappingafrica,v2.0.0,CM,14.4265,10.1525,0.5916772959183674,0.4083227040816326,0.0,,mappingafrica-256/images/CM0103388_2022-04.tif,mappingafrica-256/labels/CM0103388_17854_2022-04.tif,train
CM0106646,mappingafrica,v2.0.0,CM,14.1215,10.1125,0.7356106505102041,0.2643893494897958,0.0,,mappingafrica-256/images/CM0106646_2022-04.tif,mappingafrica-256/labels/CM0106646_9464_2022-04.tif,train
CM0107671,mappingafrica,v2.0.0,CM,14.8815,10.1025,0.2615194515306122,0.7384805484693878,0.0,,mappingafrica-256/images/CM0107671_2018-02.tif,mappingafrica-256/labels/CM0107671_9465_2018-02.tif,validate
CM0116254,mappingafrica,v2.0.0,CM,14.1015,10.0075,0.8432916135204082,0.1567083864795918,0.0,,mappingafrica-256/images/CM0116254_2017-02.tif,mappingafrica-256/labels/CM0116254_21917_2017-02.tif,train
CM0118003,mappingafrica,v2.0.0,CM,14.8065,9.9875,0.1252192283163265,0.8747807716836735,0.0,,mappingafrica-256/images/CM0118003_2023-04.tif,mappingafrica-256/labels/CM0118003_30658_2023-04.tif,train
CM0119769,mappingafrica,v2.0.0,CM,13.7815,9.9575,0.0961615114795918,0.9038384885204082,0.0,,mappingafrica-256/images/CM0119769_2017-02.tif,mappingafrica-256/labels/CM0119769_8372_2017-02.tif,train
CM0121018,mappingafrica,v2.0.0,CM,13.3965,9.9275,0.0035076530612244,0.9964923469387756,0.0,,mappingafrica-256/images/CM0121018_2019-08.tif,mappingafrica-256/labels/CM0121018_13863_2019-08.tif,train
CM0126411,mappingafrica,v2.0.0,CM,14.0315,9.7775,0.9953563456632653,0.0046436543367347,0.0,,mappingafrica-256/images/CM0126411_2021-04.tif,mappingafrica-256/labels/CM0126411_8374_2021-04.tif,validate
CM0127008,mappingafrica,v2.0.0,CM,13.8615,9.7575,1.0,0.0,0.0,,mappingafrica-256/images/CM0127008_2017-02.tif,mappingafrica-256/labels/CM0127008_21918_2017-02.tif,train
CM0128591,mappingafrica,v2.0.0,CM,13.3065,9.7025,0.2698700573979591,0.7301299426020409,0.0,,mappingafrica-256/images/CM0128591_2017-02.tif,mappingafrica-256/labels/CM0128591_3010_2017-02.tif,train
CM0130244,mappingafrica,v2.0.0,CM,13.9215,9.6525,0.3621851084183674,0.6378148915816326,0.0,,mappingafrica-256/images/CM0130244_2022-04.tif,mappingafrica-256/labels/CM0130244_26992_2022-04.tif,train
CM0137068,mappingafrica,v2.0.0,CM,13.0615,9.4625,0.7375637755102041,0.2624362244897958,0.0,,mappingafrica-256/images/CM0137068_2022-03.tif,mappingafrica-256/labels/CM0137068_40324_2022-03.tif,train
CM0140197,mappingafrica,v2.0.0,CM,13.3165,9.4025,0.7698102678571429,0.2301897321428571,0.0,,mappingafrica-256/images/CM0140197_2021-03.tif,mappingafrica-256/labels/CM0140197_18859_2021-03.tif,train
CM0142809,mappingafrica,v2.0.0,CM,13.8265,9.3575,0.5957629145408163,0.4042370854591837,0.0,,mappingafrica-256/images/CM0142809_2021-08.tif,mappingafrica-256/labels/CM0142809_32160_2021-08.tif,train
CM0151203,mappingafrica,v2.0.0,CM,13.4965,9.2125,0.2202447385204081,0.779755261479592,0.0,,mappingafrica-256/images/CM0151203_2018-02.tif,mappingafrica-256/labels/CM0151203_33455_2018-02.tif,train
CM0154090,mappingafrica,v2.0.0,CM,12.9515,9.1625,0.4106544961734694,0.5893455038265306,0.0,,mappingafrica-256/images/CM0154090_2020-02.tif,mappingafrica-256/labels/CM0154090_9467_2020-02.tif,validate
CM0158618,mappingafrica,v2.0.0,CM,13.8115,9.0925,0.4896364795918367,0.5103635204081634,0.0,,mappingafrica-256/images/CM0158618_2017-08.tif,mappingafrica-256/labels/CM0158618_10526_2017-08.tif,train
CM0178698,mappingafrica,v2.0.0,CM,12.9165,8.80750000000001,0.2279575892857142,0.7720424107142858,0.0,,mappingafrica-256/images/CM0178698_2021-03.tif,mappingafrica-256/labels/CM0178698_14916_2021-03.tif,train
CM0184742,mappingafrica,v2.0.0,CM,13.4915,8.7375,0.9878826530612244,0.0121173469387756,0.0,,mappingafrica-256/images/CM0184742_2023-08.tif,mappingafrica-256/labels/CM0184742_26994_2023-08.tif,train
CM0193698,mappingafrica,v2.0.0,CM,14.2965,8.6425,0.4053930165816326,0.5946069834183674,0.0,,mappingafrica-256/images/CM0193698_2021-08.tif,mappingafrica-256/labels/CM0193698_21938_2021-08.tif,train
CM0194048,mappingafrica,v2.0.0,CM,13.5315,8.6375,0.3607102997448979,0.6392897002551021,0.0,,mappingafrica-256/images/CM0194048_2019-08.tif,mappingafrica-256/labels/CM0194048_38448_2019-08.tif,validate
CM0202446,mappingafrica,v2.0.0,CM,12.6965,8.5575,0.7028858418367347,0.2971141581632652,0.0,,mappingafrica-256/images/CM0202446_2020-02.tif,mappingafrica-256/labels/CM0202446_31914_2020-02.tif,train
CM0204669,mappingafrica,v2.0.0,CM,12.7215,8.53750000000001,0.608039700255102,0.391960299744898,0.0,,mappingafrica-256/images/CM0204669_2020-02.tif,mappingafrica-256/labels/CM0204669_2505_2020-02.tif,train
CM0205406,mappingafrica,v2.0.0,CM,13.6265,8.5325,0.6117665816326531,0.3882334183673469,0.0,,mappingafrica-256/images/CM0205406_2022-08.tif,mappingafrica-256/labels/CM0205406_101323_2022-08.tif,train
CM0208546,mappingafrica,v2.0.0,CM,12.5715,8.5025,0.7409518494897959,0.2590481505102041,0.0,,mappingafrica-256/images/CM0208546_2020-02.tif,mappingafrica-256/labels/CM0208546_35882_2020-02.tif,train
CM0220493,mappingafrica,v2.0.0,CM,13.5915,8.4025,0.7129703443877551,0.2870296556122449,0.0,,mappingafrica-256/images/CM0220493_2023-08.tif,mappingafrica-256/labels/CM0220493_31476_2023-08.tif,test
CM0224169,mappingafrica,v2.0.0,CM,13.7665,8.3725,0.999900350765306,9.964923469396592e-05,0.0,,mappingafrica-256/images/CM0224169_2019-08.tif,mappingafrica-256/labels/CM0224169_31676_2019-08.tif,train
CM0224423,mappingafrica,v2.0.0,CM,15.0365,8.3725,0.1020208864795918,0.8979791135204082,0.0,,mappingafrica-256/images/CM0224423_2023-08.tif,mappingafrica-256/labels/CM0224423_37726_2023-08.tif,train
CM0246406,mappingafrica,v2.0.0,CM,15.1815,8.1925,0.6660355548469388,0.3339644451530612,0.0,,mappingafrica-256/images/CM0246406_2018-08.tif,mappingafrica-256/labels/CM0246406_1106_2018-08.tif,test
CM0254490,mappingafrica,v2.0.0,CM,15.1965,8.12750000000001,0.5952248086734694,0.4047751913265306,0.0,,mappingafrica-256/images/CM0254490_2019-08.tif,mappingafrica-256/labels/CM0254490_15911_2019-08.tif,train
CM0285183,mappingafrica,v2.0.0,CM,14.8715,7.8875,0.6252192283163265,0.3747807716836735,0.0,,mappingafrica-256/images/CM0285183_2019-02.tif,mappingafrica-256/labels/CM0285183_21986_2019-02.tif,test
CM0346237,mappingafrica,v2.0.0,CM,12.9265,7.4475,0.5095264668367347,0.4904735331632652,0.0,,mappingafrica-256/images/CM0346237_2018-02.tif,mappingafrica-256/labels/CM0346237_21993_2018-02.tif,train
CM0497271,mappingafrica,v2.0.0,CM,10.7765,6.50250000000001,0.2986886160714285,0.7013113839285715,0.0,,mappingafrica-256/images/CM0497271_2017-02.tif,mappingafrica-256/labels/CM0497271_5173_2017-02.tif,train
CM0541093,mappingafrica,v2.0.0,CM,10.7565,6.2975,0.0597895408163265,0.9402104591836736,0.0,,mappingafrica-256/images/CM0541093_2019-02.tif,mappingafrica-256/labels/CM0541093_15912_2019-02.tif,train
CM1060110,mappingafrica,v2.0.0,CM,12.7615,4.0825,0.0105428890306122,0.9894571109693878,0.0,,mappingafrica-256/images/CM1060110_2023-03.tif,mappingafrica-256/labels/CM1060110_38176_2023-03.tif,train
ER0276715,mappingafrica,v2.0.0,ER,39.3165,14.8525,0.2040019132653061,0.7959980867346939,0.0,,mappingafrica-256/images/ER0276715_2017-02.tif,mappingafrica-256/labels/ER0276715_35320_2017-02.tif,train
ER0331191,mappingafrica,v2.0.0,ER,38.6965,14.5175,0.5527543048469388,0.4472456951530612,0.0,,mappingafrica-256/images/ER0331191_2017-08.tif,mappingafrica-256/labels/ER0331191_37798_2017-08.tif,train
ET0009013,mappingafrica,v2.0.0,ET,38.1215,14.4525,0.6589205994897959,0.3410794005102041,0.0,,mappingafrica-256/images/ET0009013_2019-02.tif,mappingafrica-256/labels/ET0009013_2795_2019-02.tif,train
ET0014060,mappingafrica,v2.0.0,ET,38.8815,14.4025,0.2965760522959184,0.7034239477040816,0.0,,mappingafrica-256/images/ET0014060_2023-08.tif,mappingafrica-256/labels/ET0014060_29540_2023-08.tif,train
ET0019975,mappingafrica,v2.0.0,ET,39.2265,14.3525,0.5423110650510204,0.4576889349489795,0.0,,mappingafrica-256/images/ET0019975_2022-08.tif,mappingafrica-256/labels/ET0019975_22000_2022-08.tif,train
ET0021168,mappingafrica,v2.0.0,ET,39.2165,14.3425,0.5437858737244898,0.4562141262755101,0.0,,mappingafrica-256/images/ET0021168_2023-08.tif,mappingafrica-256/labels/ET0021168_31917_2023-08.tif,train
ET0035715,mappingafrica,v2.0.0,ET,39.1615,14.2375,0.7156010841836735,0.2843989158163265,0.0,,mappingafrica-256/images/ET0035715_2020-07.tif,mappingafrica-256/labels/ET0035715_31020_2020-07.tif,train
ET0056101,mappingafrica,v2.0.0,ET,38.4465,14.1125,0.1830357142857142,0.8169642857142858,0.0,,mappingafrica-256/images/ET0056101_2017-08.tif,mappingafrica-256/labels/ET0056101_36882_2017-08.tif,train
ET0069497,mappingafrica,v2.0.0,ET,39.4315,14.0375,0.744140625,0.255859375,0.0,,mappingafrica-256/images/ET0069497_2017-08.tif,mappingafrica-256/labels/ET0069497_5179_2017-08.tif,train
ET0069531,mappingafrica,v2.0.0,ET,39.6015,14.0375,0.8654934630102041,0.1345065369897958,0.0,,mappingafrica-256/images/ET0069531_2018-08.tif,mappingafrica-256/labels/ET0069531_16929_2018-08.tif,test
ET0073045,mappingafrica,v2.0.0,ET,39.3115,14.0175,0.0557238520408163,0.9442761479591836,0.0,,mappingafrica-256/images/ET0073045_2022-08.tif,mappingafrica-256/labels/ET0073045_10540_2022-08.tif,train
ET0085471,mappingafrica,v2.0.0,ET,38.0965,13.9475,0.1058274872448979,0.8941725127551021,0.0,,mappingafrica-256/images/ET0085471_2021-05.tif,mappingafrica-256/labels/ET0085471_14928_2021-05.tif,train
ET0090226,mappingafrica,v2.0.0,ET,39.0715,13.9225,0.4857501594387755,0.5142498405612246,0.0,,mappingafrica-256/images/ET0090226_2021-08.tif,mappingafrica-256/labels/ET0090226_22016_2021-08.tif,train
ET0107774,mappingafrica,v2.0.0,ET,39.7515,13.8275,0.5199896364795918,0.4800103635204081,0.0,,mappingafrica-256/images/ET0107774_2023-05.tif,mappingafrica-256/labels/ET0107774_35716_2023-05.tif,test
ET0116968,mappingafrica,v2.0.0,ET,39.3015,13.7775,0.8056839923469388,0.1943160076530612,0.0,,mappingafrica-256/images/ET0116968_2023-05.tif,mappingafrica-256/labels/ET0116968_31303_2023-05.tif,train
ET0150230,mappingafrica,v2.0.0,ET,38.8215,13.6025,0.4930046237244898,0.5069953762755102,0.0,,mappingafrica-256/images/ET0150230_2018-02.tif,mappingafrica-256/labels/ET0150230_18863_2018-02.tif,train
ET0160114,mappingafrica,v2.0.0,ET,39.4115,13.5525,0.8752391581632653,0.1247608418367347,0.0,,mappingafrica-256/images/ET0160114_2022-05.tif,mappingafrica-256/labels/ET0160114_37457_2022-05.tif,train
ET0186217,mappingafrica,v2.0.0,ET,39.1015,13.4225,0.305843431122449,0.6941565688775511,0.0,,mappingafrica-256/images/ET0186217_2017-02.tif,mappingafrica-256/labels/ET0186217_12821_2017-02.tif,train
ET0187257,mappingafrica,v2.0.0,ET,39.1415,13.4175,0.2440011160714285,0.7559988839285715,0.0,,mappingafrica-256/images/ET0187257_2021-05.tif,mappingafrica-256/labels/ET0187257_12822_2021-05.tif,train
ET0188397,mappingafrica,v2.0.0,ET,39.6765,13.4125,0.4112723214285714,0.5887276785714286,0.0,,mappingafrica-256/images/ET0188397_2021-05.tif,mappingafrica-256/labels/ET0188397_22026_2021-05.tif,validate
ET0190373,mappingafrica,v2.0.0,ET,39.1965,13.4025,0.6211734693877551,0.3788265306122449,0.0,,mappingafrica-256/images/ET0190373_2021-05.tif,mappingafrica-256/labels/ET0190373_22027_2021-05.tif,train
ET0215929,mappingafrica,v2.0.0,ET,39.6065,13.2825,0.7389190051020408,0.2610809948979592,0.0,,mappingafrica-256/images/ET0215929_2020-07.tif,mappingafrica-256/labels/ET0215929_3405_2020-07.tif,train
ET0221273,mappingafrica,v2.0.0,ET,39.0115,13.2575,0.3146922831632653,0.6853077168367347,0.0,,mappingafrica-256/images/ET0221273_2019-02.tif,mappingafrica-256/labels/ET0221273_10544_2019-02.tif,test
ET0273034,mappingafrica,v2.0.0,ET,39.6015,13.0275,0.1762794961734693,0.8237205038265307,0.0,,mappingafrica-256/images/ET0273034_2021-08.tif,mappingafrica-256/labels/ET0273034_27012_2021-08.tif,train
ET0305190,mappingafrica,v2.0.0,ET,39.2115,12.8875,0.5800581951530612,0.4199418048469387,0.0,,mappingafrica-256/images/ET0305190_2018-02.tif,mappingafrica-256/labels/ET0305190_1721_2018-02.tif,train
ET0338248,mappingafrica,v2.0.0,ET,39.4465,12.7475,0.6135204081632653,0.3864795918367347,0.0,,mappingafrica-256/images/ET0338248_2019-02.tif,mappingafrica-256/labels/ET0338248_22036_2019-02.tif,train
ET0350255,mappingafrica,v2.0.0,ET,38.2665,12.6975,0.062320631377551,0.937679368622449,0.0,,mappingafrica-256/images/ET0350255_2022-03.tif,mappingafrica-256/labels/ET0350255_9487_2022-03.tif,train
ET0359107,mappingafrica,v2.0.0,ET,37.7515,12.6625,0.5350167410714286,0.4649832589285714,0.0,,mappingafrica-256/images/ET0359107_2022-05.tif,mappingafrica-256/labels/ET0359107_7318_2022-05.tif,train
ET0365764,mappingafrica,v2.0.0,ET,38.1365,12.6375,0.9158561862244898,0.0841438137755101,0.0,,mappingafrica-256/images/ET0365764_2020-02.tif,mappingafrica-256/labels/ET0365764_16934_2020-02.tif,train
ET0373712,mappingafrica,v2.0.0,ET,38.2965,12.6075,0.8190967793367347,0.1809032206632652,0.0,,mappingafrica-256/images/ET0373712_2022-03.tif,mappingafrica-256/labels/ET0373712_27016_2022-03.tif,train
ET0385644,mappingafrica,v2.0.0,ET,37.9515,12.5625,0.2312260841836734,0.7687739158163266,0.0,,mappingafrica-256/images/ET0385644_2023-03.tif,mappingafrica-256/labels/ET0385644_37098_2023-03.tif,train
ET0391060,mappingafrica,v2.0.0,ET,38.1965,12.5425,0.4262994260204081,0.573700573979592,0.0,,mappingafrica-256/images/ET0391060_2018-02.tif,mappingafrica-256/labels/ET0391060_37771_2018-02.tif,train
ET0392381,mappingafrica,v2.0.0,ET,38.0765,12.5375,0.3184191645408163,0.6815808354591837,0.0,,mappingafrica-256/images/ET0392381_2019-02.tif,mappingafrica-256/labels/ET0392381_29414_2019-02.tif,train
ET0403021,mappingafrica,v2.0.0,ET,37.2565,12.4975,0.7530293367346939,0.2469706632653061,0.0,,mappingafrica-256/images/ET0403021_2021-04.tif,mappingafrica-256/labels/ET0403021_22531_2021-04.tif,train
ET0406204,mappingafrica,v2.0.0,ET,39.5915,12.4875,0.9900151466836736,0.0099848533163263,0.0,,mappingafrica-256/images/ET0406204_2017-02.tif,mappingafrica-256/labels/ET0406204_17869_2017-02.tif,validate
ET0407578,mappingafrica,v2.0.0,ET,39.6565,12.4825,0.7778818558673469,0.222118144132653,0.0,,mappingafrica-256/images/ET0407578_2019-02.tif,mappingafrica-256/labels/ET0407578_22536_2019-02.tif,validate
ET0415580,mappingafrica,v2.0.0,ET,38.6565,12.4525,0.2357700892857142,0.7642299107142858,0.0,,mappingafrica-256/images/ET0415580_2023-05.tif,mappingafrica-256/labels/ET0415580_31182_2023-05.tif,train
ET0420958,mappingafrica,v2.0.0,ET,38.1615,12.4325,0.7745336415816326,0.2254663584183673,0.0,,mappingafrica-256/images/ET0420958_2022-03.tif,mappingafrica-256/labels/ET0420958_34475_2022-03.tif,train
ET0427878,mappingafrica,v2.0.0,ET,38.5565,12.4075,0.5168207908163265,0.4831792091836735,0.0,,mappingafrica-256/images/ET0427878_2019-02.tif,mappingafrica-256/labels/ET0427878_20694_2019-02.tif,validate
ET0434645,mappingafrica,v2.0.0,ET,38.1965,12.3825,0.2033442283163265,0.7966557716836735,0.0,,mappingafrica-256/images/ET0434645_2020-02.tif,mappingafrica-256/labels/ET0434645_4073_2020-02.tif,train
ET0435987,mappingafrica,v2.0.0,ET,38.0715,12.3775,0.6426179846938775,0.3573820153061224,0.0,,mappingafrica-256/images/ET0435987_2017-02.tif,mappingafrica-256/labels/ET0435987_18873_2017-02.tif,train
ET0438865,mappingafrica,v2.0.0,ET,38.7915,12.3675,0.9080237563775512,0.0919762436224488,0.0,,mappingafrica-256/images/ET0438865_2017-02.tif,mappingafrica-256/labels/ET0438865_17870_2017-02.tif,train
ET0445635,mappingafrica,v2.0.0,ET,38.4515,12.3425,0.5371492346938775,0.4628507653061224,0.0,,mappingafrica-256/images/ET0445635_2021-05.tif,mappingafrica-256/labels/ET0445635_35268_2021-05.tif,train
ET0456610,mappingafrica,v2.0.0,ET,38.5315,12.3025,0.6697425063775511,0.3302574936224489,0.0,,mappingafrica-256/images/ET0456610_2019-02.tif,mappingafrica-256/labels/ET0456610_3455_2019-02.tif,train
ET0513731,mappingafrica,v2.0.0,ET,37.8315,12.0925,0.5420320471938775,0.4579679528061224,0.0,,mappingafrica-256/images/ET0513731_2020-02.tif,mappingafrica-256/labels/ET0513731_14938_2020-02.tif,validate
ET0521910,mappingafrica,v2.0.0,ET,37.8565,12.0625,0.2154017857142857,0.7845982142857143,0.0,,mappingafrica-256/images/ET0521910_2017-02.tif,mappingafrica-256/labels/ET0521910_11683_2017-02.tif,train
ET0524400,mappingafrica,v2.0.0,ET,36.7365,12.0525,0.1527024872448979,0.8472975127551021,0.0,,mappingafrica-256/images/ET0524400_2021-05.tif,mappingafrica-256/labels/ET0524400_14939_2021-05.tif,train
ET0529038,mappingafrica,v2.0.0,ET,39.5865,12.0375,0.322265625,0.677734375,0.0,,mappingafrica-256/images/ET0529038_2023-08.tif,mappingafrica-256/labels/ET0529038_29815_2023-08.tif,train
ET0532738,mappingafrica,v2.0.0,ET,37.7565,12.0225,0.8887515943877551,0.1112484056122449,0.0,,mappingafrica-256/images/ET0532738_2023-08.tif,mappingafrica-256/labels/ET0532738_34001_2023-08.tif,train
ET0547900,mappingafrica,v2.0.0,ET,38.9215,11.9675,0.8951092155612245,0.1048907844387755,0.0,,mappingafrica-256/images/ET0547900_2022-08.tif,mappingafrica-256/labels/ET0547900_16941_2022-08.tif,train
ET0553414,mappingafrica,v2.0.0,ET,39.4065,11.9475,0.1465441645408163,0.8534558354591837,0.0,,mappingafrica-256/images/ET0553414_2019-08.tif,mappingafrica-256/labels/ET0553414_20811_2019-08.tif,train
ET0559688,mappingafrica,v2.0.0,ET,36.9165,11.9225,0.1553930165816326,0.8446069834183674,0.0,,mappingafrica-256/images/ET0559688_2019-02.tif,mappingafrica-256/labels/ET0559688_11689_2019-02.tif,train
ET0566732,mappingafrica,v2.0.0,ET,38.2115,11.8975,0.8966238839285714,0.1033761160714286,0.0,,mappingafrica-256/images/ET0566732_2017-02.tif,mappingafrica-256/labels/ET0566732_16942_2017-02.tif,test
ET0584434,mappingafrica,v2.0.0,ET,38.0615,11.8325,0.6384526466836735,0.3615473533163265,0.0,,mappingafrica-256/images/ET0584434_2018-02.tif,mappingafrica-256/labels/ET0584434_31490_2018-02.tif,train
ET0590204,mappingafrica,v2.0.0,ET,39.5065,11.8125,0.193000637755102,0.806999362244898,0.0,,mappingafrica-256/images/ET0590204_2023-04.tif,mappingafrica-256/labels/ET0590204_27028_2023-04.tif,train
ET0612896,mappingafrica,v2.0.0,ET,36.9515,11.7275,0.9939612563775512,0.0060387436224488,0.0,,mappingafrica-256/images/ET0612896_2021-03.tif,mappingafrica-256/labels/ET0612896_17876_2021-03.tif,train
ET0613381,mappingafrica,v2.0.0,ET,39.3765,11.7275,0.1633848852040816,0.8366151147959184,0.0,,mappingafrica-256/images/ET0613381_2022-04.tif,mappingafrica-256/labels/ET0613381_19930_2022-04.tif,train
ET0622504,mappingafrica,v2.0.0,ET,37.5765,11.6925,0.2553611288265306,0.7446388711734694,0.0,,mappingafrica-256/images/ET0622504_2017-02.tif,mappingafrica-256/labels/ET0622504_14944_2017-02.tif,train
ET0637359,mappingafrica,v2.0.0,ET,37.7065,11.6375,0.082290338010204,0.917709661989796,0.0,,mappingafrica-256/images/ET0637359_2020-02.tif,mappingafrica-256/labels/ET0637359_22077_2020-02.tif,train
ET0646946,mappingafrica,v2.0.0,ET,38.6365,11.6025,0.4892578125,0.5107421875,0.0,,mappingafrica-256/images/ET0646946_2020-02.tif,mappingafrica-256/labels/ET0646946_1785_2020-02.tif,train
ET0653279,mappingafrica,v2.0.0,ET,36.7165,11.5775,0.9816047512755102,0.0183952487244898,0.0,,mappingafrica-256/images/ET0653279_2017-08.tif,mappingafrica-256/labels/ET0653279_100299_2017-08.tif,train
ET0656870,mappingafrica,v2.0.0,ET,41.2515,11.5675,0.3455636160714285,0.6544363839285715,0.0,,mappingafrica-256/images/ET0656870_2018-08.tif,mappingafrica-256/labels/ET0656870_10555_2018-08.tif,train
ET0658913,mappingafrica,v2.0.0,ET,38.0565,11.5575,0.6911670918367347,0.3088329081632652,0.0,,mappingafrica-256/images/ET0658913_2021-05.tif,mappingafrica-256/labels/ET0658913_22583_2021-05.tif,train
ET0663579,mappingafrica,v2.0.0,ET,41.2865,11.5425,0.8844666772959183,0.1155333227040816,0.0,,mappingafrica-256/images/ET0663579_2021-08.tif,mappingafrica-256/labels/ET0663579_10556_2021-08.tif,train
ET0669388,mappingafrica,v2.0.0,ET,36.8315,11.5175,0.2982900191326531,0.7017099808673469,0.0,,mappingafrica-256/images/ET0669388_2022-03.tif,mappingafrica-256/labels/ET0669388_34888_2022-03.tif,train
ET0675010,mappingafrica,v2.0.0,ET,38.1315,11.4975,0.8527582908163265,0.1472417091836735,0.0,,mappingafrica-256/images/ET0675010_2022-05.tif,mappingafrica-256/labels/ET0675010_34755_2022-05.tif,train
ET0678789,mappingafrica,v2.0.0,ET,36.9065,11.4825,0.1879783163265306,0.8120216836734694,0.0,,mappingafrica-256/images/ET0678789_2020-02.tif,mappingafrica-256/labels/ET0678789_40368_2020-02.tif,train
ET0686856,mappingafrica,v2.0.0,ET,36.9515,11.4525,0.3843869579081632,0.6156130420918369,0.0,,mappingafrica-256/images/ET0686856_2020-02.tif,mappingafrica-256/labels/ET0686856_10558_2020-02.tif,train
ET0699081,mappingafrica,v2.0.0,ET,37.4965,11.4075,0.4868463010204081,0.513153698979592,0.0,,mappingafrica-256/images/ET0699081_2022-05.tif,mappingafrica-256/labels/ET0699081_528_2022-05.tif,train
ET0701679,mappingafrica,v2.0.0,ET,36.9865,11.3975,0.2430245535714285,0.7569754464285715,0.0,,mappingafrica-256/images/ET0701679_2023-03.tif,mappingafrica-256/labels/ET0701679_27034_2023-03.tif,train
ET0701713,mappingafrica,v2.0.0,ET,37.1565,11.3975,0.6454081632653061,0.3545918367346938,0.0,,mappingafrica-256/images/ET0701713_2020-02.tif,mappingafrica-256/labels/ET0701713_19933_2020-02.tif,train
ET0706141,mappingafrica,v2.0.0,ET,39.0065,11.3825,0.4273557079081632,0.5726442920918369,0.0,,mappingafrica-256/images/ET0706141_2023-04.tif,mappingafrica-256/labels/ET0706141_36765_2023-04.tif,train
ET0707554,mappingafrica,v2.0.0,ET,39.3015,11.3775,0.0433274872448979,0.956672512755102,0.0,,mappingafrica-256/images/ET0707554_2020-02.tif,mappingafrica-256/labels/ET0707554_101064_2020-02.tif,train
ET0712772,mappingafrica,v2.0.0,ET,38.2465,11.3575,0.1476203762755102,0.8523796237244898,0.0,,mappingafrica-256/images/ET0712772_2018-02.tif,mappingafrica-256/labels/ET0712772_22088_2018-02.tif,train
ET0715757,mappingafrica,v2.0.0,ET,39.5765,11.3475,0.4581672512755102,0.5418327487244898,0.0,,mappingafrica-256/images/ET0715757_2019-02.tif,mappingafrica-256/labels/ET0715757_7331_2019-02.tif,train
ET0722416,mappingafrica,v2.0.0,ET,38.8165,11.3225,0.5234375,0.4765625,0.0,,mappingafrica-256/images/ET0722416_2019-02.tif,mappingafrica-256/labels/ET0722416_16948_2019-02.tif,train
ET0749737,mappingafrica,v2.0.0,ET,38.6715,11.2225,0.7901985012755102,0.2098014987244898,0.0,,mappingafrica-256/images/ET0749737_2023-05.tif,mappingafrica-256/labels/ET0749737_37672_2023-05.tif,train
ET0751134,mappingafrica,v2.0.0,ET,38.8215,11.2175,0.7463329081632653,0.2536670918367347,0.0,,mappingafrica-256/images/ET0751134_2023-04.tif,mappingafrica-256/labels/ET0751134_31903_2023-04.tif,train
ET0762215,mappingafrica,v2.0.0,ET,39.6965,11.1775,0.2333984375,0.7666015625,0.0,,mappingafrica-256/images/ET0762215_2023-04.tif,mappingafrica-256/labels/ET0762215_37976_2023-04.tif,test
ET0769992,mappingafrica,v2.0.0,ET,37.7715,11.1475,0.5477120535714286,0.4522879464285714,0.0,,mappingafrica-256/images/ET0769992_2022-04.tif,mappingafrica-256/labels/ET0769992_29887_2022-04.tif,train
ET0781091,mappingafrica,v2.0.0,ET,38.8315,11.1075,0.2870894451530612,0.7129105548469388,0.0,,mappingafrica-256/images/ET0781091_2020-02.tif,mappingafrica-256/labels/ET0781091_19934_2020-02.tif,test
ET0783405,mappingafrica,v2.0.0,ET,36.7815,11.0975,0.4840760522959184,0.5159239477040816,0.0,,mappingafrica-256/images/ET0783405_2021-03.tif,mappingafrica-256/labels/ET0783405_6291_2021-03.tif,test
ET0786215,mappingafrica,v2.0.0,ET,37.2115,11.0875,0.0657884247448979,0.934211575255102,0.0,,mappingafrica-256/images/ET0786215_2022-04.tif,mappingafrica-256/labels/ET0786215_13902_2022-04.tif,train
ET0793486,mappingafrica,v2.0.0,ET,39.1715,11.0625,0.7878268494897959,0.2121731505102041,0.0,,mappingafrica-256/images/ET0793486_2020-02.tif,mappingafrica-256/labels/ET0793486_35623_2020-02.tif,train
ET0797626,mappingafrica,v2.0.0,ET,38.8215,11.0475,0.3447265625,0.6552734375,0.0,,mappingafrica-256/images/ET0797626_2017-02.tif,mappingafrica-256/labels/ET0797626_30801_2017-02.tif,train
ET0801953,mappingafrica,v2.0.0,ET,39.1865,11.0325,0.4471460459183674,0.5528539540816326,0.0,,mappingafrica-256/images/ET0801953_2023-04.tif,mappingafrica-256/labels/ET0801953_29116_2023-04.tif,train
ET0816233,mappingafrica,v2.0.0,ET,38.7615,10.9825,0.4688496492346938,0.5311503507653061,0.0,,mappingafrica-256/images/ET0816233_2017-02.tif,mappingafrica-256/labels/ET0816233_5204_2017-02.tif,train
ET0818874,mappingafrica,v2.0.0,ET,36.9815,10.9725,0.3984972895408163,0.6015027104591837,0.0,,mappingafrica-256/images/ET0818874_2020-02.tif,mappingafrica-256/labels/ET0818874_9506_2020-02.tif,test
ET0822072,mappingafrica,v2.0.0,ET,37.6965,10.9625,0.7690330038265306,0.2309669961734693,0.0,,mappingafrica-256/images/ET0822072_2023-04.tif,mappingafrica-256/labels/ET0822072_35210_2023-04.tif,train
ET0822188,mappingafrica,v2.0.0,ET,38.2765,10.9625,0.3227838010204081,0.677216198979592,0.0,,mappingafrica-256/images/ET0822188_2020-02.tif,mappingafrica-256/labels/ET0822188_2397_2020-02.tif,train
ET0830274,mappingafrica,v2.0.0,ET,39.8415,10.9375,0.8679448341836735,0.1320551658163264,0.0,,mappingafrica-256/images/ET0830274_2018-02.tif,mappingafrica-256/labels/ET0830274_40936_2018-02.tif,train
ET0831315,mappingafrica,v2.0.0,ET,37.2165,10.9325,0.3577806122448979,0.6422193877551021,0.0,,mappingafrica-256/images/ET0831315_2023-04.tif,mappingafrica-256/labels/ET0831315_36166_2023-04.tif,train
ET0831801,mappingafrica,v2.0.0,ET,39.6465,10.9325,0.1563097895408163,0.8436902104591837,0.0,,mappingafrica-256/images/ET0831801_2017-02.tif,mappingafrica-256/labels/ET0831801_22124_2017-02.tif,train
ET0836351,mappingafrica,v2.0.0,ET,38.8465,10.9175,0.5420121173469388,0.4579878826530612,0.0,,mappingafrica-256/images/ET0836351_2020-02.tif,mappingafrica-256/labels/ET0836351_101067_2020-02.tif,train
ET0847589,mappingafrica,v2.0.0,ET,39.4615,10.8825,0.4960140306122449,0.5039859693877551,0.0,,mappingafrica-256/images/ET0847589_2022-04.tif,mappingafrica-256/labels/ET0847589_3512_2022-04.tif,train
ET0855522,mappingafrica,v2.0.0,ET,39.0765,10.8575,0.649055325255102,0.350944674744898,0.0,,mappingafrica-256/images/ET0855522_2017-02.tif,mappingafrica-256/labels/ET0855522_3515_2017-02.tif,train
ET0855597,mappingafrica,v2.0.0,ET,39.4515,10.8575,0.9696867028061223,0.0303132971938776,0.0,,mappingafrica-256/images/ET0855597_2018-02.tif,mappingafrica-256/labels/ET0855597_38794_2018-02.tif,train
ET0856713,mappingafrica,v2.0.0,ET,36.9815,10.8525,0.4995615433673469,0.5004384566326531,0.0,,mappingafrica-256/images/ET0856713_2020-02.tif,mappingafrica-256/labels/ET0856713_13904_2020-02.tif,train
ET0859826,mappingafrica,v2.0.0,ET,36.3915,10.8425,0.3754384566326531,0.6245615433673469,0.0,,mappingafrica-256/images/ET0859826_2018-02.tif,mappingafrica-256/labels/ET0859826_3516_2018-02.tif,train
ET0863449,mappingafrica,v2.0.0,ET,38.2915,10.8325,0.2654655612244898,0.7345344387755102,0.0,,mappingafrica-256/images/ET0863449_2022-04.tif,mappingafrica-256/labels/ET0863449_22129_2022-04.tif,train
ET0865364,mappingafrica,v2.0.0,ET,39.7415,10.8275,0.2554807079081632,0.7445192920918369,0.0,,mappingafrica-256/images/ET0865364_2020-02.tif,mappingafrica-256/labels/ET0865364_30319_2020-02.tif,train
ET0871514,mappingafrica,v2.0.0,ET,37.8815,10.8075,0.4653619260204081,0.534638073979592,0.0,,mappingafrica-256/images/ET0871514_2018-02.tif,mappingafrica-256/labels/ET0871514_10564_2018-02.tif,test
ET0876249,mappingafrica,v2.0.0,ET,37.0065,10.7925,0.8624840561224489,0.137515943877551,0.0,,mappingafrica-256/images/ET0876249_2017-02.tif,mappingafrica-256/labels/ET0876249_10565_2017-02.tif,train
ET0878459,mappingafrica,v2.0.0,ET,39.8515,10.7875,0.2112364477040816,0.7887635522959184,0.0,,mappingafrica-256/images/ET0878459_2019-02.tif,mappingafrica-256/labels/ET0878459_13905_2019-02.tif,train
ET0887759,mappingafrica,v2.0.0,ET,36.9765,10.7575,0.3838887117346938,0.6161112882653061,0.0,,mappingafrica-256/images/ET0887759_2020-02.tif,mappingafrica-256/labels/ET0887759_14956_2020-02.tif,test
ET0888342,mappingafrica,v2.0.0,ET,39.8915,10.7575,0.4404496173469387,0.5595503826530612,0.0,,mappingafrica-256/images/ET0888342_2018-02.tif,mappingafrica-256/labels/ET0888342_31391_2018-02.tif,train
ET0889325,mappingafrica,v2.0.0,ET,36.5365,10.7525,0.7863919005102041,0.2136080994897958,0.0,,mappingafrica-256/images/ET0889325_2020-02.tif,mappingafrica-256/labels/ET0889325_20988_2020-02.tif,train
ET0896549,mappingafrica,v2.0.0,ET,39.4965,10.7325,0.8486726721938775,0.1513273278061224,0.0,,mappingafrica-256/images/ET0896549_2018-02.tif,mappingafrica-256/labels/ET0896549_22136_2018-02.tif,train
ET0899804,mappingafrica,v2.0.0,ET,39.1365,10.7225,0.2794961734693877,0.7205038265306123,0.0,,mappingafrica-256/images/ET0899804_2023-08.tif,mappingafrica-256/labels/ET0899804_28558_2023-08.tif,train
ET0906633,mappingafrica,v2.0.0,ET,39.9415,10.7025,0.4735331632653061,0.5264668367346939,0.0,,mappingafrica-256/images/ET0906633_2020-02.tif,mappingafrica-256/labels/ET0906633_27044_2020-02.tif,train
ET0912451,mappingafrica,v2.0.0,ET,35.6415,10.6825,0.4041972257653061,0.5958027742346939,0.0,,mappingafrica-256/images/ET0912451_2019-02.tif,mappingafrica-256/labels/ET0912451_2972_2019-02.tif,train
ET0916189,mappingafrica,v2.0.0,ET,37.6365,10.6725,0.5757334183673469,0.4242665816326531,0.0,,mappingafrica-256/images/ET0916189_2017-02.tif,mappingafrica-256/labels/ET0916189_22140_2017-02.tif,train
ET0939650,mappingafrica,v2.0.0,ET,37.9965,10.6025,0.2341757015306122,0.7658242984693878,0.0,,mappingafrica-256/images/ET0939650_2020-02.tif,mappingafrica-256/labels/ET0939650_37679_2020-02.tif,test
ET0939879,mappingafrica,v2.0.0,ET,39.1415,10.6025,0.2126514668367347,0.7873485331632653,0.0,,mappingafrica-256/images/ET0939879_2023-08.tif,mappingafrica-256/labels/ET0939879_30313_2023-08.tif,train
ET0972880,mappingafrica,v2.0.0,ET,36.1065,10.5025,0.0824497767857142,0.9175502232142858,0.0,,mappingafrica-256/images/ET0972880_2017-02.tif,mappingafrica-256/labels/ET0972880_22156_2017-02.tif,train
ET0980094,mappingafrica,v2.0.0,ET,38.4715,10.4825,0.1042131696428571,0.8957868303571429,0.0,,mappingafrica-256/images/ET0980094_2020-07.tif,mappingafrica-256/labels/ET0980094_15936_2020-07.tif,train
ET0986537,mappingafrica,v2.0.0,ET,36.9915,10.4625,0.8267099808673469,0.173290019132653,0.0,,mappingafrica-256/images/ET0986537_2019-02.tif,mappingafrica-256/labels/ET0986537_100017_2019-02.tif,train
ET0991824,mappingafrica,v2.0.0,ET,38.1015,10.4475,0.7586694834183674,0.2413305165816326,0.0,,mappingafrica-256/images/ET0991824_2019-02.tif,mappingafrica-256/labels/ET0991824_21053_2019-02.tif,train
ET0991835,mappingafrica,v2.0.0,ET,38.1565,10.4475,0.2388592155612245,0.7611407844387755,0.0,,mappingafrica-256/images/ET0991835_2021-04.tif,mappingafrica-256/labels/ET0991835_6299_2021-04.tif,train
ET1013717,mappingafrica,v2.0.0,ET,37.3715,10.3825,0.1230668048469387,0.8769331951530613,0.0,,mappingafrica-256/images/ET1013717_2017-02.tif,mappingafrica-256/labels/ET1013717_19946_2017-02.tif,validate
ET1015874,mappingafrica,v2.0.0,ET,39.6665,10.3775,0.5888472576530612,0.4111527423469387,0.0,,mappingafrica-256/images/ET1015874_2023-04.tif,mappingafrica-256/labels/ET1015874_28872_2023-04.tif,train
ET1023981,mappingafrica,v2.0.0,ET,37.7665,10.3525,0.8711336096938775,0.1288663903061224,0.0,,mappingafrica-256/images/ET1023981_2022-04.tif,mappingafrica-256/labels/ET1023981_17897_2022-04.tif,train
ET1041315,mappingafrica,v2.0.0,ET,39.5415,10.3025,0.4288504464285714,0.5711495535714286,0.0,,mappingafrica-256/images/ET1041315_2019-02.tif,mappingafrica-256/labels/ET1041315_5213_2019-02.tif,train
ET1049438,mappingafrica,v2.0.0,ET,37.6915,10.2775,0.2694515306122449,0.7305484693877551,0.0,,mappingafrica-256/images/ET1049438_2020-02.tif,mappingafrica-256/labels/ET1049438_28731_2020-02.tif,test
ET1049671,mappingafrica,v2.0.0,ET,38.8565,10.2775,0.5461176658163265,0.4538823341836735,0.0,,mappingafrica-256/images/ET1049671_2021-08.tif,mappingafrica-256/labels/ET1049671_2433_2021-08.tif,train
ET1065094,mappingafrica,v2.0.0,ET,39.4665,10.2325,0.3954280931122449,0.6045719068877551,0.0,,mappingafrica-256/images/ET1065094_2021-04.tif,mappingafrica-256/labels/ET1065094_5216_2021-04.tif,test
ET1065171,mappingafrica,v2.0.0,ET,39.8515,10.2325,0.9968311543367347,0.0031688456632652,0.0,,mappingafrica-256/images/ET1065171_2018-02.tif,mappingafrica-256/labels/ET1065171_19949_2018-02.tif,train
ET1073456,mappingafrica,v2.0.0,ET,38.7165,10.2075,0.6431361607142857,0.3568638392857143,0.0,,mappingafrica-256/images/ET1073456_2021-08.tif,mappingafrica-256/labels/ET1073456_32537_2021-08.tif,train
ET1075031,mappingafrica,v2.0.0,ET,38.0715,10.2025,0.1618502869897959,0.8381497130102041,0.0,,mappingafrica-256/images/ET1075031_2023-04.tif,mappingafrica-256/labels/ET1075031_34366_2023-04.tif,train
ET1083886,mappingafrica,v2.0.0,ET,39.6265,10.1775,0.6277702487244898,0.3722297512755101,0.0,,mappingafrica-256/images/ET1083886_2019-02.tif,mappingafrica-256/labels/ET1083886_20704_2019-02.tif,train
ET1103889,mappingafrica,v2.0.0,ET,36.4565,10.1175,0.6521444515306123,0.3478555484693877,0.0,,mappingafrica-256/images/ET1103889_2023-04.tif,mappingafrica-256/labels/ET1103889_33635_2023-04.tif,train
ET1111507,mappingafrica,v2.0.0,ET,39.8865,10.0975,0.9784757653061223,0.0215242346938776,0.0,,mappingafrica-256/images/ET1111507_2022-01.tif,mappingafrica-256/labels/ET1111507_7351_2022-01.tif,train
ET1112180,mappingafrica,v2.0.0,ET,34.5565,10.0925,0.2438416772959183,0.7561583227040817,0.0,,mappingafrica-256/images/ET1112180_2022-03.tif,mappingafrica-256/labels/ET1112180_22671_2022-03.tif,train
ET1116560,mappingafrica,v2.0.0,ET,39.0265,10.0825,0.7926498724489796,0.2073501275510204,0.0,,mappingafrica-256/images/ET1116560_2017-08.tif,mappingafrica-256/labels/ET1116560_34049_2017-08.tif,train
ET1134085,mappingafrica,v2.0.0,ET,38.9465,10.0325,0.8505460778061225,0.1494539221938775,0.0,,mappingafrica-256/images/ET1134085_2021-08.tif,mappingafrica-256/labels/ET1134085_5218_2021-08.tif,train
ET1137737,mappingafrica,v2.0.0,ET,39.6065,10.0225,0.451171875,0.548828125,0.0,,mappingafrica-256/images/ET1137737_2017-02.tif,mappingafrica-256/labels/ET1137737_18893_2017-02.tif,train
ET1142769,mappingafrica,v2.0.0,ET,38.3365,10.0075,0.7025271045918368,0.2974728954081632,0.0,,mappingafrica-256/images/ET1142769_2018-08.tif,mappingafrica-256/labels/ET1142769_10575_2018-08.tif,validate
ET1153635,mappingafrica,v2.0.0,ET,39.7365,9.9775,0.7670599489795918,0.2329400510204081,0.0,,mappingafrica-256/images/ET1153635_2017-02.tif,mappingafrica-256/labels/ET1153635_35228_2017-02.tif,test
ET1165471,mappingafrica,v2.0.0,ET,37.0865,9.9425,0.3469188456632653,0.6530811543367347,0.0,,mappingafrica-256/images/ET1165471_2020-02.tif,mappingafrica-256/labels/ET1165471_15944_2020-02.tif,train
ET1169022,mappingafrica,v2.0.0,ET,37.1515,9.9325,0.6184032206632653,0.3815967793367347,0.0,,mappingafrica-256/images/ET1169022_2022-05.tif,mappingafrica-256/labels/ET1169022_22189_2022-05.tif,train
ET1183556,mappingafrica,v2.0.0,ET,38.9765,9.8925,0.2959382971938775,0.7040617028061225,0.0,,mappingafrica-256/images/ET1183556_2020-07.tif,mappingafrica-256/labels/ET1183556_37846_2020-07.tif,train
ET1186702,mappingafrica,v2.0.0,ET,36.9215,9.8825,0.956772161989796,0.043227838010204,0.0,,mappingafrica-256/images/ET1186702_2021-04.tif,mappingafrica-256/labels/ET1186702_29769_2021-04.tif,train
ET1192370,mappingafrica,v2.0.0,ET,38.3565,9.8675,0.9801498724489796,0.0198501275510204,0.0,,mappingafrica-256/images/ET1192370_2017-02.tif,mappingafrica-256/labels/ET1192370_22193_2017-02.tif,train
ET1201496,mappingafrica,v2.0.0,ET,38.9115,9.8425,0.1176658163265306,0.8823341836734694,0.0,,mappingafrica-256/images/ET1201496_2020-02.tif,mappingafrica-256/labels/ET1201496_13915_2020-02.tif,train
ET1217800,mappingafrica,v2.0.0,ET,38.8765,9.7975,0.6361208545918368,0.3638791454081632,0.0,,mappingafrica-256/images/ET1217800_2021-04.tif,mappingafrica-256/labels/ET1217800_8417_2021-04.tif,test
ET1220925,mappingafrica,v2.0.0,ET,36.3465,9.7875,0.606804049744898,0.393195950255102,0.0,,mappingafrica-256/images/ET1220925_2020-02.tif,mappingafrica-256/labels/ET1220925_17904_2020-02.tif,validate
ET1223021,mappingafrica,v2.0.0,ET,37.7465,9.7825,0.9005301339285714,0.0994698660714286,0.0,,mappingafrica-256/images/ET1223021_2017-02.tif,mappingafrica-256/labels/ET1223021_21148_2017-02.tif,validate
ET1226884,mappingafrica,v2.0.0,ET,38.8865,9.7725,0.6180444834183674,0.3819555165816326,0.0,,mappingafrica-256/images/ET1226884_2018-02.tif,mappingafrica-256/labels/ET1226884_15945_2018-02.tif,train
ET1232330,mappingafrica,v2.0.0,ET,38.8365,9.7575,0.6232661033163265,0.3767338966836735,0.0,,mappingafrica-256/images/ET1232330_2018-02.tif,mappingafrica-256/labels/ET1232330_22203_2018-02.tif,train
ET1244787,mappingafrica,v2.0.0,ET,37.3965,9.7225,0.3407405931122449,0.6592594068877551,0.0,,mappingafrica-256/images/ET1244787_2017-02.tif,mappingafrica-256/labels/ET1244787_7357_2017-02.tif,train
ET1250702,mappingafrica,v2.0.0,ET,39.6215,9.7075,0.5283402423469388,0.4716597576530612,0.0,,mappingafrica-256/images/ET1250702_2021-04.tif,mappingafrica-256/labels/ET1250702_21154_2021-04.tif,train
ET1256908,mappingafrica,v2.0.0,ET,43.2765,9.6925,0.9126674107142856,0.0873325892857144,0.0,,mappingafrica-256/images/ET1256908_2018-02.tif,mappingafrica-256/labels/ET1256908_13919_2018-02.tif,train
ET1257679,mappingafrica,v2.0.0,ET,38.0015,9.6875,0.5702327806122449,0.4297672193877551,0.0,,mappingafrica-256/images/ET1257679_2023-04.tif,mappingafrica-256/labels/ET1257679_36698_2023-04.tif,train
ET1261142,mappingafrica,v2.0.0,ET,37.0515,9.6775,0.7036431760204082,0.2963568239795918,0.0,,mappingafrica-256/images/ET1261142_2023-04.tif,mappingafrica-256/labels/ET1261142_27056_2023-04.tif,train
ET1261460,mappingafrica,v2.0.0,ET,38.6415,9.6775,0.8806800063775511,0.1193199936224489,0.0,,mappingafrica-256/images/ET1261460_2022-04.tif,mappingafrica-256/labels/ET1261460_2452_2022-04.tif,test
ET1264428,mappingafrica,v2.0.0,ET,35.2015,9.6675,0.2540058992346938,0.7459941007653061,0.0,,mappingafrica-256/images/ET1264428_2021-03.tif,mappingafrica-256/labels/ET1264428_18896_2021-03.tif,train
ET1271686,mappingafrica,v2.0.0,ET,34.9065,9.6475,0.1959701849489795,0.8040298150510206,0.0,,mappingafrica-256/images/ET1271686_2021-03.tif,mappingafrica-256/labels/ET1271686_30199_2021-03.tif,train
ET1275787,mappingafrica,v2.0.0,ET,37.1015,9.6375,0.5356345663265306,0.4643654336734694,0.0,,mappingafrica-256/images/ET1275787_2019-02.tif,mappingafrica-256/labels/ET1275787_100021_2019-02.tif,train
ET1279977,mappingafrica,v2.0.0,ET,39.7265,9.6275,0.3076969068877551,0.6923030931122449,0.0,,mappingafrica-256/images/ET1279977_2020-02.tif,mappingafrica-256/labels/ET1279977_19959_2020-02.tif,train
ET1280563,mappingafrica,v2.0.0,ET,42.6565,9.6275,0.3264907525510204,0.6735092474489797,0.0,,mappingafrica-256/images/ET1280563_2017-02.tif,mappingafrica-256/labels/ET1280563_5228_2017-02.tif,train
ET1281835,mappingafrica,v2.0.0,ET,39.8515,9.6225,0.2543447066326531,0.7456552933673469,0.0,,mappingafrica-256/images/ET1281835_2021-01.tif,mappingafrica-256/labels/ET1281835_8420_2021-01.tif,train
ET1288809,mappingafrica,v2.0.0,ET,38.0315,9.6025,0.5094268176020408,0.4905731823979592,0.0,,mappingafrica-256/images/ET1288809_2021-04.tif,mappingafrica-256/labels/ET1288809_35526_2021-04.tif,train
ET1292803,mappingafrica,v2.0.0,ET,39.5765,9.5925,0.8312938456632653,0.1687061543367347,0.0,,mappingafrica-256/images/ET1292803_2018-02.tif,mappingafrica-256/labels/ET1292803_18897_2018-02.tif,train
ET1294596,mappingafrica,v2.0.0,ET,39.3115,9.5875,0.5999481823979592,0.4000518176020408,0.0,,mappingafrica-256/images/ET1294596_2020-02.tif,mappingafrica-256/labels/ET1294596_10582_2020-02.tif,train
ET1301911,mappingafrica,v2.0.0,ET,38.8865,9.5675,0.5760921556122449,0.4239078443877551,0.0,,mappingafrica-256/images/ET1301911_2017-02.tif,mappingafrica-256/labels/ET1301911_14982_2017-02.tif,train
ET1319717,mappingafrica,v2.0.0,ET,35.0665,9.5175,0.3168447066326531,0.6831552933673469,0.0,,mappingafrica-256/images/ET1319717_2022-03.tif,mappingafrica-256/labels/ET1319717_35862_2022-03.tif,validate
ET1322878,mappingafrica,v2.0.0,ET,41.5765,9.5125,0.1298429528061224,0.8701570471938775,0.0,,mappingafrica-256/images/ET1322878_2021-04.tif,mappingafrica-256/labels/ET1322878_35502_2021-04.tif,validate
ET1330897,mappingafrica,v2.0.0,ET,35.1765,9.4875,0.6593789859693877,0.3406210140306123,0.0,,mappingafrica-256/images/ET1330897_2018-02.tif,mappingafrica-256/labels/ET1330897_18899_2018-02.tif,train
ET1339744,mappingafrica,v2.0.0,ET,42.1915,9.4675,0.0805365114795918,0.9194634885204082,0.0,,mappingafrica-256/images/ET1339744_2019-02.tif,mappingafrica-256/labels/ET1339744_16966_2019-02.tif,train
ET1345392,mappingafrica,v2.0.0,ET,42.4915,9.4525,0.7581513073979592,0.2418486926020407,0.0,,mappingafrica-256/images/ET1345392_2021-04.tif,mappingafrica-256/labels/ET1345392_1875_2021-04.tif,train
ET1345495,mappingafrica,v2.0.0,ET,43.0065,9.4525,0.1977638711734693,0.8022361288265307,0.0,,mappingafrica-256/images/ET1345495_2019-02.tif,mappingafrica-256/labels/ET1345495_4436_2019-02.tif,train
ET1351896,mappingafrica,v2.0.0,ET,37.7165,9.4325,0.1559311224489795,0.8440688775510206,0.0,,mappingafrica-256/images/ET1351896_2023-04.tif,mappingafrica-256/labels/ET1351896_28921_2023-04.tif,train
ET1362189,mappingafrica,v2.0.0,ET,42.4815,9.4075,0.7963368941326531,0.2036631058673469,0.0,,mappingafrica-256/images/ET1362189_2022-04.tif,mappingafrica-256/labels/ET1362189_40875_2022-04.tif,train
ET1371398,mappingafrica,v2.0.0,ET,41.6715,9.3825,0.6741270727040817,0.3258729272959183,0.0,,mappingafrica-256/images/ET1371398_2019-02.tif,mappingafrica-256/labels/ET1371398_22237_2019-02.tif,train
ET1371521,mappingafrica,v2.0.0,ET,42.2865,9.3825,0.3235212053571428,0.6764787946428572,0.0,,mappingafrica-256/images/ET1371521_2019-02.tif,mappingafrica-256/labels/ET1371521_20712_2019-02.tif,train
ET1381311,mappingafrica,v2.0.0,ET,34.6265,9.3525,0.1888552295918367,0.8111447704081634,0.0,,mappingafrica-256/images/ET1381311_2018-02.tif,mappingafrica-256/labels/ET1381311_37713_2018-02.tif,train
ET1388015,mappingafrica,v2.0.0,ET,39.5565,9.3375,0.657844387755102,0.342155612244898,0.0,,mappingafrica-256/images/ET1388015_2018-02.tif,mappingafrica-256/labels/ET1388015_21285_2018-02.tif,train
ET1394335,mappingafrica,v2.0.0,ET,42.5215,9.32250000000001,0.7341557716836735,0.2658442283163265,0.0,,mappingafrica-256/images/ET1394335_2021-04.tif,mappingafrica-256/labels/ET1394335_4126_2021-04.tif,train
ET1397494,mappingafrica,v2.0.0,ET,39.2115,9.3125,0.5217434630102041,0.4782565369897958,0.0,,mappingafrica-256/images/ET1397494_2020-02.tif,mappingafrica-256/labels/ET1397494_100023_2020-02.tif,train
ET1398319,mappingafrica,v2.0.0,ET,43.3365,9.3125,0.304328762755102,0.695671237244898,0.0,,mappingafrica-256/images/ET1398319_2017-02.tif,mappingafrica-256/labels/ET1398319_1885_2017-02.tif,train
ET1399965,mappingafrica,v2.0.0,ET,42.0065,9.3075,0.0759127869897959,0.924087213010204,0.0,,mappingafrica-256/images/ET1399965_2020-02.tif,mappingafrica-256/labels/ET1399965_16968_2020-02.tif,train
ET1407091,mappingafrica,v2.0.0,ET,39.3515,9.2875,0.1975845025510204,0.8024154974489797,0.0,,mappingafrica-256/images/ET1407091_2023-01.tif,mappingafrica-256/labels/ET1407091_30296_2023-01.tif,train
ET1415187,mappingafrica,v2.0.0,ET,41.4815,9.2675,0.5108816964285714,0.4891183035714286,0.0,,mappingafrica-256/images/ET1415187_2023-04.tif,mappingafrica-256/labels/ET1415187_33761_2023-04.tif,test
ET1416211,mappingafrica,v2.0.0,ET,37.0015,9.2625,0.0210459183673469,0.9789540816326532,0.0,,mappingafrica-256/images/ET1416211_2018-02.tif,mappingafrica-256/labels/ET1416211_15956_2018-02.tif,train
ET1424919,mappingafrica,v2.0.0,ET,42.0915,9.2425,0.8088926977040817,0.1911073022959183,0.0,,mappingafrica-256/images/ET1424919_2018-02.tif,mappingafrica-256/labels/ET1424919_22256_2018-02.tif,train
ET1427984,mappingafrica,v2.0.0,ET,38.1615,9.2325,0.8109654017857143,0.1890345982142857,0.0,,mappingafrica-256/images/ET1427984_2017-02.tif,mappingafrica-256/labels/ET1427984_39220_2017-02.tif,train
ET1429637,mappingafrica,v2.0.0,ET,36.7865,9.2275,0.2456552933673469,0.7543447066326531,0.0,,mappingafrica-256/images/ET1429637_2020-02.tif,mappingafrica-256/labels/ET1429637_10590_2020-02.tif,train
ET1439086,mappingafrica,v2.0.0,ET,35.7765,9.2025,0.036571269132653,0.963428730867347,0.0,,mappingafrica-256/images/ET1439086_2017-02.tif,mappingafrica-256/labels/ET1439086_15957_2017-02.tif,train
ET1440546,mappingafrica,v2.0.0,ET,43.0765,9.2025,0.8641780931122449,0.135821906887755,0.0,,mappingafrica-256/images/ET1440546_2021-04.tif,mappingafrica-256/labels/ET1440546_8434_2021-04.tif,train
ET1441303,mappingafrica,v2.0.0,ET,37.2015,9.19750000000001,0.3136360012755102,0.6863639987244898,0.0,,mappingafrica-256/images/ET1441303_2018-02.tif,mappingafrica-256/labels/ET1441303_100024_2018-02.tif,train
ET1453944,mappingafrica,v2.0.0,ET,42.3415,9.1675,0.7304288903061225,0.2695711096938775,0.0,,mappingafrica-256/images/ET1453944_2017-02.tif,mappingafrica-256/labels/ET1453944_14995_2017-02.tif,train
ET1478534,mappingafrica,v2.0.0,ET,38.9265,9.1025,0.4413066007653061,0.5586933992346939,0.0,,mappingafrica-256/images/ET1478534_2023-04.tif,mappingafrica-256/labels/ET1478534_31351_2023-04.tif,train
ET1485210,mappingafrica,v2.0.0,ET,43.0565,9.0875,0.6593789859693877,0.3406210140306123,0.0,,mappingafrica-256/images/ET1485210_2019-02.tif,mappingafrica-256/labels/ET1485210_14999_2019-02.tif,train
ET1488031,mappingafrica,v2.0.0,ET,37.6365,9.0775,0.0906608737244897,0.9093391262755104,0.0,,mappingafrica-256/images/ET1488031_2019-08.tif,mappingafrica-256/labels/ET1488031_19971_2019-08.tif,train
ET1504582,mappingafrica,v2.0.0,ET,42.0915,9.0375,0.9878029336734694,0.0121970663265306,0.0,,mappingafrica-256/images/ET1504582_2018-02.tif,mappingafrica-256/labels/ET1504582_10592_2018-02.tif,train
ET1505635,mappingafrica,v2.0.0,ET,37.5465,9.0325,0.5232182716836735,0.4767817283163265,0.0,,mappingafrica-256/images/ET1505635_2018-08.tif,mappingafrica-256/labels/ET1505635_5237_2018-08.tif,train
ET1513343,mappingafrica,v2.0.0,ET,36.7965,9.0125,0.6438137755102041,0.3561862244897958,0.0,,mappingafrica-256/images/ET1513343_2017-02.tif,mappingafrica-256/labels/ET1513343_22281_2017-02.tif,train
ET1517806,mappingafrica,v2.0.0,ET,39.4265,9.00250000000001,0.4190848214285714,0.5809151785714286,0.0,,mappingafrica-256/images/ET1517806_2017-02.tif,mappingafrica-256/labels/ET1517806_886_2017-02.tif,train
ET1519418,mappingafrica,v2.0.0,ET,37.6365,8.9975,0.8178411989795918,0.1821588010204081,0.0,,mappingafrica-256/images/ET1519418_2017-08.tif,mappingafrica-256/labels/ET1519418_16976_2017-08.tif,train
ET1520595,mappingafrica,v2.0.0,ET,43.5215,8.9975,0.8850446428571429,0.1149553571428571,0.0,,mappingafrica-256/images/ET1520595_2018-02.tif,mappingafrica-256/labels/ET1520595_18910_2018-02.tif,test
ET1525488,mappingafrica,v2.0.0,ET,38.3915,8.98250000000001,0.8711336096938775,0.1288663903061224,0.0,,mappingafrica-256/images/ET1525488_2021-04.tif,mappingafrica-256/labels/ET1525488_100323_2021-04.tif,train
ET1527152,mappingafrica,v2.0.0,ET,36.8215,8.9775,0.9656210140306124,0.0343789859693876,0.0,,mappingafrica-256/images/ET1527152_2021-04.tif,mappingafrica-256/labels/ET1527152_5239_2021-04.tif,train
ET1529552,mappingafrica,v2.0.0,ET,38.9165,8.9725,0.4341916454081632,0.5658083545918369,0.0,,mappingafrica-256/images/ET1529552_2020-02.tif,mappingafrica-256/labels/ET1529552_11723_2020-02.tif,test
ET1530866,mappingafrica,v2.0.0,ET,35.5665,8.96750000000001,0.5686981823979592,0.4313018176020408,0.0,,mappingafrica-256/images/ET1530866_2019-02.tif,mappingafrica-256/labels/ET1530866_7366_2019-02.tif,train
ET1536995,mappingafrica,v2.0.0,ET,36.3515,8.9525,0.3269491390306122,0.6730508609693878,0.0,,mappingafrica-256/images/ET1536995_2019-02.tif,mappingafrica-256/labels/ET1536995_15967_2019-02.tif,test
ET1541384,mappingafrica,v2.0.0,ET,38.3115,8.9425,0.9506536989795918,0.0493463010204081,0.0,,mappingafrica-256/images/ET1541384_2022-04.tif,mappingafrica-256/labels/ET1541384_33312_2022-04.tif,train
ET1549399,mappingafrica,v2.0.0,ET,38.2365,8.9225,0.9996611926020408,0.0003388073979592,0.0,,mappingafrica-256/images/ET1549399_2019-02.tif,mappingafrica-256/labels/ET1549399_22294_2019-02.tif,test
ET1556449,mappingafrica,v2.0.0,ET,43.2015,8.9075,0.1401068239795918,0.8598931760204083,0.0,,mappingafrica-256/images/ET1556449_2020-02.tif,mappingafrica-256/labels/ET1556449_22298_2020-02.tif,train
ET1569543,mappingafrica,v2.0.0,ET,37.4615,8.8725,0.6079599808673469,0.3920400191326531,0.0,,mappingafrica-256/images/ET1569543_2019-02.tif,mappingafrica-256/labels/ET1569543_32101_2019-02.tif,train
ET1578021,mappingafrica,v2.0.0,ET,38.8215,8.8525,0.0759327168367346,0.9240672831632654,0.0,,mappingafrica-256/images/ET1578021_2021-03.tif,mappingafrica-256/labels/ET1578021_5244_2021-03.tif,validate
ET1581542,mappingafrica,v2.0.0,ET,35.8215,8.8425,0.5136918048469388,0.4863081951530612,0.0,,mappingafrica-256/images/ET1581542_2023-05.tif,mappingafrica-256/labels/ET1581542_32403_2023-05.tif,train
ET1582565,mappingafrica,v2.0.0,ET,40.9365,8.84250000000001,0.9184470663265306,0.0815529336734693,0.0,,mappingafrica-256/images/ET1582565_2017-02.tif,mappingafrica-256/labels/ET1582565_9538_2017-02.tif,test
ET1604700,mappingafrica,v2.0.0,ET,37.2065,8.7875,0.7387595663265306,0.2612404336734694,0.0,,mappingafrica-256/images/ET1604700_2017-02.tif,mappingafrica-256/labels/ET1604700_22310_2017-02.tif,train
ET1613511,mappingafrica,v2.0.0,ET,39.2315,8.7675,0.3518813775510204,0.6481186224489797,0.0,,mappingafrica-256/images/ET1613511_2023-03.tif,mappingafrica-256/labels/ET1613511_33825_2023-03.tif,train
ET1619767,mappingafrica,v2.0.0,ET,38.8165,8.7525,0.8992745535714286,0.1007254464285714,0.0,,mappingafrica-256/images/ET1619767_2021-03.tif,mappingafrica-256/labels/ET1619767_21416_2021-03.tif,validate
ET1623884,mappingafrica,v2.0.0,ET,38.2065,8.7425,0.7394571109693877,0.2605428890306123,0.0,,mappingafrica-256/images/ET1623884_2017-02.tif,mappingafrica-256/labels/ET1623884_32432_2017-02.tif,test
ET1635982,mappingafrica,v2.0.0,ET,34.7815,8.7125,0.144172512755102,0.855827487244898,0.0,,mappingafrica-256/images/ET1635982_2023-05.tif,mappingafrica-256/labels/ET1635982_27076_2023-05.tif,train
ET1636473,mappingafrica,v2.0.0,ET,37.2365,8.7125,0.7735969387755102,0.2264030612244898,0.0,,mappingafrica-256/images/ET1636473_2023-04.tif,mappingafrica-256/labels/ET1636473_31908_2023-04.tif,train
ET1642651,mappingafrica,v2.0.0,ET,35.9715,8.6975,0.5019929846938775,0.4980070153061224,0.0,,mappingafrica-256/images/ET1642651_2021-05.tif,mappingafrica-256/labels/ET1642651_29301_2021-05.tif,train
ET1645084,mappingafrica,v2.0.0,ET,37.3865,8.6925,0.6277503188775511,0.3722496811224489,0.0,,mappingafrica-256/images/ET1645084_2017-02.tif,mappingafrica-256/labels/ET1645084_8453_2017-02.tif,train
ET1665257,mappingafrica,v2.0.0,ET,40.7965,8.6475,0.9616948341836736,0.0383051658163263,0.0,,mappingafrica-256/images/ET1665257_2018-02.tif,mappingafrica-256/labels/ET1665257_38618_2018-02.tif,train
ET1669019,mappingafrica,v2.0.0,ET,37.7815,8.6375,0.8188974808673469,0.181102519132653,0.0,,mappingafrica-256/images/ET1669019_2023-04.tif,mappingafrica-256/labels/ET1669019_31680_2023-04.tif,train
ET1675145,mappingafrica,v2.0.0,ET,35.5615,8.6225,0.331234056122449,0.6687659438775511,0.0,,mappingafrica-256/images/ET1675145_2019-02.tif,mappingafrica-256/labels/ET1675145_10602_2019-02.tif,train
ET1682100,mappingafrica,v2.0.0,ET,37.3515,8.6075,0.8751195790816326,0.1248804209183673,0.0,,mappingafrica-256/images/ET1682100_2023-04.tif,mappingafrica-256/labels/ET1682100_32873_2023-04.tif,train
ET1692706,mappingafrica,v2.0.0,ET,35.0865,8.5825,0.6700613839285714,0.3299386160714286,0.0,,mappingafrica-256/images/ET1692706_2018-02.tif,mappingafrica-256/labels/ET1692706_22337_2018-02.tif,test
ET1704381,mappingafrica,v2.0.0,ET,37.6765,8.5575,0.8029137436224489,0.197086256377551,0.0,,mappingafrica-256/images/ET1704381_2020-02.tif,mappingafrica-256/labels/ET1704381_32175_2020-02.tif,train
ET1706655,mappingafrica,v2.0.0,ET,37.8315,8.5525,0.5464764030612245,0.4535235969387755,0.0,,mappingafrica-256/images/ET1706655_2020-02.tif,mappingafrica-256/labels/ET1706655_18918_2020-02.tif,train
ET1711354,mappingafrica,v2.0.0,ET,38.8115,8.5425,0.2975924744897959,0.702407525510204,0.0,,mappingafrica-256/images/ET1711354_2019-02.tif,mappingafrica-256/labels/ET1711354_12881_2019-02.tif,validate
ET1711404,mappingafrica,v2.0.0,ET,39.0615,8.5425,0.2577128507653061,0.7422871492346939,0.0,,mappingafrica-256/images/ET1711404_2019-02.tif,mappingafrica-256/labels/ET1711404_13938_2019-02.tif,validate
ET1713435,mappingafrica,v2.0.0,ET,37.9215,8.5375,0.6378348214285714,0.3621651785714286,0.0,,mappingafrica-256/images/ET1713435_2022-04.tif,mappingafrica-256/labels/ET1713435_27080_2022-04.tif,train
ET1729353,mappingafrica,v2.0.0,ET,37.8515,8.5025,0.4085419323979591,0.5914580676020409,0.0,,mappingafrica-256/images/ET1729353_2018-02.tif,mappingafrica-256/labels/ET1729353_22344_2018-02.tif,train
ET1742628,mappingafrica,v2.0.0,ET,34.7965,8.4725,0.0570192920918367,0.9429807079081634,0.0,,mappingafrica-256/images/ET1742628_2017-02.tif,mappingafrica-256/labels/ET1742628_5252_2017-02.tif,train
ET1746059,mappingafrica,v2.0.0,ET,40.2515,8.46750000000001,0.5829679528061225,0.4170320471938775,0.0,,mappingafrica-256/images/ET1746059_2018-02.tif,mappingafrica-256/labels/ET1746059_1342_2018-02.tif,train
ET1747989,mappingafrica,v2.0.0,ET,38.1365,8.4625,0.3309151785714285,0.6690848214285715,0.0,,mappingafrica-256/images/ET1747989_2022-04.tif,mappingafrica-256/labels/ET1747989_12886_2022-04.tif,validate
ET1748198,mappingafrica,v2.0.0,ET,39.1815,8.4625,0.271125637755102,0.728874362244898,0.0,,mappingafrica-256/images/ET1748198_2020-02.tif,mappingafrica-256/labels/ET1748198_12887_2020-02.tif,train
ET1754733,mappingafrica,v2.0.0,ET,36.2365,8.44750000000001,0.9264389349489796,0.0735610650510204,0.0,,mappingafrica-256/images/ET1754733_2021-05.tif,mappingafrica-256/labels/ET1754733_100328_2021-05.tif,train
ET1757784,mappingafrica,v2.0.0,ET,39.4765,8.4425,0.8371133609693877,0.1628866390306123,0.0,,mappingafrica-256/images/ET1757784_2018-02.tif,mappingafrica-256/labels/ET1757784_100329_2018-02.tif,train
ET1757955,mappingafrica,v2.0.0,ET,40.3315,8.4425,0.259406887755102,0.740593112244898,0.0,,mappingafrica-256/images/ET1757955_2022-04.tif,mappingafrica-256/labels/ET1757955_7375_2022-04.tif,train
ET1774517,mappingafrica,v2.0.0,ET,37.1315,8.4075,0.6550342793367347,0.3449657206632652,0.0,,mappingafrica-256/images/ET1774517_2018-02.tif,mappingafrica-256/labels/ET1774517_15977_2018-02.tif,train
ET1780044,mappingafrica,v2.0.0,ET,39.8765,8.3975,0.0584343112244898,0.9415656887755102,0.0,,mappingafrica-256/images/ET1780044_2019-02.tif,mappingafrica-256/labels/ET1780044_15978_2019-02.tif,train
ET1784633,mappingafrica,v2.0.0,ET,37.8015,8.3875,0.6323541135204082,0.3676458864795918,0.0,,mappingafrica-256/images/ET1784633_2020-02.tif,mappingafrica-256/labels/ET1784633_40027_2020-02.tif,train
ET1799811,mappingafrica,v2.0.0,ET,38.0165,8.3575,0.686164700255102,0.313835299744898,0.0,,mappingafrica-256/images/ET1799811_2023-04.tif,mappingafrica-256/labels/ET1799811_30224_2023-04.tif,train
ET1802707,mappingafrica,v2.0.0,ET,39.7815,8.3525,0.8412986288265306,0.1587013711734693,0.0,,mappingafrica-256/images/ET1802707_2017-02.tif,mappingafrica-256/labels/ET1802707_32422_2017-02.tif,train
ET1848274,mappingafrica,v2.0.0,ET,35.8315,8.2625,0.1401466836734693,0.8598533163265307,0.0,,mappingafrica-256/images/ET1848274_2019-02.tif,mappingafrica-256/labels/ET1848274_21619_2019-02.tif,train
ET1862098,mappingafrica,v2.0.0,ET,39.6715,8.2375,0.8223852040816326,0.1776147959183673,0.0,,mappingafrica-256/images/ET1862098_2019-02.tif,mappingafrica-256/labels/ET1862098_30847_2019-02.tif,train
ET1864790,mappingafrica,v2.0.0,ET,40.0415,8.2325,0.4329958545918367,0.5670041454081634,0.0,,mappingafrica-256/images/ET1864790_2017-02.tif,mappingafrica-256/labels/ET1864790_22362_2017-02.tif,train
ET1867357,mappingafrica,v2.0.0,ET,39.7715,8.2275,0.7307876275510204,0.2692123724489795,0.0,,mappingafrica-256/images/ET1867357_2018-02.tif,mappingafrica-256/labels/ET1867357_13943_2018-02.tif,train
ET1867390,mappingafrica,v2.0.0,ET,39.9365,8.2275,0.5242944834183674,0.4757055165816326,0.0,,mappingafrica-256/images/ET1867390_2018-02.tif,mappingafrica-256/labels/ET1867390_6344_2018-02.tif,test
ET1875169,mappingafrica,v2.0.0,ET,39.4215,8.2125,0.7037826849489796,0.2962173150510204,0.0,,mappingafrica-256/images/ET1875169_2022-04.tif,mappingafrica-256/labels/ET1875169_27083_2022-04.tif,train
ET1898429,mappingafrica,v2.0.0,ET,36.4815,8.1675,0.4853117028061224,0.5146882971938775,0.0,,mappingafrica-256/images/ET1898429_2017-08.tif,mappingafrica-256/labels/ET1898429_11738_2017-08.tif,train
ET1920516,mappingafrica,v2.0.0,ET,39.9965,8.12750000000001,0.2250079719387755,0.7749920280612245,0.0,,mappingafrica-256/images/ET1920516_2019-02.tif,mappingafrica-256/labels/ET1920516_19980_2019-02.tif,train
ET1924997,mappingafrica,v2.0.0,ET,35.5065,8.1175,0.2558394451530612,0.7441605548469388,0.0,,mappingafrica-256/images/ET1924997_2018-02.tif,mappingafrica-256/labels/ET1924997_12896_2018-02.tif,train
ET1939052,mappingafrica,v2.0.0,ET,38.0665,8.09250000000001,0.6116071428571429,0.3883928571428571,0.0,,mappingafrica-256/images/ET1939052_2018-02.tif,mappingafrica-256/labels/ET1939052_15017_2018-02.tif,train
ET1953036,mappingafrica,v2.0.0,ET,39.8165,8.0675,0.4929049744897959,0.507095025510204,0.0,,mappingafrica-256/images/ET1953036_2019-02.tif,mappingafrica-256/labels/ET1953036_10610_2019-02.tif,test
ET1977890,mappingafrica,v2.0.0,ET,40.1915,8.0225,0.0802375637755102,0.9197624362244898,0.0,,mappingafrica-256/images/ET1977890_2020-02.tif,mappingafrica-256/labels/ET1977890_6347_2020-02.tif,train
ET1985304,mappingafrica,v2.0.0,ET,35.6315,8.0075,0.3431521045918367,0.6568478954081634,0.0,,mappingafrica-256/images/ET1985304_2022-03.tif,mappingafrica-256/labels/ET1985304_18925_2022-03.tif,train
ET1994410,mappingafrica,v2.0.0,ET,39.3415,7.9925,0.6248206313775511,0.3751793686224489,0.0,,mappingafrica-256/images/ET1994410_2023-04.tif,mappingafrica-256/labels/ET1994410_31276_2023-04.tif,train
ET1999904,mappingafrica,v2.0.0,ET,36.9365,7.98250000000001,0.4704838966836734,0.5295161033163266,0.0,,mappingafrica-256/images/ET1999904_2022-04.tif,mappingafrica-256/labels/ET1999904_4149_2022-04.tif,validate
ET2000249,mappingafrica,v2.0.0,ET,38.6615,7.98250000000001,0.4901147959183674,0.5098852040816326,0.0,,mappingafrica-256/images/ET2000249_2017-02.tif,mappingafrica-256/labels/ET2000249_10612_2017-02.tif,validate
ET2003082,mappingafrica,v2.0.0,ET,37.9015,7.9775,0.1691047512755102,0.8308952487244898,0.0,,mappingafrica-256/images/ET2003082_2021-04.tif,mappingafrica-256/labels/ET2003082_5260_2021-04.tif,test
ET2003375,mappingafrica,v2.0.0,ET,39.3665,7.9775,0.3433314732142857,0.6566685267857143,0.0,,mappingafrica-256/images/ET2003375_2020-02.tif,mappingafrica-256/labels/ET2003375_31007_2020-02.tif,validate
ET2048230,mappingafrica,v2.0.0,ET,40.0215,7.9025,0.399055325255102,0.600944674744898,0.0,,mappingafrica-256/images/ET2048230_2018-02.tif,mappingafrica-256/labels/ET2048230_7382_2018-02.tif,train
ET2097825,mappingafrica,v2.0.0,ET,35.8865,7.8175,0.4317602040816326,0.5682397959183674,0.0,,mappingafrica-256/images/ET2097825_2019-02.tif,mappingafrica-256/labels/ET2097825_100338_2019-02.tif,train
ET2100810,mappingafrica,v2.0.0,ET,36.0515,7.8125,0.7459143813775511,0.2540856186224489,0.0,,mappingafrica-256/images/ET2100810_2023-05.tif,mappingafrica-256/labels/ET2100810_27090_2023-05.tif,train
ET2109737,mappingafrica,v2.0.0,ET,36.4615,7.7975,0.4226522640306122,0.5773477359693878,0.0,,mappingafrica-256/images/ET2109737_2017-08.tif,mappingafrica-256/labels/ET2109737_38089_2017-08.tif,train
ET2116132,mappingafrica,v2.0.0,ET,39.1365,7.78750000000001,0.5616430165816326,0.4383569834183674,0.0,,mappingafrica-256/images/ET2116132_2021-04.tif,mappingafrica-256/labels/ET2116132_5263_2021-04.tif,validate
ET2130663,mappingafrica,v2.0.0,ET,39.1065,7.7625,0.1240632971938775,0.8759367028061225,0.0,,mappingafrica-256/images/ET2130663_2023-04.tif,mappingafrica-256/labels/ET2130663_33807_2023-04.tif,train
ET2136662,mappingafrica,v2.0.0,ET,40.1515,7.7525,0.5693160076530612,0.4306839923469387,0.0,,mappingafrica-256/images/ET2136662_2023-04.tif,mappingafrica-256/labels/ET2136662_35900_2023-04.tif,train
ET2144679,mappingafrica,v2.0.0,ET,37.0765,7.7375,0.3304368622448979,0.6695631377551021,0.0,,mappingafrica-256/images/ET2144679_2019-02.tif,mappingafrica-256/labels/ET2144679_7387_2019-02.tif,validate
ET2147806,mappingafrica,v2.0.0,ET,38.4065,7.7325,0.69140625,0.30859375,0.0,,mappingafrica-256/images/ET2147806_2021-08.tif,mappingafrica-256/labels/ET2147806_33675_2021-08.tif,validate
ET2179156,mappingafrica,v2.0.0,ET,39.9565,7.6775,0.8456433354591837,0.1543566645408163,0.0,,mappingafrica-256/images/ET2179156_2018-02.tif,mappingafrica-256/labels/ET2179156_4154_2018-02.tif,test
ET2181604,mappingafrica,v2.0.0,ET,38.2215,7.6725,0.5734414859693877,0.4265585140306123,0.0,,mappingafrica-256/images/ET2181604_2023-08.tif,mappingafrica-256/labels/ET2181604_35576_2023-08.tif,train
ET2184334,mappingafrica,v2.0.0,ET,37.9015,7.6675,0.2273796237244898,0.7726203762755102,0.0,,mappingafrica-256/images/ET2184334_2018-08.tif,mappingafrica-256/labels/ET2184334_12899_2018-08.tif,train
ET2204278,mappingafrica,v2.0.0,ET,40.1815,7.6325,0.1262555803571428,0.8737444196428572,0.0,,mappingafrica-256/images/ET2204278_2023-04.tif,mappingafrica-256/labels/ET2204278_31523_2023-04.tif,test
ET2214754,mappingafrica,v2.0.0,ET,37.1215,7.6125,0.0847217793367346,0.9152782206632654,0.0,,mappingafrica-256/images/ET2214754_2017-02.tif,mappingafrica-256/labels/ET2214754_19984_2017-02.tif,train
ET2214893,mappingafrica,v2.0.0,ET,37.8165,7.6125,0.2272799744897959,0.7727200255102041,0.0,,mappingafrica-256/images/ET2214893_2022-08.tif,mappingafrica-256/labels/ET2214893_27098_2022-08.tif,train
ET2217614,mappingafrica,v2.0.0,ET,37.6015,7.60750000000001,0.6271524234693877,0.3728475765306123,0.0,,mappingafrica-256/images/ET2217614_2020-02.tif,mappingafrica-256/labels/ET2217614_100341_2020-02.tif,train
ET2220255,mappingafrica,v2.0.0,ET,37.0065,7.6025,0.6599170918367347,0.3400829081632652,0.0,,mappingafrica-256/images/ET2220255_2022-04.tif,mappingafrica-256/labels/ET2220255_22389_2022-04.tif,train
ET2223244,mappingafrica,v2.0.0,ET,38.1615,7.5975,0.7119140625,0.2880859375,0.0,,mappingafrica-256/images/ET2223244_2017-08.tif,mappingafrica-256/labels/ET2223244_6624_2017-08.tif,validate
ET2242390,mappingafrica,v2.0.0,ET,37.6615,7.5625,0.2593072385204081,0.740692761479592,0.0,,mappingafrica-256/images/ET2242390_2021-04.tif,mappingafrica-256/labels/ET2242390_10622_2021-04.tif,train
ET2256262,mappingafrica,v2.0.0,ET,38.5715,7.53750000000001,0.3273875956632653,0.6726124043367347,0.0,,mappingafrica-256/images/ET2256262_2019-08.tif,mappingafrica-256/labels/ET2256262_8476_2019-08.tif,validate
ET2272531,mappingafrica,v2.0.0,ET,38.1965,7.5075,0.5796396683673469,0.4203603316326531,0.0,,mappingafrica-256/images/ET2272531_2017-08.tif,mappingafrica-256/labels/ET2272531_15989_2017-08.tif,train
ET2275504,mappingafrica,v2.0.0,ET,39.5115,7.50250000000001,0.877311862244898,0.122688137755102,0.0,,mappingafrica-256/images/ET2275504_2019-02.tif,mappingafrica-256/labels/ET2275504_19987_2019-02.tif,train
ET2277776,mappingafrica,v2.0.0,ET,37.3265,7.4975,0.6083187181122449,0.3916812818877551,0.0,,mappingafrica-256/images/ET2277776_2019-02.tif,mappingafrica-256/labels/ET2277776_20727_2019-02.tif,train
ET2283317,mappingafrica,v2.0.0,ET,37.9365,7.4875,0.1152941645408163,0.8847058354591837,0.0,,mappingafrica-256/images/ET2283317_2023-08.tif,mappingafrica-256/labels/ET2283317_29150_2023-08.tif,train
ET2286002,mappingafrica,v2.0.0,ET,37.8215,7.48250000000001,0.5016541772959183,0.4983458227040817,0.0,,mappingafrica-256/images/ET2286002_2018-08.tif,mappingafrica-256/labels/ET2286002_7392_2018-08.tif,test
ET2310291,mappingafrica,v2.0.0,ET,37.7715,7.4375,0.416812818877551,0.5831871811224489,0.0,,mappingafrica-256/images/ET2310291_2022-04.tif,mappingafrica-256/labels/ET2310291_15990_2022-04.tif,train
ET2315696,mappingafrica,v2.0.0,ET,37.9165,7.4275,0.6430963010204082,0.3569036989795918,0.0,,mappingafrica-256/images/ET2315696_2023-08.tif,mappingafrica-256/labels/ET2315696_27101_2023-08.tif,train
ET2321542,mappingafrica,v2.0.0,ET,40.3065,7.4175,0.7912747130102041,0.2087252869897958,0.0,,mappingafrica-256/images/ET2321542_2017-02.tif,mappingafrica-256/labels/ET2321542_22396_2017-02.tif,validate
ET2334864,mappingafrica,v2.0.0,ET,39.9465,7.39250000000001,0.9020049426020408,0.0979950573979592,0.0,,mappingafrica-256/images/ET2334864_2022-04.tif,mappingafrica-256/labels/ET2334864_15028_2022-04.tif,train
ET2340134,mappingafrica,v2.0.0,ET,39.5615,7.3825,0.5779854910714286,0.4220145089285714,0.0,,mappingafrica-256/images/ET2340134_2018-02.tif,mappingafrica-256/labels/ET2340134_36547_2018-02.tif,train
ET2345544,mappingafrica,v2.0.0,ET,39.9115,7.3725,0.5523158482142857,0.4476841517857143,0.0,,mappingafrica-256/images/ET2345544_2019-02.tif,mappingafrica-256/labels/ET2345544_5271_2019-02.tif,validate
ET2347809,mappingafrica,v2.0.0,ET,37.8965,7.3675,0.5222616390306123,0.4777383609693877,0.0,,mappingafrica-256/images/ET2347809_2018-02.tif,mappingafrica-256/labels/ET2347809_7394_2018-02.tif,train
ET2348356,mappingafrica,v2.0.0,ET,40.6315,7.3675,0.3206911670918367,0.6793088329081634,0.0,,mappingafrica-256/images/ET2348356_2022-04.tif,mappingafrica-256/labels/ET2348356_6355_2022-04.tif,validate
ET2392523,mappingafrica,v2.0.0,ET,35.5365,7.2825,0.0576769770408163,0.9423230229591836,0.0,,mappingafrica-256/images/ET2392523_2019-02.tif,mappingafrica-256/labels/ET2392523_27105_2019-02.tif,train
ET2401292,mappingafrica,v2.0.0,ET,39.6465,7.26750000000001,0.0642936862244897,0.9357063137755104,0.0,,mappingafrica-256/images/ET2401292_2018-02.tif,mappingafrica-256/labels/ET2401292_10626_2018-02.tif,train
ET2421834,mappingafrica,v2.0.0,ET,36.5715,7.2275,0.3019770408163265,0.6980229591836735,0.0,,mappingafrica-256/images/ET2421834_2018-08.tif,mappingafrica-256/labels/ET2421834_10629_2018-08.tif,validate
ET2429653,mappingafrica,v2.0.0,ET,36.1865,7.2125,0.2224968112244898,0.7775031887755102,0.0,,mappingafrica-256/images/ET2429653_2017-02.tif,mappingafrica-256/labels/ET2429653_19991_2017-02.tif,train
ET2432355,mappingafrica,v2.0.0,ET,36.5665,7.2075,0.2339564732142857,0.7660435267857143,0.0,,mappingafrica-256/images/ET2432355_2017-08.tif,mappingafrica-256/labels/ET2432355_36799_2017-08.tif,train
ET2440748,mappingafrica,v2.0.0,ET,39.2015,7.1925,0.4073860012755102,0.5926139987244898,0.0,,mappingafrica-256/images/ET2440748_2018-02.tif,mappingafrica-256/labels/ET2440748_917_2018-02.tif,validate
ET2448378,mappingafrica,v2.0.0,ET,38.0865,7.1775,0.2330197704081632,0.7669802295918368,0.0,,mappingafrica-256/images/ET2448378_2023-03.tif,mappingafrica-256/labels/ET2448378_37483_2023-03.tif,train
ET2448591,mappingafrica,v2.0.0,ET,39.1515,7.1775,0.7443997130102041,0.2556002869897958,0.0,,mappingafrica-256/images/ET2448591_2023-04.tif,mappingafrica-256/labels/ET2448591_36469_2023-04.tif,train
ET2461699,mappingafrica,v2.0.0,ET,39.4915,7.1525,0.7561383928571429,0.2438616071428571,0.0,,mappingafrica-256/images/ET2461699_2020-02.tif,mappingafrica-256/labels/ET2461699_21889_2020-02.tif,test
ET2464530,mappingafrica,v2.0.0,ET,40.6515,7.1475,0.9521683673469388,0.0478316326530612,0.0,,mappingafrica-256/images/ET2464530_2021-04.tif,mappingafrica-256/labels/ET2464530_22414_2021-04.tif,train
ET2487588,mappingafrica,v2.0.0,ET,39.4815,7.1025,0.8919403698979592,0.1080596301020407,0.0,,mappingafrica-256/images/ET2487588_2018-02.tif,mappingafrica-256/labels/ET2487588_35935_2018-02.tif,train
ET2492514,mappingafrica,v2.0.0,ET,38.2965,7.09250000000001,0.6510881696428571,0.3489118303571429,0.0,,mappingafrica-256/images/ET2492514_2017-02.tif,mappingafrica-256/labels/ET2492514_11744_2017-02.tif,train
ET2495476,mappingafrica,v2.0.0,ET,40.2015,7.0875,0.4257214604591837,0.5742785395408163,0.0,,mappingafrica-256/images/ET2495476_2020-02.tif,mappingafrica-256/labels/ET2495476_7396_2020-02.tif,train
ET2497172,mappingafrica,v2.0.0,ET,35.7815,7.0825,0.6131417410714286,0.3868582589285714,0.0,,mappingafrica-256/images/ET2497172_2021-04.tif,mappingafrica-256/labels/ET2497172_11745_2021-04.tif,train
ET2515631,mappingafrica,v2.0.0,ET,37.9265,7.0475,0.4927853954081632,0.5072146045918369,0.0,,mappingafrica-256/images/ET2515631_2018-02.tif,mappingafrica-256/labels/ET2515631_37829_2018-02.tif,train
ET2523589,mappingafrica,v2.0.0,ET,39.1965,7.0325,0.6185028698979592,0.3814971301020408,0.0,,mappingafrica-256/images/ET2523589_2022-04.tif,mappingafrica-256/labels/ET2523589_5280_2022-04.tif,train
ET2531200,mappingafrica,v2.0.0,ET,38.8265,7.01750000000001,0.7428252551020408,0.2571747448979592,0.0,,mappingafrica-256/images/ET2531200_2022-04.tif,mappingafrica-256/labels/ET2531200_19998_2022-04.tif,train
ET2541300,mappingafrica,v2.0.0,ET,38.3065,6.9975,0.5076729910714286,0.4923270089285714,0.0,,mappingafrica-256/images/ET2541300_2019-02.tif,mappingafrica-256/labels/ET2541300_13954_2019-02.tif,train
ET2559050,mappingafrica,v2.0.0,ET,38.1465,6.9625,0.6020408163265306,0.3979591836734694,0.0,,mappingafrica-256/images/ET2559050_2023-03.tif,mappingafrica-256/labels/ET2559050_37311_2023-03.tif,test
ET2564304,mappingafrica,v2.0.0,ET,39.2215,6.9525,0.0170798788265306,0.9829201211734694,0.0,,mappingafrica-256/images/ET2564304_2021-04.tif,mappingafrica-256/labels/ET2564304_6363_2021-04.tif,test
ET2567013,mappingafrica,v2.0.0,ET,40.2015,6.94750000000001,0.5737005739795918,0.4262994260204081,0.0,,mappingafrica-256/images/ET2567013_2021-04.tif,mappingafrica-256/labels/ET2567013_26828_2021-04.tif,train
ET2588575,mappingafrica,v2.0.0,ET,35.7415,6.9025,0.6390704719387755,0.3609295280612244,0.0,,mappingafrica-256/images/ET2588575_2021-04.tif,mappingafrica-256/labels/ET2588575_40287_2021-04.tif,train
ET2610908,mappingafrica,v2.0.0,ET,35.8965,6.85750000000001,0.3184988839285714,0.6815011160714286,0.0,,mappingafrica-256/images/ET2610908_2018-02.tif,mappingafrica-256/labels/ET2610908_5282_2018-02.tif,train
ET2614250,mappingafrica,v2.0.0,ET,40.2665,6.8525,0.3965242346938775,0.6034757653061225,0.0,,mappingafrica-256/images/ET2614250_2020-02.tif,mappingafrica-256/labels/ET2614250_35727_2020-02.tif,test
ET2628624,mappingafrica,v2.0.0,ET,38.2265,6.8225,0.6660953443877551,0.3339046556122449,0.0,,mappingafrica-256/images/ET2628624_2019-08.tif,mappingafrica-256/labels/ET2628624_22436_2019-08.tif,train
ET2642741,mappingafrica,v2.0.0,ET,35.1315,6.7925,0.9577088647959184,0.0422911352040815,0.0,,mappingafrica-256/images/ET2642741_2023-12.tif,mappingafrica-256/labels/ET2642741_36122_2023-12.tif,train
ET2762446,mappingafrica,v2.0.0,ET,35.5065,6.5425,0.7642498405612245,0.2357501594387755,0.0,,mappingafrica-256/images/ET2762446_2022-12.tif,mappingafrica-256/labels/ET2762446_15998_2022-12.tif,train
ET2772353,mappingafrica,v2.0.0,ET,38.6465,6.5225,0.0588727678571428,0.9411272321428572,0.0,,mappingafrica-256/images/ET2772353_2018-02.tif,mappingafrica-256/labels/ET2772353_1970_2018-02.tif,train
ET2784178,mappingafrica,v2.0.0,ET,39.9415,6.4975,0.4621532206632653,0.5378467793367347,0.0,,mappingafrica-256/images/ET2784178_2017-02.tif,mappingafrica-256/labels/ET2784178_2541_2017-02.tif,test
ET2850205,mappingafrica,v2.0.0,ET,38.2515,6.3525,0.4787946428571428,0.5212053571428572,0.0,,mappingafrica-256/images/ET2850205_2021-03.tif,mappingafrica-256/labels/ET2850205_22090_2021-03.tif,train
ET2861910,mappingafrica,v2.0.0,ET,39.9365,6.3275,0.4893574617346938,0.5106425382653061,0.0,,mappingafrica-256/images/ET2861910_2021-04.tif,mappingafrica-256/labels/ET2861910_11751_2021-04.tif,train
ET2880003,mappingafrica,v2.0.0,ET,39.6365,6.28750000000001,0.3414979272959184,0.6585020727040816,0.0,,mappingafrica-256/images/ET2880003_2019-02.tif,mappingafrica-256/labels/ET2880003_100350_2019-02.tif,train
ET2886592,mappingafrica,v2.0.0,ET,38.5465,6.2725,0.2653260522959184,0.7346739477040816,0.0,,mappingafrica-256/images/ET2886592_2017-02.tif,mappingafrica-256/labels/ET2886592_13961_2017-02.tif,train
ET2913415,mappingafrica,v2.0.0,ET,36.9265,6.2125,0.1214724170918367,0.8785275829081634,0.0,,mappingafrica-256/images/ET2913415_2022-12.tif,mappingafrica-256/labels/ET2913415_22453_2022-12.tif,train
ET2918020,mappingafrica,v2.0.0,ET,37.4265,6.2025,0.4214963329081632,0.5785036670918369,0.0,,mappingafrica-256/images/ET2918020_2021-12.tif,mappingafrica-256/labels/ET2918020_34144_2021-12.tif,train
ET2920721,mappingafrica,v2.0.0,ET,39.6765,6.1975,0.3506058673469387,0.6493941326530612,0.0,,mappingafrica-256/images/ET2920721_2019-02.tif,mappingafrica-256/labels/ET2920721_32177_2019-02.tif,test
ET2927232,mappingafrica,v2.0.0,ET,38.5015,6.1825,0.5019929846938775,0.4980070153061224,0.0,,mappingafrica-256/images/ET2927232_2023-04.tif,mappingafrica-256/labels/ET2927232_35815_2023-04.tif,train
ET2945014,mappingafrica,v2.0.0,ET,37.6465,6.14250000000001,0.3275071747448979,0.6724928252551021,0.0,,mappingafrica-256/images/ET2945014_2019-02.tif,mappingafrica-256/labels/ET2945014_1374_2019-02.tif,train
ET2952096,mappingafrica,v2.0.0,ET,39.4715,6.12750000000001,0.4956752232142857,0.5043247767857143,0.0,,mappingafrica-256/images/ET2952096_2021-04.tif,mappingafrica-256/labels/ET2952096_13669_2021-04.tif,train
ET3005471,mappingafrica,v2.0.0,ET,39.7365,6.0075,0.1415019132653061,0.8584980867346939,0.0,,mappingafrica-256/images/ET3005471_2019-02.tif,mappingafrica-256/labels/ET3005471_12915_2019-02.tif,train
ET3036132,mappingafrica,v2.0.0,ET,38.9865,5.9375,0.6475007971938775,0.3524992028061224,0.0,,mappingafrica-256/images/ET3036132_2017-02.tif,mappingafrica-256/labels/ET3036132_22460_2017-02.tif,train
ET3040223,mappingafrica,v2.0.0,ET,37.5165,5.92750000000001,0.8352598852040817,0.1647401147959183,0.0,,mappingafrica-256/images/ET3040223_2017-02.tif,mappingafrica-256/labels/ET3040223_20004_2017-02.tif,train
ET3126613,mappingafrica,v2.0.0,ET,36.8865,5.7275,0.6771364795918368,0.3228635204081632,0.0,,mappingafrica-256/images/ET3126613_2021-04.tif,mappingafrica-256/labels/ET3126613_6369_2021-04.tif,test
ET3209121,mappingafrica,v2.0.0,ET,39.4615,5.53250000000001,0.2470902423469387,0.7529097576530613,0.0,,mappingafrica-256/images/ET3209121_2022-04.tif,mappingafrica-256/labels/ET3209121_17953_2022-04.tif,validate
ET3212843,mappingafrica,v2.0.0,ET,37.4765,5.5225,0.1104113520408163,0.8895886479591837,0.0,,mappingafrica-256/images/ET3212843_2021-04.tif,mappingafrica-256/labels/ET3212843_22471_2021-04.tif,test
ET3251689,mappingafrica,v2.0.0,ET,37.6815,5.4275,0.7614397321428571,0.2385602678571429,0.0,,mappingafrica-256/images/ET3251689_2017-02.tif,mappingafrica-256/labels/ET3251689_27119_2017-02.tif,train
ET3271585,mappingafrica,v2.0.0,ET,37.2115,5.3775,0.2634127869897959,0.736587213010204,0.0,,mappingafrica-256/images/ET3271585_2018-02.tif,mappingafrica-256/labels/ET3271585_32003_2018-02.tif,train
ET3364470,mappingafrica,v2.0.0,ET,37.1465,5.13250000000001,0.0690369897959183,0.9309630102040816,0.0,,mappingafrica-256/images/ET3364470_2020-02.tif,mappingafrica-256/labels/ET3364470_10641_2020-02.tif,train
ET3408874,mappingafrica,v2.0.0,ET,44.9965,5.0175,0.3136360012755102,0.6863639987244898,0.0,,mappingafrica-256/images/ET3408874_2023-05.tif,mappingafrica-256/labels/ET3408874_36430_2023-05.tif,train
ET3443196,mappingafrica,v2.0.0,ET,37.3715,4.9175,0.5583147321428571,0.4416852678571429,0.0,,mappingafrica-256/images/ET3443196_2017-02.tif,mappingafrica-256/labels/ET3443196_100354_2017-02.tif,train
ET3477869,mappingafrica,v2.0.0,ET,38.5515,4.80750000000001,0.2971340880102041,0.702865911989796,0.0,,mappingafrica-256/images/ET3477869_2019-02.tif,mappingafrica-256/labels/ET3477869_20007_2019-02.tif,train
GH0001174,mappingafrica,v1.3.0,GH,-0.0485000000000042,11.0575,0.1559111926020408,0.8440888073979592,0.0,,mappingafrica-256/images/GH0001174_2018-12.tif,mappingafrica-256/labels/GH0001174_900720_2018-12.tif,train
GH0001445,mappingafrica,v1.3.0,GH,-0.0985000000000014,11.0425,0.3558872767857143,0.6441127232142857,0.0,,mappingafrica-256/images/GH0001445_2018-12.tif,mappingafrica-256/labels/GH0001445_900721_2018-12.tif,validate
GH0001851,mappingafrica,v1.3.0,GH,0.0064999999999955,11.0225,0.1054089604591836,0.8945910395408164,0.0,,mappingafrica-256/images/GH0001851_2018-12.tif,mappingafrica-256/labels/GH0001851_900726_2018-12.tif,train
GH0002732,mappingafrica,v1.3.0,GH,-1.6785,10.9925,0.0042849170918367,0.9957150829081634,0.0,,mappingafrica-256/images/GH0002732_2018-12.tif,mappingafrica-256/labels/GH0002732_900729_2018-12.tif,train
GH0005426,mappingafrica,v1.3.0,GH,-0.728500000000004,10.9675,0.2264429209183673,0.7735570790816327,0.0,,mappingafrica-256/images/GH0005426_2018-12.tif,mappingafrica-256/labels/GH0005426_900747_2018-12.tif,train
GH0008156,mappingafrica,v1.3.0,GH,-0.923500000000004,10.9425,0.1349250637755102,0.8650749362244898,0.0,,mappingafrica-256/images/GH0008156_2018-12.tif,mappingafrica-256/labels/GH0008156_900757_2018-12.tif,train
GH0009565,mappingafrica,v1.3.0,GH,-2.2135,10.9275,0.159976881377551,0.8400231186224489,0.0,,mappingafrica-256/images/GH0009565_2018-12.tif,mappingafrica-256/labels/GH0009565_900763_2018-12.tif,train
GH0010393,mappingafrica,v1.3.0,GH,-0.858500000000003,10.9225,0.2079081632653061,0.7920918367346939,0.0,,mappingafrica-256/images/GH0010393_2018-12.tif,mappingafrica-256/labels/GH0010393_900768_2018-12.tif,train
GH0010399,mappingafrica,v1.3.0,GH,-0.828500000000002,10.9225,0.493343431122449,0.5066565688775511,0.0,,mappingafrica-256/images/GH0010399_2018-12.tif,mappingafrica-256/labels/GH0010399_900769_2018-12.tif,train
GH0010425,mappingafrica,v1.3.0,GH,-0.698500000000003,10.9225,0.3412587691326531,0.6587412308673469,0.0,,mappingafrica-256/images/GH0010425_2018-12.tif,mappingafrica-256/labels/GH0010425_900770_2018-12.tif,train
GH0013124,mappingafrica,v1.3.0,GH,-1.1985,10.8975,0.0303332270408163,0.9696667729591836,0.0,,mappingafrica-256/images/GH0013124_2018-12.tif,mappingafrica-256/labels/GH0013124_900780_2018-12.tif,test
GH0013172,mappingafrica,v2.0.0,GH,-0.958500000000004,10.8975,0.6285873724489796,0.3714126275510204,0.0,,mappingafrica-256/images/GH0013172_2018-02.tif,mappingafrica-256/labels/GH0013172_3511_2018-02.tif,train
GH0013254,mappingafrica,v1.3.0,GH,-0.548500000000004,10.8975,0.4847935267857143,0.5152064732142857,0.0,,mappingafrica-256/images/GH0013254_2018-12.tif,mappingafrica-256/labels/GH0013254_900781_2018-12.tif,train
GH0016922,mappingafrica,v1.3.0,GH,-2.0385,10.8625,0.3946308992346938,0.6053691007653061,0.0,,mappingafrica-256/images/GH0016922_2018-12.tif,mappingafrica-256/labels/GH0016922_900803_2018-12.tif,train
GH0017365,mappingafrica,v1.3.0,GH,-2.6585,10.8575,0.1297632334183673,0.8702367665816327,0.0,,mappingafrica-256/images/GH0017365_2018-12.tif,mappingafrica-256/labels/GH0017365_900805_2018-12.tif,train
GH0019995,mappingafrica,v1.3.0,GH,-0.868500000000005,10.8375,0.1169882015306122,0.8830117984693878,0.0,,mappingafrica-256/images/GH0019995_2018-12.tif,mappingafrica-256/labels/GH0019995_900819_2018-12.tif,train
GH0022545,mappingafrica,v1.3.0,GH,-2.3835,10.8125,0.1951729910714285,0.8048270089285715,0.0,,mappingafrica-256/images/GH0022545_2018-12.tif,mappingafrica-256/labels/GH0022545_900833_2018-12.tif,train
GH0026506,mappingafrica,v1.3.0,GH,-2.4685,10.7775,0.1822783801020408,0.8177216198979592,0.0,,mappingafrica-256/images/GH0026506_2018-12.tif,mappingafrica-256/labels/GH0026506_900853_2018-12.tif,train
GH0028548,mappingafrica,v1.3.0,GH,-0.753500000000003,10.7625,0.1242028061224489,0.8757971938775511,0.0,,mappingafrica-256/images/GH0028548_2018-12.tif,mappingafrica-256/labels/GH0028548_900862_2018-12.tif,train
GH0032067,mappingafrica,v1.3.0,GH,-0.203500000000002,10.7325,0.1378946109693877,0.8621053890306123,0.0,,mappingafrica-256/images/GH0032067_2018-12.tif,mappingafrica-256/labels/GH0032067_900884_2018-12.tif,train
GH0033073,mappingafrica,v1.3.0,GH,-0.893500000000003,10.7225,0.4961336096938775,0.5038663903061225,0.0,,mappingafrica-256/images/GH0033073_2018-12.tif,mappingafrica-256/labels/GH0033073_900889_2018-12.tif,train
GH0036633,mappingafrica,v2.0.0,GH,-0.203500000000002,10.6925,0.3257732780612244,0.6742267219387756,0.0,,mappingafrica-256/images/GH0036633_2020-02.tif,mappingafrica-256/labels/GH0036633_20010_2020-02.tif,train
GH0039646,mappingafrica,v1.3.0,GH,-2.1885,10.6625,0.197704081632653,0.802295918367347,0.0,,mappingafrica-256/images/GH0039646_2018-12.tif,mappingafrica-256/labels/GH0039646_900903_2018-12.tif,train
GH0039958,mappingafrica,v2.0.0,GH,-0.6285,10.6625,0.4360650510204081,0.563934948979592,0.0,,mappingafrica-256/images/GH0039958_2021-03.tif,mappingafrica-256/labels/GH0039958_22495_2021-03.tif,validate
GH0041148,mappingafrica,v2.0.0,GH,-0.403500000000005,10.6525,0.4444156568877551,0.5555843431122449,0.0,,mappingafrica-256/images/GH0041148_2021-03.tif,mappingafrica-256/labels/GH0041148_5299_2021-03.tif,train
GH0041268,mappingafrica,v1.3.0,GH,-2.6735,10.6475,0.0724051339285714,0.9275948660714286,0.0,,mappingafrica-256/images/GH0041268_2018-12.tif,mappingafrica-256/labels/GH0041268_900907_2018-12.tif,train
GH0041415,mappingafrica,v1.3.0,GH,-1.9385,10.6475,0.0456194196428571,0.9543805803571428,0.0,,mappingafrica-256/images/GH0041415_2018-12.tif,mappingafrica-256/labels/GH0041415_900909_2018-12.tif,train
GH0041820,mappingafrica,v1.3.0,GH,-2.7885,10.6425,0.0494658801020408,0.9505341198979592,0.0,,mappingafrica-256/images/GH0041820_2018-12.tif,mappingafrica-256/labels/GH0041820_900911_2018-12.tif,train
GH0042556,mappingafrica,v2.0.0,GH,-1.9885,10.6375,0.6756816007653061,0.3243183992346938,0.0,,mappingafrica-256/images/GH0042556_2017-02.tif,mappingafrica-256/labels/GH0042556_100661_2017-02.tif,train
GH0044706,mappingafrica,v1.3.0,GH,-2.8035,10.6175,0.2627551020408163,0.7372448979591837,0.0,,mappingafrica-256/images/GH0044706_2018-12.tif,mappingafrica-256/labels/GH0044706_900919_2018-12.tif,train
GH0045207,mappingafrica,v1.3.0,GH,-0.298500000000004,10.6175,0.207290338010204,0.792709661989796,0.0,,mappingafrica-256/images/GH0045207_2018-12.tif,mappingafrica-256/labels/GH0045207_900922_2018-12.tif,train
GH0047540,mappingafrica,v1.3.0,GH,-0.358500000000003,10.5975,0.2589485012755102,0.7410514987244898,0.0,,mappingafrica-256/images/GH0047540_2018-12.tif,mappingafrica-256/labels/GH0047540_900929_2018-12.tif,train
GH0047791,mappingafrica,v1.3.0,GH,-2.0585,10.5925,0.0096061862244897,0.9903938137755104,0.0,,mappingafrica-256/images/GH0047791_2018-12.tif,mappingafrica-256/labels/GH0047791_900933_2018-12.tif,train
GH0048024,mappingafrica,v2.0.0,GH,-0.8935,10.5925,0.4183075573979591,0.5816924426020409,0.0,,mappingafrica-256/images/GH0048024_2022-04.tif,mappingafrica-256/labels/GH0048024_101924_2022-04.tif,train
GH0049354,mappingafrica,v1.3.0,GH,-0.178500000000003,10.5825,0.2996651785714285,0.7003348214285715,0.0,,mappingafrica-256/images/GH0049354_2018-12.tif,mappingafrica-256/labels/GH0049354_900936_2018-12.tif,train
GH0050947,mappingafrica,v1.3.0,GH,-1.1385,10.5675,0.0003985969387755,0.9996014030612244,0.0,,mappingafrica-256/images/GH0050947_2018-12.tif,mappingafrica-256/labels/GH0050947_900946_2018-12.tif,train
GH0053155,mappingafrica,v1.3.0,GH,-2.0085,10.5475,0.3051857461734694,0.6948142538265306,0.0,,mappingafrica-256/images/GH0053155_2018-12.tif,mappingafrica-256/labels/GH0053155_900958_2018-12.tif,train
GH0054121,mappingafrica,v2.0.0,GH,-0.1685,10.5425,0.8442881058673469,0.155711894132653,0.0,,mappingafrica-256/images/GH0054121_2021-03.tif,mappingafrica-256/labels/GH0054121_22216_2021-03.tif,train
GH0055895,mappingafrica,v1.3.0,GH,-0.353500000000004,10.5275,0.3281050701530612,0.6718949298469388,0.0,,mappingafrica-256/images/GH0055895_2018-12.tif,mappingafrica-256/labels/GH0055895_900972_2018-12.tif,train
GH0057142,mappingafrica,v1.3.0,GH,-0.188500000000005,10.5175,0.3667291135204081,0.633270886479592,0.0,,mappingafrica-256/images/GH0057142_2018-12.tif,mappingafrica-256/labels/GH0057142_900979_2018-12.tif,train
GH0061348,mappingafrica,v1.3.0,GH,-0.383500000000002,10.4825,0.2403738839285714,0.7596261160714286,0.0,,mappingafrica-256/images/GH0061348_2018-12.tif,mappingafrica-256/labels/GH0061348_901000_2018-12.tif,train
GH0061776,mappingafrica,v1.3.0,GH,-1.2685,10.4775,0.3132573341836734,0.6867426658163266,0.0,,mappingafrica-256/images/GH0061776_2018-12.tif,mappingafrica-256/labels/GH0061776_901004_2018-12.tif,test
GH0062634,mappingafrica,v1.3.0,GH,-0.0085000000000015,10.4725,0.2854352678571428,0.7145647321428572,0.0,,mappingafrica-256/images/GH0062634_2018-12.tif,mappingafrica-256/labels/GH0062634_901009_2018-12.tif,train
GH0063489,mappingafrica,v1.3.0,GH,-1.7885,10.4625,0.0055604272959183,0.9944395727040816,0.0,,mappingafrica-256/images/GH0063489_2018-12.tif,mappingafrica-256/labels/GH0063489_901016_2018-12.tif,train
GH0065612,mappingafrica,v1.3.0,GH,-0.248500000000004,10.4475,0.356086575255102,0.643913424744898,0.0,,mappingafrica-256/images/GH0065612_2018-12.tif,mappingafrica-256/labels/GH0065612_901027_2018-12.tif,train
GH0066204,mappingafrica,v1.3.0,GH,-0.308500000000002,10.4425,0.4853914221938775,0.5146085778061225,0.0,,mappingafrica-256/images/GH0066204_2018-12.tif,mappingafrica-256/labels/GH0066204_901032_2018-12.tif,train
GH0067333,mappingafrica,v1.3.0,GH,-0.683500000000002,10.4325,0.2066326530612245,0.7933673469387755,0.0,,mappingafrica-256/images/GH0067333_2018-12.tif,mappingafrica-256/labels/GH0067333_901036_2018-12.tif,train
GH0067746,mappingafrica,v1.3.0,GH,-1.6135,10.4275,0.1754823022959183,0.8245176977040817,0.0,,mappingafrica-256/images/GH0067746_2018-12.tif,mappingafrica-256/labels/GH0067746_901041_2018-12.tif,validate
GH0068095,mappingafrica,v1.3.0,GH,0.131499999999996,10.4275,0.6025191326530612,0.3974808673469387,0.0,,mappingafrica-256/images/GH0068095_2018-12.tif,mappingafrica-256/labels/GH0068095_901043_2018-12.tif,train
GH0068574,mappingafrica,v2.0.0,GH,-0.453500000000002,10.4225,0.6002471301020408,0.3997528698979592,0.0,,mappingafrica-256/images/GH0068574_2021-03.tif,mappingafrica-256/labels/GH0068574_100662_2021-03.tif,train
GH0069217,mappingafrica,v1.3.0,GH,-0.188500000000005,10.4175,0.0881895727040816,0.9118104272959184,0.0,,mappingafrica-256/images/GH0069217_2018-12.tif,mappingafrica-256/labels/GH0069217_901051_2018-12.tif,train
GH0072954,mappingafrica,v1.3.0,GH,0.251499999999997,10.3875,0.1216717155612244,0.8783282844387756,0.0,,mappingafrica-256/images/GH0072954_2018-12.tif,mappingafrica-256/labels/GH0072954_901068_2018-12.tif,train
GH0073429,mappingafrica,v1.3.0,GH,-0.508500000000002,10.3825,0.154117506377551,0.8458824936224489,0.0,,mappingafrica-256/images/GH0073429_2018-12.tif,mappingafrica-256/labels/GH0073429_901071_2018-12.tif,train
GH0074199,mappingafrica,v1.3.0,GH,0.211499999999997,10.3775,0.3283242984693877,0.6716757015306123,0.0,,mappingafrica-256/images/GH0074199_2018-12.tif,mappingafrica-256/labels/GH0074199_901076_2018-12.tif,train
GH0075602,mappingafrica,v1.3.0,GH,-2.1685,10.3625,0.3537946428571428,0.6462053571428572,0.0,,mappingafrica-256/images/GH0075602_2018-12.tif,mappingafrica-256/labels/GH0075602_901085_2018-12.tif,train
GH0082302,mappingafrica,v1.3.0,GH,-0.323500000000003,10.3125,0.2837810905612244,0.7162189094387756,0.0,,mappingafrica-256/images/GH0082302_2018-12.tif,mappingafrica-256/labels/GH0082302_901104_2018-12.tif,train
GH0083476,mappingafrica,v2.0.0,GH,-0.783500000000004,10.3025,0.1590401785714285,0.8409598214285715,0.0,,mappingafrica-256/images/GH0083476_2018-02.tif,mappingafrica-256/labels/GH0083476_18945_2018-02.tif,train
GH0088417,mappingafrica,v1.3.0,GH,-1.6485,10.2625,0.0262276785714285,0.9737723214285716,0.0,,mappingafrica-256/images/GH0088417_2018-12.tif,mappingafrica-256/labels/GH0088417_901125_2018-12.tif,validate
GH0092742,mappingafrica,v1.3.0,GH,-1.9085,10.2275,0.0726243622448979,0.927375637755102,0.0,,mappingafrica-256/images/GH0092742_2018-12.tif,mappingafrica-256/labels/GH0092742_901141_2018-12.tif,train
GH0093611,mappingafrica,v1.3.0,GH,-0.688500000000001,10.2225,0.0663464604591836,0.9336535395408164,0.0,,mappingafrica-256/images/GH0093611_2018-12.tif,mappingafrica-256/labels/GH0093611_901144_2018-12.tif,train
GH0094306,mappingafrica,v2.0.0,GH,-0.343500000000002,10.2175,0.4545400191326531,0.5454599808673469,0.0,,mappingafrica-256/images/GH0094306_2017-02.tif,mappingafrica-256/labels/GH0094306_20752_2017-02.tif,train
GH0096105,mappingafrica,v1.3.0,GH,-0.763500000000004,10.2025,0.1959103954081632,0.8040896045918368,0.0,,mappingafrica-256/images/GH0096105_2018-12.tif,mappingafrica-256/labels/GH0096105_901153_2018-12.tif,train
GH0097202,mappingafrica,v2.0.0,GH,-1.5685,10.1925,0.1643016581632653,0.8356983418367347,0.0,,mappingafrica-256/images/GH0097202_2021-04.tif,mappingafrica-256/labels/GH0097202_22508_2021-04.tif,test
GH0101035,mappingafrica,v1.3.0,GH,-1.3035,10.1625,0.1047911352040816,0.8952088647959184,0.0,,mappingafrica-256/images/GH0101035_2018-12.tif,mappingafrica-256/labels/GH0101035_901167_2018-12.tif,train
GH0103550,mappingafrica,v1.3.0,GH,-1.3135,10.1425,0.1099728954081632,0.8900271045918368,0.0,,mappingafrica-256/images/GH0103550_2018-12.tif,mappingafrica-256/labels/GH0103550_901176_2018-12.tif,train
GH0107092,mappingafrica,v1.3.0,GH,-2.4985,10.1125,0.3919403698979591,0.6080596301020409,0.0,,mappingafrica-256/images/GH0107092_2018-12.tif,mappingafrica-256/labels/GH0107092_901193_2018-12.tif,train
GH0108330,mappingafrica,v1.3.0,GH,-2.6085,10.1025,0.0602080676020408,0.9397919323979592,0.0,,mappingafrica-256/images/GH0108330_2018-12.tif,mappingafrica-256/labels/GH0108330_901197_2018-12.tif,train
GH0111816,mappingafrica,v2.0.0,GH,-0.8935,10.0775,0.9116111288265306,0.0883888711734693,0.0,,mappingafrica-256/images/GH0111816_2021-04.tif,mappingafrica-256/labels/GH0111816_29031_2021-04.tif,train
GH0118483,mappingafrica,v1.3.0,GH,-2.6385,10.0225,0.2677176339285714,0.7322823660714286,0.0,,mappingafrica-256/images/GH0118483_2018-12.tif,mappingafrica-256/labels/GH0118483_901216_2018-12.tif,train
GH0126408,mappingafrica,v1.3.0,GH,-0.483500000000003,9.9625,0.0235770089285714,0.9764229910714286,0.0,,mappingafrica-256/images/GH0126408_2018-12.tif,mappingafrica-256/labels/GH0126408_901230_2018-12.tif,train
GH0126598,mappingafrica,v1.3.0,GH,-2.6485,9.9575,0.4267976721938775,0.5732023278061225,0.0,,mappingafrica-256/images/GH0126598_2018-12.tif,mappingafrica-256/labels/GH0126598_901231_2018-12.tif,train
GH0130335,mappingafrica,v1.3.0,GH,0.371499999999998,9.9325,0.0492067920918367,0.9507932079081634,0.0,,mappingafrica-256/images/GH0130335_2018-12.tif,mappingafrica-256/labels/GH0130335_901241_2018-12.tif,train
GH0135901,mappingafrica,v1.3.0,GH,0.0964999999999954,9.8875,0.4972696109693877,0.5027303890306123,0.0,,mappingafrica-256/images/GH0135901_2018-12.tif,mappingafrica-256/labels/GH0135901_901254_2018-12.tif,train
GH0138812,mappingafrica,v1.3.0,GH,-0.913500000000003,9.8625,0.6664740114795918,0.3335259885204081,0.0,,mappingafrica-256/images/GH0138812_2018-12.tif,mappingafrica-256/labels/GH0138812_901258_2018-12.tif,validate
GH0139875,mappingafrica,v2.0.0,GH,-1.8185,9.8525,0.4219547193877551,0.5780452806122449,0.0,,mappingafrica-256/images/GH0139875_2022-12.tif,mappingafrica-256/labels/GH0139875_16007_2022-12.tif,train
GH0145165,mappingafrica,v1.3.0,GH,-0.113500000000002,9.8125,0.0176777742346938,0.982322225765306,0.0,,mappingafrica-256/images/GH0145165_2018-12.tif,mappingafrica-256/labels/GH0145165_901269_2018-12.tif,train
GH0149032,mappingafrica,v2.0.0,GH,-2.4935,9.7775,0.5296356823979592,0.4703643176020408,0.0,,mappingafrica-256/images/GH0149032_2020-02.tif,mappingafrica-256/labels/GH0149032_4177_2020-02.tif,train
GH0150800,mappingafrica,v2.0.0,GH,0.1215,9.7675,0.5500438456632653,0.4499561543367347,0.0,,mappingafrica-256/images/GH0150800_2017-02.tif,mappingafrica-256/labels/GH0150800_29826_2017-02.tif,train
GH0151727,mappingafrica,v1.3.0,GH,-1.4635,9.7575,0.1079001913265306,0.8920998086734694,0.0,,mappingafrica-256/images/GH0151727_2018-12.tif,mappingafrica-256/labels/GH0151727_901288_2018-12.tif,validate
GH0152994,mappingafrica,v1.3.0,GH,-1.3635,9.7475,0.3843470982142857,0.6156529017857143,0.0,,mappingafrica-256/images/GH0152994_2018-12.tif,mappingafrica-256/labels/GH0152994_901289_2018-12.tif,train
GH0154437,mappingafrica,v1.3.0,GH,-0.388500000000004,9.7375,0.44921875,0.55078125,0.0,,mappingafrica-256/images/GH0154437_2018-12.tif,mappingafrica-256/labels/GH0154437_901297_2018-12.tif,train
GH0157958,mappingafrica,v1.3.0,GH,-1.4685,9.7075,0.334163743622449,0.6658362563775511,0.0,,mappingafrica-256/images/GH0157958_2018-12.tif,mappingafrica-256/labels/GH0157958_901314_2018-12.tif,train
GH0158234,mappingafrica,v1.3.0,GH,-0.0885000000000034,9.7075,0.1774952168367347,0.8225047831632653,0.0,,mappingafrica-256/images/GH0158234_2018-12.tif,mappingafrica-256/labels/GH0158234_901316_2018-12.tif,train
GH0158935,mappingafrica,v2.0.0,GH,0.2815,9.7025,0.4638871173469387,0.5361128826530612,0.0,,mappingafrica-256/images/GH0158935_2022-03.tif,mappingafrica-256/labels/GH0158935_22522_2022-03.tif,train
GH0167041,mappingafrica,v1.3.0,GH,0.231499999999997,9.6375,0.2565967793367347,0.7434032206632653,0.0,,mappingafrica-256/images/GH0167041_2018-12.tif,mappingafrica-256/labels/GH0167041_901340_2018-12.tif,train
GH0168362,mappingafrica,v1.3.0,GH,-2.5435,9.6225,0.1188416772959183,0.8811583227040817,0.0,,mappingafrica-256/images/GH0168362_2018-12.tif,mappingafrica-256/labels/GH0168362_901344_2018-12.tif,train
GH0168814,mappingafrica,v1.3.0,GH,-0.283500000000004,9.6225,0.2095623405612245,0.7904376594387755,0.0,,mappingafrica-256/images/GH0168814_2018-12.tif,mappingafrica-256/labels/GH0168814_901347_2018-12.tif,train
GH0171128,mappingafrica,v2.0.0,GH,-1.2585,9.6025,0.7196069834183674,0.2803930165816326,0.0,,mappingafrica-256/images/GH0171128_2017-02.tif,mappingafrica-256/labels/GH0171128_29745_2017-02.tif,test
GH0171362,mappingafrica,v2.0.0,GH,-0.0885000000000034,9.6025,0.2503587372448979,0.7496412627551021,0.0,,mappingafrica-256/images/GH0171362_2019-02.tif,mappingafrica-256/labels/GH0171362_36084_2019-02.tif,validate
GH0172996,mappingafrica,v2.0.0,GH,-1.3635,9.5875,0.9220344387755102,0.0779655612244898,0.0,,mappingafrica-256/images/GH0172996_2022-04.tif,mappingafrica-256/labels/GH0172996_13346_2022-04.tif,train
GH0176716,mappingafrica,v1.3.0,GH,-1.2735,9.5575,0.5266262755102041,0.4733737244897958,0.0,,mappingafrica-256/images/GH0176716_2018-12.tif,mappingafrica-256/labels/GH0176716_901368_2018-12.tif,train
GH0178519,mappingafrica,v1.3.0,GH,-1.2335,9.5425,0.1896324936224489,0.8103675063775511,0.0,,mappingafrica-256/images/GH0178519_2018-12.tif,mappingafrica-256/labels/GH0178519_901373_2018-12.tif,train
GH0180490,mappingafrica,v1.3.0,GH,-0.288500000000003,9.5275,0.0598692602040816,0.9401307397959184,0.0,,mappingafrica-256/images/GH0180490_2018-12.tif,mappingafrica-256/labels/GH0180490_901390_2018-12.tif,train
GH0180991,mappingafrica,v1.3.0,GH,-0.733500000000003,9.5225,0.0966597576530612,0.9033402423469388,0.0,,mappingafrica-256/images/GH0180991_2018-12.tif,mappingafrica-256/labels/GH0180991_901394_2018-12.tif,train
GH0181491,mappingafrica,v1.3.0,GH,-1.1785,9.5175,0.4625916772959184,0.5374083227040816,0.0,,mappingafrica-256/images/GH0181491_2018-12.tif,mappingafrica-256/labels/GH0181491_901403_2018-12.tif,train
GH0183291,mappingafrica,v1.3.0,GH,-1.1135,9.5025,0.1565888073979592,0.8434111926020408,0.0,,mappingafrica-256/images/GH0183291_2018-12.tif,mappingafrica-256/labels/GH0183291_901422_2018-12.tif,train
GH0185712,mappingafrica,v1.3.0,GH,-1.0285,9.4825,0.3574418048469387,0.6425581951530612,0.0,,mappingafrica-256/images/GH0185712_2018-12.tif,mappingafrica-256/labels/GH0185712_901440_2018-12.tif,train
GH0185715,mappingafrica,v1.3.0,GH,-1.0135,9.4825,0.1041533801020408,0.8958466198979592,0.0,,mappingafrica-256/images/GH0185715_2018-12.tif,mappingafrica-256/labels/GH0185715_901441_2018-12.tif,train
GH0188974,mappingafrica,v1.3.0,GH,-0.0335000000000036,9.4575,0.4300063775510204,0.5699936224489797,0.0,,mappingafrica-256/images/GH0188974_2018-12.tif,mappingafrica-256/labels/GH0188974_901469_2018-12.tif,train
GH0191239,mappingafrica,v1.3.0,GH,-1.0485,9.4375,0.1309390943877551,0.8690609056122449,0.0,,mappingafrica-256/images/GH0191239_2018-12.tif,mappingafrica-256/labels/GH0191239_901486_2018-12.tif,train
GH0192116,mappingafrica,v1.3.0,GH,0.196499999999997,9.4325,0.1411631058673469,0.8588368941326531,0.0,,mappingafrica-256/images/GH0192116_2018-12.tif,mappingafrica-256/labels/GH0192116_901493_2018-12.tif,train
GH0193352,mappingafrica,v2.0.0,GH,0.0464999999999982,9.4225,0.2729791135204081,0.727020886479592,0.0,,mappingafrica-256/images/GH0193352_2022-04.tif,mappingafrica-256/labels/GH0193352_38995_2022-04.tif,train
GH0193429,mappingafrica,v1.3.0,GH,0.461499999999997,9.4225,0.4724569515306122,0.5275430484693878,0.0,,mappingafrica-256/images/GH0193429_2018-12.tif,mappingafrica-256/labels/GH0193429_901502_2018-12.tif,train
GH0194566,mappingafrica,v1.3.0,GH,-0.328500000000002,9.4125,0.2914540816326531,0.7085459183673469,0.0,,mappingafrica-256/images/GH0194566_2018-12.tif,mappingafrica-256/labels/GH0194566_901508_2018-12.tif,train
GH0194568,mappingafrica,v1.3.0,GH,-0.318500000000004,9.4125,0.1769571109693877,0.8230428890306123,0.0,,mappingafrica-256/images/GH0194568_2018-12.tif,mappingafrica-256/labels/GH0194568_901509_2018-12.tif,train
GH0194736,mappingafrica,v1.3.0,GH,0.521499999999996,9.4125,0.3364955357142857,0.6635044642857143,0.0,,mappingafrica-256/images/GH0194736_2018-12.tif,mappingafrica-256/labels/GH0194736_901510_2018-12.tif,train
GH0195140,mappingafrica,v1.3.0,GH,-0.698500000000003,9.4075,0.4955955038265306,0.5044044961734694,0.0,,mappingafrica-256/images/GH0195140_2018-12.tif,mappingafrica-256/labels/GH0195140_901512_2018-12.tif,validate
GH0197077,mappingafrica,v1.3.0,GH,-0.738500000000002,9.3925,0.3051458864795918,0.6948541135204083,0.0,,mappingafrica-256/images/GH0197077_2018-12.tif,mappingafrica-256/labels/GH0197077_901530_2018-12.tif,train
GH0197217,mappingafrica,v1.3.0,GH,-0.0385000000000026,9.3925,0.126594387755102,0.873405612244898,0.0,,mappingafrica-256/images/GH0197217_2018-12.tif,mappingafrica-256/labels/GH0197217_901531_2018-12.tif,train
GH0198640,mappingafrica,v1.3.0,GH,-2.6435,9.3775,0.1488958864795918,0.8511041135204083,0.0,,mappingafrica-256/images/GH0198640_2018-12.tif,mappingafrica-256/labels/GH0198640_901539_2018-12.tif,train
GH0199856,mappingafrica,v2.0.0,GH,0.196499999999997,9.3725,0.849609375,0.150390625,0.0,,mappingafrica-256/images/GH0199856_2019-02.tif,mappingafrica-256/labels/GH0199856_10649_2019-02.tif,train
GH0200931,mappingafrica,v1.3.0,GH,-0.913500000000003,9.3625,0.1675302933673469,0.8324697066326531,0.0,,mappingafrica-256/images/GH0200931_2018-12.tif,mappingafrica-256/labels/GH0200931_901558_2018-12.tif,train
GH0202872,mappingafrica,v1.3.0,GH,-0.953500000000002,9.3475,0.3273078762755102,0.6726921237244898,0.0,,mappingafrica-256/images/GH0202872_2018-12.tif,mappingafrica-256/labels/GH0202872_901566_2018-12.tif,train
GH0203642,mappingafrica,v1.3.0,GH,-0.353500000000004,9.3425,0.0625797193877551,0.9374202806122448,0.0,,mappingafrica-256/images/GH0203642_2018-12.tif,mappingafrica-256/labels/GH0203642_901575_2018-12.tif,train
GH0203757,mappingafrica,v1.3.0,GH,0.221499999999995,9.3425,0.651008450255102,0.348991549744898,0.0,,mappingafrica-256/images/GH0203757_2018-12.tif,mappingafrica-256/labels/GH0203757_901578_2018-12.tif,train
GH0205450,mappingafrica,v1.3.0,GH,-1.0835,9.3275,0.0435267857142857,0.9564732142857144,0.0,,mappingafrica-256/images/GH0205450_2018-12.tif,mappingafrica-256/labels/GH0205450_901597_2018-12.tif,train
GH0205484,mappingafrica,v2.0.0,GH,-0.913500000000003,9.3275,0.0746173469387755,0.9253826530612244,0.0,,mappingafrica-256/images/GH0205484_2020-02.tif,mappingafrica-256/labels/GH0205484_17025_2020-02.tif,train
GH0206239,mappingafrica,v1.3.0,GH,-0.408500000000004,9.32250000000001,0.333625637755102,0.666374362244898,0.0,,mappingafrica-256/images/GH0206239_2018-12.tif,mappingafrica-256/labels/GH0206239_901607_2018-12.tif,train
GH0207466,mappingafrica,v1.3.0,GH,-0.813500000000001,9.3125,0.1650191326530612,0.8349808673469388,0.0,,mappingafrica-256/images/GH0207466_2018-12.tif,mappingafrica-256/labels/GH0207466_901616_2018-12.tif,train
GH0208174,mappingafrica,v2.0.0,GH,-0.5435,9.3075,0.2424864477040816,0.7575135522959184,0.0,,mappingafrica-256/images/GH0208174_2018-02.tif,mappingafrica-256/labels/GH0208174_30929_2018-02.tif,validate
GH0208791,mappingafrica,v1.3.0,GH,-0.718500000000002,9.3025,0.2808514030612244,0.7191485969387756,0.0,,mappingafrica-256/images/GH0208791_2018-12.tif,mappingafrica-256/labels/GH0208791_901623_2018-12.tif,train
GH0208799,mappingafrica,v1.3.0,GH,-0.678500000000003,9.3025,0.6701809630102041,0.3298190369897958,0.0,,mappingafrica-256/images/GH0208799_2018-12.tif,mappingafrica-256/labels/GH0208799_901624_2018-12.tif,train
GH0210220,mappingafrica,v1.3.0,GH,-0.0735000000000028,9.2925,0.3090122767857143,0.6909877232142857,0.0,,mappingafrica-256/images/GH0210220_2018-12.tif,mappingafrica-256/labels/GH0210220_901636_2018-12.tif,train
GH0211635,mappingafrica,v1.3.0,GH,-2.6885,9.2775,0.1725526147959183,0.8274473852040817,0.0,,mappingafrica-256/images/GH0211635_2018-12.tif,mappingafrica-256/labels/GH0211635_901643_2018-12.tif,train
GH0211951,mappingafrica,v1.3.0,GH,-1.1085,9.2775,0.2834821428571428,0.7165178571428572,0.0,,mappingafrica-256/images/GH0211951_2018-12.tif,mappingafrica-256/labels/GH0211951_901644_2018-12.tif,train
GH0212015,mappingafrica,v1.3.0,GH,-0.788500000000003,9.2775,0.2370256696428571,0.7629743303571429,0.0,,mappingafrica-256/images/GH0212015_2018-12.tif,mappingafrica-256/labels/GH0212015_901647_2018-12.tif,train
GH0212165,mappingafrica,v1.3.0,GH,-0.0385000000000026,9.2775,0.1580835459183673,0.8419164540816327,0.0,,mappingafrica-256/images/GH0212165_2018-12.tif,mappingafrica-256/labels/GH0212165_901648_2018-12.tif,train
GH0212571,mappingafrica,v1.3.0,GH,-1.1985,9.2725,0.0660674426020408,0.9339325573979592,0.0,,mappingafrica-256/images/GH0212571_2018-12.tif,mappingafrica-256/labels/GH0212571_901650_2018-12.tif,train
GH0213281,mappingafrica,v1.3.0,GH,-0.828500000000002,9.2675,0.3255939094387755,0.6744060905612246,0.0,,mappingafrica-256/images/GH0213281_2018-12.tif,mappingafrica-256/labels/GH0213281_901654_2018-12.tif,train
GH0215837,mappingafrica,v2.0.0,GH,-0.7335,9.2475,0.9736328125,0.0263671875,0.0,,mappingafrica-256/images/GH0215837_2018-02.tif,mappingafrica-256/labels/GH0215837_32323_2018-02.tif,test
GH0216625,mappingafrica,v1.3.0,GH,0.0414999999999957,9.2425,0.0916772959183673,0.9083227040816328,0.0,,mappingafrica-256/images/GH0216625_2018-12.tif,mappingafrica-256/labels/GH0216625_901673_2018-12.tif,train
GH0217829,mappingafrica,v2.0.0,GH,-0.288500000000003,9.2325,0.6870216836734694,0.3129783163265306,0.0,,mappingafrica-256/images/GH0217829_2020-02.tif,mappingafrica-256/labels/GH0217829_12924_2020-02.tif,train
GH0217928,mappingafrica,v1.3.0,GH,0.206499999999998,9.2325,0.0562420280612244,0.9437579719387756,0.0,,mappingafrica-256/images/GH0217928_2018-12.tif,mappingafrica-256/labels/GH0217928_901678_2018-12.tif,train
GH0218594,mappingafrica,v1.3.0,GH,0.346499999999995,9.2275,0.2681560905612244,0.7318439094387756,0.0,,mappingafrica-256/images/GH0218594_2018-12.tif,mappingafrica-256/labels/GH0218594_901683_2018-12.tif,train
GH0219166,mappingafrica,v1.3.0,GH,0.0064999999999955,9.2225,0.196906887755102,0.803093112244898,0.0,,mappingafrica-256/images/GH0219166_2018-12.tif,mappingafrica-256/labels/GH0219166_901688_2018-12.tif,train
GH0229826,mappingafrica,v1.3.0,GH,-1.6835,9.1375,0.1175661670918367,0.8824338329081634,0.0,,mappingafrica-256/images/GH0229826_2018-12.tif,mappingafrica-256/labels/GH0229826_901722_2018-12.tif,train
GH0230443,mappingafrica,v1.3.0,GH,-1.8485,9.1325,0.0716876594387755,0.9283123405612244,0.0,,mappingafrica-256/images/GH0230443_2018-12.tif,mappingafrica-256/labels/GH0230443_901725_2018-12.tif,train
GH0230966,mappingafrica,v1.3.0,GH,-2.4785,9.1275,0.1150151466836734,0.8849848533163266,0.0,,mappingafrica-256/images/GH0230966_2018-12.tif,mappingafrica-256/labels/GH0230966_901727_2018-12.tif,train
GH0232409,mappingafrica,v1.3.0,GH,-1.7485,9.1175,0.1810227997448979,0.8189772002551021,0.0,,mappingafrica-256/images/GH0232409_2018-12.tif,mappingafrica-256/labels/GH0232409_901732_2018-12.tif,train
GH0233282,mappingafrica,v1.3.0,GH,-0.623500000000004,9.1125,0.0623804209183673,0.9376195790816328,0.0,,mappingafrica-256/images/GH0233282_2018-12.tif,mappingafrica-256/labels/GH0233282_901737_2018-12.tif,train
GH0233289,mappingafrica,v1.3.0,GH,-0.588500000000003,9.1125,0.1856066645408163,0.8143933354591837,0.0,,mappingafrica-256/images/GH0233289_2018-12.tif,mappingafrica-256/labels/GH0233289_901738_2018-12.tif,train
GH0233938,mappingafrica,v1.3.0,GH,-0.588500000000003,9.10750000000001,0.3973014987244898,0.6026985012755102,0.0,,mappingafrica-256/images/GH0233938_2018-12.tif,mappingafrica-256/labels/GH0233938_901742_2018-12.tif,train
GH0234679,mappingafrica,v2.0.0,GH,-0.123500000000004,9.1025,0.3434111926020408,0.6565888073979592,0.0,,mappingafrica-256/images/GH0234679_2022-04.tif,mappingafrica-256/labels/GH0234679_5310_2022-04.tif,train
GH0237423,mappingafrica,v1.3.0,GH,-2.5685,9.0775,0.0785435267857142,0.9214564732142858,0.0,,mappingafrica-256/images/GH0237423_2018-12.tif,mappingafrica-256/labels/GH0237423_901762_2018-12.tif,train
GH0238434,mappingafrica,v1.3.0,GH,-0.743500000000005,9.07250000000001,0.3035514987244898,0.6964485012755102,0.0,,mappingafrica-256/images/GH0238434_2018-12.tif,mappingafrica-256/labels/GH0238434_901767_2018-12.tif,train
GH0240814,mappingafrica,v2.0.0,GH,-1.7785,9.0525,0.2290935905612245,0.7709064094387755,0.0,,mappingafrica-256/images/GH0240814_2022-12.tif,mappingafrica-256/labels/GH0240814_32595_2022-12.tif,test
GH0241729,mappingafrica,v2.0.0,GH,-0.433500000000002,9.0475,0.3802814094387755,0.6197185905612246,0.0,,mappingafrica-256/images/GH0241729_2019-02.tif,mappingafrica-256/labels/GH0241729_8504_2019-02.tif,validate
GH0244091,mappingafrica,v2.0.0,GH,-1.5135,9.0275,0.5033681441326531,0.4966318558673469,0.0,,mappingafrica-256/images/GH0244091_2020-12.tif,mappingafrica-256/labels/GH0244091_36602_2020-12.tif,train
GH0244403,mappingafrica,v2.0.0,GH,0.0464999999999982,9.0275,0.7650669642857143,0.2349330357142857,0.0,,mappingafrica-256/images/GH0244403_2019-02.tif,mappingafrica-256/labels/GH0244403_39770_2019-02.tif,train
GH0244726,mappingafrica,v1.3.0,GH,-1.5435,9.0225,0.7286352040816326,0.2713647959183674,0.0,,mappingafrica-256/images/GH0244726_2018-12.tif,mappingafrica-256/labels/GH0244726_901798_2018-12.tif,train
GH0247506,mappingafrica,v2.0.0,GH,-0.2135,9.0025,0.1095742984693877,0.8904257015306123,0.0,,mappingafrica-256/images/GH0247506_2023-04.tif,mappingafrica-256/labels/GH0247506_27129_2023-04.tif,train
GH0248302,mappingafrica,v1.3.0,GH,-2.4835,8.9925,0.1682676977040816,0.8317323022959184,0.0,,mappingafrica-256/images/GH0248302_2018-12.tif,mappingafrica-256/labels/GH0248302_901808_2018-12.tif,train
GH0249442,mappingafrica,v2.0.0,GH,0.0814999999999984,8.9875,0.8171436543367347,0.1828563456632652,0.0,,mappingafrica-256/images/GH0249442_2020-02.tif,mappingafrica-256/labels/GH0249442_22555_2020-02.tif,train
GH0251385,mappingafrica,v2.0.0,GH,0.376499999999997,8.9725,0.5135522959183674,0.4864477040816326,0.0,,mappingafrica-256/images/GH0251385_2018-02.tif,mappingafrica-256/labels/GH0251385_13347_2018-02.tif,test
GH0252536,mappingafrica,v1.3.0,GH,-0.163500000000003,8.9625,0.1042530293367346,0.8957469706632654,0.0,,mappingafrica-256/images/GH0252536_2018-12.tif,mappingafrica-256/labels/GH0252536_901819_2018-12.tif,train
GH0252584,mappingafrica,v2.0.0,GH,0.0764999999999958,8.9625,0.594108737244898,0.405891262755102,0.0,,mappingafrica-256/images/GH0252584_2017-02.tif,mappingafrica-256/labels/GH0252584_15040_2017-02.tif,validate
GH0256528,mappingafrica,v1.3.0,GH,-2.3185,8.9275,0.0884287308673469,0.9115712691326532,0.0,,mappingafrica-256/images/GH0256528_2018-12.tif,mappingafrica-256/labels/GH0256528_901831_2018-12.tif,train
GH0257632,mappingafrica,v1.3.0,GH,0.0414999999999957,8.9225,0.3155492665816326,0.6844507334183674,0.0,,mappingafrica-256/images/GH0257632_2018-12.tif,mappingafrica-256/labels/GH0257632_901836_2018-12.tif,train
GH0257776,mappingafrica,v1.3.0,GH,-2.3885,8.9175,0.0328643176020408,0.9671356823979592,0.0,,mappingafrica-256/images/GH0257776_2018-12.tif,mappingafrica-256/labels/GH0257776_901837_2018-12.tif,train
GH0258327,mappingafrica,v1.3.0,GH,0.366499999999999,8.9175,0.0714684311224489,0.9285315688775512,0.0,,mappingafrica-256/images/GH0258327_2018-12.tif,mappingafrica-256/labels/GH0258327_901838_2018-12.tif,train
GH0261368,mappingafrica,v1.3.0,GH,-0.158500000000004,8.8925,0.1838329081632653,0.8161670918367347,0.0,,mappingafrica-256/images/GH0261368_2018-12.tif,mappingafrica-256/labels/GH0261368_901851_2018-12.tif,train
GH0261713,mappingafrica,v1.3.0,GH,-1.5785,8.8875,0.0876514668367346,0.9123485331632654,0.0,,mappingafrica-256/images/GH0261713_2018-12.tif,mappingafrica-256/labels/GH0261713_901854_2018-12.tif,train
GH0264958,mappingafrica,v1.3.0,GH,-1.1085,8.8625,0.0500438456632653,0.9499561543367347,0.0,,mappingafrica-256/images/GH0264958_2018-12.tif,mappingafrica-256/labels/GH0264958_901866_2018-12.tif,test
GH0265219,mappingafrica,v2.0.0,GH,0.1965,8.8625,0.3796436543367347,0.6203563456632653,0.0,,mappingafrica-256/images/GH0265219_2022-12.tif,mappingafrica-256/labels/GH0265219_22561_2022-12.tif,train
GH0267803,mappingafrica,v1.3.0,GH,-2.5385,8.8375,0.186344068877551,0.8136559311224489,0.0,,mappingafrica-256/images/GH0267803_2018-12.tif,mappingafrica-256/labels/GH0267803_901873_2018-12.tif,train
GH0268939,mappingafrica,v1.3.0,GH,0.0314999999999976,8.8325,0.3413185586734694,0.6586814413265306,0.0,,mappingafrica-256/images/GH0268939_2018-12.tif,mappingafrica-256/labels/GH0268939_901880_2018-12.tif,train
GH0272143,mappingafrica,v1.3.0,GH,-2.5385,8.8025,0.5035674426020408,0.4964325573979592,0.0,,mappingafrica-256/images/GH0272143_2018-12.tif,mappingafrica-256/labels/GH0272143_901888_2018-12.tif,train
GH0273176,mappingafrica,v2.0.0,GH,-0.443500000000004,8.7975,0.0589724170918367,0.9410275829081634,0.0,,mappingafrica-256/images/GH0273176_2019-02.tif,mappingafrica-256/labels/GH0273176_4184_2019-02.tif,train
GH0274761,mappingafrica,v1.3.0,GH,-1.6185,8.7825,0.0783242984693877,0.9216757015306124,0.0,,mappingafrica-256/images/GH0274761_2018-12.tif,mappingafrica-256/labels/GH0274761_901897_2018-12.tif,train
GH0280735,mappingafrica,v2.0.0,GH,-1.4685,8.73250000000001,0.2715043048469387,0.7284956951530612,0.0,,mappingafrica-256/images/GH0280735_2019-02.tif,mappingafrica-256/labels/GH0280735_17966_2019-02.tif,train
GH0283278,mappingafrica,v2.0.0,GH,-0.6435,8.7125,0.1407844387755102,0.8592155612244898,0.0,,mappingafrica-256/images/GH0283278_2023-12.tif,mappingafrica-256/labels/GH0283278_36388_2023-12.tif,train
GH0285173,mappingafrica,v2.0.0,GH,-0.0985000000000014,8.6975,0.597297512755102,0.402702487244898,0.0,,mappingafrica-256/images/GH0285173_2022-12.tif,mappingafrica-256/labels/GH0285173_32083_2022-12.tif,train
GH0288083,mappingafrica,v2.0.0,GH,-0.488500000000002,8.6725,0.1912069515306122,0.8087930484693878,0.0,,mappingafrica-256/images/GH0288083_2018-02.tif,mappingafrica-256/labels/GH0288083_13980_2018-02.tif,train
GH0288142,mappingafrica,v1.3.0,GH,-0.193500000000004,8.6725,0.1264349489795918,0.8735650510204083,0.0,,mappingafrica-256/images/GH0288142_2018-12.tif,mappingafrica-256/labels/GH0288142_901936_2018-12.tif,train
GH0288747,mappingafrica,v1.3.0,GH,-0.163500000000003,8.6675,0.3216876594387755,0.6783123405612246,0.0,,mappingafrica-256/images/GH0288747_2018-12.tif,mappingafrica-256/labels/GH0288747_901941_2018-12.tif,train
GH0293667,mappingafrica,v1.3.0,GH,0.401499999999999,8.62750000000001,0.4593630420918367,0.5406369579081634,0.0,,mappingafrica-256/images/GH0293667_2018-12.tif,mappingafrica-256/labels/GH0293667_901952_2018-12.tif,train
GH0294856,mappingafrica,v2.0.0,GH,0.311499999999995,8.6175,0.9490194515306124,0.0509805484693876,0.0,,mappingafrica-256/images/GH0294856_2019-02.tif,mappingafrica-256/labels/GH0294856_16017_2019-02.tif,train
GH0295117,mappingafrica,v2.0.0,GH,-1.4035,8.6125,0.2469507334183673,0.7530492665816327,0.0,,mappingafrica-256/images/GH0295117_2021-12.tif,mappingafrica-256/labels/GH0295117_2502_2021-12.tif,train
GH0298405,mappingafrica,v2.0.0,GH,-0.123500000000004,8.5875,0.8463010204081632,0.1536989795918367,0.0,,mappingafrica-256/images/GH0298405_2019-02.tif,mappingafrica-256/labels/GH0298405_6386_2019-02.tif,test
GH0299140,mappingafrica,v1.3.0,GH,0.496499999999998,8.5825,0.0871133609693877,0.9128866390306124,0.0,,mappingafrica-256/images/GH0299140_2018-12.tif,mappingafrica-256/labels/GH0299140_901962_2018-12.tif,train
GH0299496,mappingafrica,v1.3.0,GH,-0.778500000000005,8.5775,0.3592952806122449,0.6407047193877551,0.0,,mappingafrica-256/images/GH0299496_2018-12.tif,mappingafrica-256/labels/GH0299496_901963_2018-12.tif,train
GH0299625,mappingafrica,v1.3.0,GH,-0.133500000000002,8.5775,0.2799744897959184,0.7200255102040816,0.0,,mappingafrica-256/images/GH0299625_2018-12.tif,mappingafrica-256/labels/GH0299625_901964_2018-12.tif,train
GH0300836,mappingafrica,v1.3.0,GH,-0.198500000000003,8.5675,0.2369060905612245,0.7630939094387755,0.0,,mappingafrica-256/images/GH0300836_2018-12.tif,mappingafrica-256/labels/GH0300836_901968_2018-12.tif,train
GH0302645,mappingafrica,v1.3.0,GH,-0.408500000000004,8.5525,0.0195113201530612,0.9804886798469388,0.0,,mappingafrica-256/images/GH0302645_2018-12.tif,mappingafrica-256/labels/GH0302645_901974_2018-12.tif,train
GH0303952,mappingafrica,v1.3.0,GH,-0.0785000000000018,8.5425,0.3160674426020408,0.6839325573979592,0.0,,mappingafrica-256/images/GH0303952_2018-12.tif,mappingafrica-256/labels/GH0303952_901977_2018-12.tif,train
GH0305670,mappingafrica,v2.0.0,GH,-0.8335,8.5275,0.2750717474489796,0.7249282525510203,0.0,,mappingafrica-256/images/GH0305670_2023-12.tif,mappingafrica-256/labels/GH0305670_34618_2023-12.tif,train
GH0305819,mappingafrica,v1.3.0,GH,-0.0885000000000034,8.5275,0.4585259885204081,0.541474011479592,0.0,,mappingafrica-256/images/GH0305819_2018-12.tif,mappingafrica-256/labels/GH0305819_901982_2018-12.tif,train
GH0307163,mappingafrica,v2.0.0,GH,0.3865,8.5175,0.1801060267857142,0.8198939732142858,0.0,,mappingafrica-256/images/GH0307163_2023-12.tif,mappingafrica-256/labels/GH0307163_31021_2023-12.tif,train
GH0309332,mappingafrica,v1.3.0,GH,-1.3835,8.4975,0.0596301020408163,0.9403698979591836,0.0,,mappingafrica-256/images/GH0309332_2018-12.tif,mappingafrica-256/labels/GH0309332_901993_2018-12.tif,train
GH0309618,mappingafrica,v1.3.0,GH,0.0464999999999982,8.4975,0.0989716198979591,0.9010283801020408,0.0,,mappingafrica-256/images/GH0309618_2018-12.tif,mappingafrica-256/labels/GH0309618_901994_2018-12.tif,train
GH0310232,mappingafrica,v2.0.0,GH,-0.0535000000000032,8.4925,0.5488879145408163,0.4511120854591837,0.0,,mappingafrica-256/images/GH0310232_2020-02.tif,mappingafrica-256/labels/GH0310232_37080_2020-02.tif,validate
GH0314484,mappingafrica,v1.3.0,GH,-1.0585,8.4575,0.227977519132653,0.772022480867347,0.0,,mappingafrica-256/images/GH0314484_2018-12.tif,mappingafrica-256/labels/GH0314484_902012_2018-12.tif,train
GH0314515,mappingafrica,v1.3.0,GH,-0.903500000000005,8.4575,0.2119738520408163,0.7880261479591837,0.0,,mappingafrica-256/images/GH0314515_2018-12.tif,mappingafrica-256/labels/GH0314515_902014_2018-12.tif,train
GH0316311,mappingafrica,v1.3.0,GH,-1.4735,8.4425,0.0582549426020408,0.9417450573979592,0.0,,mappingafrica-256/images/GH0316311_2018-12.tif,mappingafrica-256/labels/GH0316311_902017_2018-12.tif,train
GH0321709,mappingafrica,v2.0.0,GH,0.0264999999999986,8.4025,0.5653499681122449,0.4346500318877551,0.0,,mappingafrica-256/images/GH0321709_2022-12.tif,mappingafrica-256/labels/GH0321709_3076_2022-12.tif,test
GH0324350,mappingafrica,v1.3.0,GH,0.356499999999997,8.3825,0.0681401466836734,0.9318598533163266,0.0,,mappingafrica-256/images/GH0324350_2018-12.tif,mappingafrica-256/labels/GH0324350_902031_2018-12.tif,train
GH0324727,mappingafrica,v1.3.0,GH,-0.983500000000003,8.37750000000001,0.1193797831632653,0.8806202168367347,0.0,,mappingafrica-256/images/GH0324727_2018-12.tif,mappingafrica-256/labels/GH0324727_902033_2018-12.tif,train
GH0327953,mappingafrica,v1.3.0,GH,-0.973500000000001,8.3525,0.0097855548469387,0.9902144451530612,0.0,,mappingafrica-256/images/GH0327953_2018-12.tif,mappingafrica-256/labels/GH0327953_902044_2018-12.tif,train
GH0331408,mappingafrica,v1.3.0,GH,0.166499999999996,8.3275,0.2409518494897959,0.7590481505102041,0.0,,mappingafrica-256/images/GH0331408_2018-12.tif,mappingafrica-256/labels/GH0331408_902057_2018-12.tif,train
GH0335809,mappingafrica,v1.3.0,GH,-0.463500000000003,8.2925,0.3456632653061224,0.6543367346938775,0.0,,mappingafrica-256/images/GH0335809_2018-12.tif,mappingafrica-256/labels/GH0335809_902076_2018-12.tif,train
GH0337517,mappingafrica,v1.3.0,GH,-1.5635,8.2775,0.0838847257653061,0.916115274234694,0.0,,mappingafrica-256/images/GH0337517_2018-12.tif,mappingafrica-256/labels/GH0337517_902082_2018-12.tif,train
GH0343720,mappingafrica,v1.3.0,GH,-2.0435,8.2275,0.1962890625,0.8037109375,0.0,,mappingafrica-256/images/GH0343720_2020-11.tif,mappingafrica-256/labels/GH0343720_902096_2020-11.tif,train
GH0344895,mappingafrica,v1.3.0,GH,-2.4135,8.21750000000001,0.0817522321428571,0.9182477678571428,0.0,,mappingafrica-256/images/GH0344895_2020-11.tif,mappingafrica-256/labels/GH0344895_902102_2020-11.tif,train
GH0346059,mappingafrica,v1.3.0,GH,0.296499999999998,8.2125,0.0319674744897959,0.968032525510204,0.0,,mappingafrica-256/images/GH0346059_2018-12.tif,mappingafrica-256/labels/GH0346059_902106_2018-12.tif,train
GH0347140,mappingafrica,v1.3.0,GH,-0.488500000000002,8.2025,0.0737603635204081,0.926239636479592,0.0,,mappingafrica-256/images/GH0347140_2018-12.tif,mappingafrica-256/labels/GH0347140_902111_2018-12.tif,train
GH0347859,mappingafrica,v1.3.0,GH,0.0064999999999955,8.19750000000001,0.1846301020408163,0.8153698979591837,0.0,,mappingafrica-256/images/GH0347859_2018-12.tif,mappingafrica-256/labels/GH0347859_902116_2018-12.tif,train
GH0348444,mappingafrica,v2.0.0,GH,-0.1785,8.1925,0.2679169323979591,0.7320830676020409,0.0,,mappingafrica-256/images/GH0348444_2020-02.tif,mappingafrica-256/labels/GH0348444_34336_2020-02.tif,train
GH0361974,mappingafrica,v1.3.0,GH,0.336499999999997,8.0875,0.0466557716836734,0.9533442283163266,0.0,,mappingafrica-256/images/GH0361974_2018-12.tif,mappingafrica-256/labels/GH0361974_902164_2018-12.tif,train
GH0363050,mappingafrica,v1.3.0,GH,-0.643500000000003,8.0775,0.0404376594387755,0.9595623405612244,0.0,,mappingafrica-256/images/GH0363050_2018-12.tif,mappingafrica-256/labels/GH0363050_902169_2018-12.tif,train
GH0363286,mappingafrica,v1.3.0,GH,0.536499999999997,8.0775,0.1236846301020408,0.8763153698979592,0.0,,mappingafrica-256/images/GH0363286_2018-12.tif,mappingafrica-256/labels/GH0363286_902170_2018-12.tif,train
GH0363610,mappingafrica,v1.3.0,GH,-1.0235,8.07250000000001,0.0060786033163265,0.9939213966836736,0.0,,mappingafrica-256/images/GH0363610_2018-12.tif,mappingafrica-256/labels/GH0363610_902173_2018-12.tif,train
GH0364938,mappingafrica,v1.3.0,GH,-0.743500000000005,8.0625,0.0061383928571428,0.9938616071428572,0.0,,mappingafrica-256/images/GH0364938_2018-12.tif,mappingafrica-256/labels/GH0364938_902181_2018-12.tif,train
GH0367641,mappingafrica,v1.3.0,GH,-0.0035000000000025,8.0425,0.0706513073979591,0.9293486926020408,0.0,,mappingafrica-256/images/GH0367641_2018-12.tif,mappingafrica-256/labels/GH0367641_902190_2018-12.tif,train
GH0367647,mappingafrica,v1.3.0,GH,0.0264999999999986,8.0425,0.013492506377551,0.986507493622449,0.0,,mappingafrica-256/images/GH0367647_2018-12.tif,mappingafrica-256/labels/GH0367647_902191_2018-12.tif,train
GH0371048,mappingafrica,v1.3.0,GH,-2.5935,8.0125,0.3121213329081632,0.6878786670918369,0.0,,mappingafrica-256/images/GH0371048_2020-11.tif,mappingafrica-256/labels/GH0371048_902203_2020-11.tif,validate
GH0371626,mappingafrica,v1.3.0,GH,0.296499999999998,8.0125,0.0961017219387755,0.9038982780612244,0.0,,mappingafrica-256/images/GH0371626_2018-12.tif,mappingafrica-256/labels/GH0371626_902208_2018-12.tif,train
GH0375451,mappingafrica,v1.3.0,GH,-0.373500000000004,7.98250000000001,0.1230070153061224,0.8769929846938775,0.0,,mappingafrica-256/images/GH0375451_2018-12.tif,mappingafrica-256/labels/GH0375451_902225_2018-12.tif,train
GH0375932,mappingafrica,v2.0.0,GH,-1.2785,7.9775,0.2930883290816326,0.7069116709183674,0.0,,mappingafrica-256/images/GH0375932_2018-02.tif,mappingafrica-256/labels/GH0375932_17969_2018-02.tif,train
GH0380848,mappingafrica,v1.3.0,GH,-0.0385000000000026,7.9425,0.2186503507653061,0.7813496492346939,0.0,,mappingafrica-256/images/GH0380848_2018-12.tif,mappingafrica-256/labels/GH0380848_902243_2018-12.tif,train
GH0381761,mappingafrica,v1.3.0,GH,-2.2285,7.93250000000001,0.1717554209183673,0.8282445790816327,0.0,,mappingafrica-256/images/GH0381761_2018-12.tif,mappingafrica-256/labels/GH0381761_902248_2018-12.tif,train
GH0382628,mappingafrica,v1.3.0,GH,-1.2785,7.9275,0.0765106823979591,0.9234893176020408,0.0,,mappingafrica-256/images/GH0382628_2018-12.tif,mappingafrica-256/labels/GH0382628_902254_2018-12.tif,train
GH0383018,mappingafrica,v1.3.0,GH,-2.7185,7.9225,0.0645527742346938,0.935447225765306,0.0,,mappingafrica-256/images/GH0383018_2020-11.tif,mappingafrica-256/labels/GH0383018_902255_2020-11.tif,train
GH0383997,mappingafrica,v1.3.0,GH,-1.2185,7.9175,0.0821906887755102,0.9178093112244898,0.0,,mappingafrica-256/images/GH0383997_2018-12.tif,mappingafrica-256/labels/GH0383997_902261_2018-12.tif,train
GH0384577,mappingafrica,v1.3.0,GH,-1.7185,7.91250000000001,0.1701012436224489,0.8298987563775511,0.0,,mappingafrica-256/images/GH0384577_2018-12.tif,mappingafrica-256/labels/GH0384577_902263_2018-12.tif,train
GH0385286,mappingafrica,v1.3.0,GH,-1.5735,7.9075,0.3210299744897959,0.678970025510204,0.0,,mappingafrica-256/images/GH0385286_2018-12.tif,mappingafrica-256/labels/GH0385286_902268_2018-12.tif,train
GH0386603,mappingafrica,v1.3.0,GH,-1.7985,7.8975,0.0593710140306122,0.9406289859693878,0.0,,mappingafrica-256/images/GH0386603_2018-12.tif,mappingafrica-256/labels/GH0386603_902276_2018-12.tif,train
GH0388485,mappingafrica,v1.3.0,GH,-2.6035,7.8825,0.0132134885204081,0.986786511479592,0.0,,mappingafrica-256/images/GH0388485_2018-12.tif,mappingafrica-256/labels/GH0388485_902284_2018-12.tif,train
GH0391173,mappingafrica,v1.3.0,GH,0.611499999999996,7.8675,0.0102638711734693,0.9897361288265308,0.0,,mappingafrica-256/images/GH0391173_2018-12.tif,mappingafrica-256/labels/GH0391173_902302_2018-12.tif,train
GH0392422,mappingafrica,v2.0.0,GH,0.0214999999999961,7.8575,0.0959024234693877,0.9040975765306124,0.0,,mappingafrica-256/images/GH0392422_2022-03.tif,mappingafrica-256/labels/GH0392422_32206_2022-03.tif,train
GH0395979,mappingafrica,v1.3.0,GH,-2.7835,7.8275,0.0409558354591836,0.9590441645408164,0.0,,mappingafrica-256/images/GH0395979_2018-12.tif,mappingafrica-256/labels/GH0395979_902325_2018-12.tif,train
GH0396240,mappingafrica,v1.3.0,GH,-1.4785,7.8275,0.0640545280612244,0.9359454719387756,0.0,,mappingafrica-256/images/GH0396240_2018-12.tif,mappingafrica-256/labels/GH0396240_902326_2018-12.tif,train
GH0396409,mappingafrica,v1.3.0,GH,-0.633500000000002,7.8275,0.0504424426020408,0.9495575573979592,0.0,,mappingafrica-256/images/GH0396409_2018-12.tif,mappingafrica-256/labels/GH0396409_902327_2018-12.tif,train
GH0398842,mappingafrica,v1.3.0,GH,-2.2435,7.80750000000001,0.410953443877551,0.5890465561224489,0.0,,mappingafrica-256/images/GH0398842_2020-11.tif,mappingafrica-256/labels/GH0398842_902339_2020-11.tif,validate
GH0399029,mappingafrica,v1.3.0,GH,-1.3085,7.80750000000001,0.238540338010204,0.761459661989796,0.0,,mappingafrica-256/images/GH0399029_2018-12.tif,mappingafrica-256/labels/GH0399029_902343_2018-12.tif,train
GH0400297,mappingafrica,v1.3.0,GH,-1.8585,7.7975,0.1011838329081632,0.8988161670918368,0.0,,mappingafrica-256/images/GH0400297_2018-12.tif,mappingafrica-256/labels/GH0400297_902350_2018-12.tif,train
GH0400619,mappingafrica,v1.3.0,GH,-0.248500000000004,7.7975,0.1064851721938775,0.8935148278061225,0.0,,mappingafrica-256/images/GH0400619_2018-12.tif,mappingafrica-256/labels/GH0400619_902354_2018-12.tif,train
GH0401463,mappingafrica,v1.3.0,GH,0.521499999999996,7.7925,0.0200095663265306,0.9799904336734694,0.0,,mappingafrica-256/images/GH0401463_2018-12.tif,mappingafrica-256/labels/GH0401463_902361_2018-12.tif,train
GH0404032,mappingafrica,v1.3.0,GH,-0.488500000000002,7.7725,0.1548549107142857,0.8451450892857143,0.0,,mappingafrica-256/images/GH0404032_2018-12.tif,mappingafrica-256/labels/GH0404032_902372_2018-12.tif,train
GH0405253,mappingafrica,v1.3.0,GH,-1.3335,7.7625,0.0521564094387755,0.9478435905612244,0.0,,mappingafrica-256/images/GH0405253_2018-12.tif,mappingafrica-256/labels/GH0405253_902380_2018-12.tif,train
GH0405701,mappingafrica,v1.3.0,GH,-2.5585,7.7575,0.0968789859693877,0.9031210140306124,0.0,,mappingafrica-256/images/GH0405701_2018-12.tif,mappingafrica-256/labels/GH0405701_902385_2018-12.tif,train
GH0406858,mappingafrica,v1.3.0,GH,-0.243500000000005,7.75250000000001,0.1247010522959183,0.8752989477040817,0.0,,mappingafrica-256/images/GH0406858_2018-12.tif,mappingafrica-256/labels/GH0406858_902398_2018-12.tif,train
GH0409273,mappingafrica,v1.3.0,GH,-2.0635,7.73250000000001,0.0234175701530612,0.9765824298469388,0.0,,mappingafrica-256/images/GH0409273_2018-12.tif,mappingafrica-256/labels/GH0409273_902414_2018-12.tif,train
GH0414940,mappingafrica,v1.3.0,GH,-1.5935,7.6925,0.3439492984693877,0.6560507015306123,0.0,,mappingafrica-256/images/GH0414940_2018-12.tif,mappingafrica-256/labels/GH0414940_902443_2018-12.tif,train
GH0415730,mappingafrica,v1.3.0,GH,-1.1185,7.6875,0.1792689732142857,0.8207310267857143,0.0,,mappingafrica-256/images/GH0415730_2018-12.tif,mappingafrica-256/labels/GH0415730_902449_2018-12.tif,train
GH0416729,mappingafrica,v1.3.0,GH,0.406499999999998,7.68250000000001,0.1120455994897959,0.8879544005102041,0.0,,mappingafrica-256/images/GH0416729_2018-12.tif,mappingafrica-256/labels/GH0416729_902455_2018-12.tif,train
GH0418876,mappingafrica,v1.3.0,GH,-2.7585,7.66250000000001,0.0655492665816326,0.9344507334183674,0.0,,mappingafrica-256/images/GH0418876_2018-12.tif,mappingafrica-256/labels/GH0418876_902468_2018-12.tif,train
GH0419684,mappingafrica,v2.0.0,GH,-2.1985,7.6575,0.5871731505102041,0.4128268494897958,0.0,,mappingafrica-256/images/GH0419684_2018-02.tif,mappingafrica-256/labels/GH0419684_15051_2018-02.tif,train
GH0421802,mappingafrica,v1.3.0,GH,-2.0585,7.64250000000001,0.2196468431122449,0.7803531568877551,0.0,,mappingafrica-256/images/GH0421802_2018-12.tif,mappingafrica-256/labels/GH0421802_902483_2018-12.tif,train
GH0421994,mappingafrica,v1.3.0,GH,-1.0985,7.64250000000001,0.4865872130102041,0.513412786989796,0.0,,mappingafrica-256/images/GH0421994_2020-11.tif,mappingafrica-256/labels/GH0421994_902485_2020-11.tif,test
GH0422585,mappingafrica,v1.3.0,GH,-1.6335,7.6375,0.2894013073979591,0.7105986926020409,0.0,,mappingafrica-256/images/GH0422585_2020-11.tif,mappingafrica-256/labels/GH0422585_902489_2020-11.tif,train
GH0423765,mappingafrica,v1.3.0,GH,-2.7135,7.62750000000001,0.1016820790816326,0.8983179209183674,0.0,,mappingafrica-256/images/GH0423765_2018-12.tif,mappingafrica-256/labels/GH0423765_902492_2018-12.tif,train
GH0428367,mappingafrica,v1.3.0,GH,-0.603500000000004,7.5975,0.3340043048469387,0.6659956951530612,0.0,,mappingafrica-256/images/GH0428367_2018-12.tif,mappingafrica-256/labels/GH0428367_902517_2018-12.tif,train
GH0430373,mappingafrica,v1.3.0,GH,-0.918500000000002,7.5825,0.0802176339285714,0.9197823660714286,0.0,,mappingafrica-256/images/GH0430373_2018-12.tif,mappingafrica-256/labels/GH0430373_902527_2018-12.tif,train
GH0432154,mappingafrica,v1.3.0,GH,-2.3485,7.5675,0.098891900510204,0.901108099489796,0.0,,mappingafrica-256/images/GH0432154_2018-12.tif,mappingafrica-256/labels/GH0432154_902534_2018-12.tif,train
GH0432685,mappingafrica,v1.3.0,GH,0.306499999999996,7.5675,0.2075294961734693,0.7924705038265307,0.0,,mappingafrica-256/images/GH0432685_2018-12.tif,mappingafrica-256/labels/GH0432685_902535_2018-12.tif,train
GH0434168,mappingafrica,v1.3.0,GH,-2.6135,7.5525,0.0278419961734693,0.9721580038265308,0.0,,mappingafrica-256/images/GH0434168_2018-12.tif,mappingafrica-256/labels/GH0434168_902543_2018-12.tif,train
GH0434240,mappingafrica,v1.3.0,GH,-2.2535,7.5525,0.2811104910714285,0.7188895089285715,0.0,,mappingafrica-256/images/GH0434240_2018-12.tif,mappingafrica-256/labels/GH0434240_902544_2018-12.tif,train
GH0438884,mappingafrica,v1.3.0,GH,0.311499999999995,7.5225,0.0363121811224489,0.9636878188775512,0.0,,mappingafrica-256/images/GH0438884_2018-12.tif,mappingafrica-256/labels/GH0438884_902569_2018-12.tif,train
GH0443743,mappingafrica,v1.3.0,GH,0.496499999999998,7.4875,0.1668526785714285,0.8331473214285715,0.0,,mappingafrica-256/images/GH0443743_2018-12.tif,mappingafrica-256/labels/GH0443743_902600_2018-12.tif,train
GH0445236,mappingafrica,v1.3.0,GH,-2.3985,7.4725,0.4602000956632653,0.5397999043367347,0.0,,mappingafrica-256/images/GH0445236_2018-12.tif,mappingafrica-256/labels/GH0445236_902608_2018-12.tif,train
GH0445333,mappingafrica,v1.3.0,GH,-1.9135,7.4725,0.2189094387755102,0.7810905612244898,0.0,,mappingafrica-256/images/GH0445333_2018-12.tif,mappingafrica-256/labels/GH0445333_902610_2018-12.tif,train
GH0445340,mappingafrica,v1.3.0,GH,-1.8785,7.4725,0.1918845663265306,0.8081154336734694,0.0,,mappingafrica-256/images/GH0445340_2018-12.tif,mappingafrica-256/labels/GH0445340_902611_2018-12.tif,train
GH0445776,mappingafrica,v1.3.0,GH,0.301499999999997,7.4725,0.1359813456632653,0.8640186543367347,0.0,,mappingafrica-256/images/GH0445776_2018-12.tif,mappingafrica-256/labels/GH0445776_902615_2018-12.tif,train
GH0448569,mappingafrica,v1.3.0,GH,0.461499999999997,7.4525,0.0592315051020408,0.9407684948979592,0.0,,mappingafrica-256/images/GH0448569_2018-12.tif,mappingafrica-256/labels/GH0448569_902636_2018-12.tif,train
GH0451333,mappingafrica,v1.3.0,GH,0.411499999999997,7.43250000000001,0.1276307397959183,0.8723692602040817,0.0,,mappingafrica-256/images/GH0451333_2018-12.tif,mappingafrica-256/labels/GH0451333_902649_2018-12.tif,train
GH0451900,mappingafrica,v1.3.0,GH,-0.228500000000004,7.4275,0.0024314413265306,0.9975685586734694,0.0,,mappingafrica-256/images/GH0451900_2018-12.tif,mappingafrica-256/labels/GH0451900_902654_2018-12.tif,train
GH0452252,mappingafrica,v1.3.0,GH,-1.9435,7.4225,0.226821588010204,0.773178411989796,0.0,,mappingafrica-256/images/GH0452252_2018-12.tif,mappingafrica-256/labels/GH0452252_902656_2018-12.tif,train
GH0453162,mappingafrica,v1.3.0,GH,-0.878500000000003,7.4175,0.3556680484693877,0.6443319515306123,0.0,,mappingafrica-256/images/GH0453162_2018-12.tif,mappingafrica-256/labels/GH0453162_902663_2018-12.tif,train
GH0454411,mappingafrica,v1.3.0,GH,-1.6035,7.4075,0.4522480867346938,0.5477519132653061,0.0,,mappingafrica-256/images/GH0454411_2018-12.tif,mappingafrica-256/labels/GH0454411_902667_2018-12.tif,train
GH0456218,mappingafrica,v1.3.0,GH,0.436499999999995,7.3975,0.0892458545918367,0.9107541454081634,0.0,,mappingafrica-256/images/GH0456218_2018-12.tif,mappingafrica-256/labels/GH0456218_902675_2018-12.tif,train
GH0456609,mappingafrica,v1.3.0,GH,-1.1285,7.39250000000001,0.0402184311224489,0.9597815688775512,0.0,,mappingafrica-256/images/GH0456609_2018-12.tif,mappingafrica-256/labels/GH0456609_902678_2018-12.tif,train
GH0457331,mappingafrica,v1.3.0,GH,-1.0735,7.3875,0.3650151466836734,0.6349848533163266,0.0,,mappingafrica-256/images/GH0457331_2020-11.tif,mappingafrica-256/labels/GH0457331_902681_2020-11.tif,validate
GH0458067,mappingafrica,v1.3.0,GH,-0.973500000000001,7.3825,0.220703125,0.779296875,0.0,,mappingafrica-256/images/GH0458067_2020-11.tif,mappingafrica-256/labels/GH0458067_902686_2020-11.tif,train
GH0459849,mappingafrica,v2.0.0,GH,-2.9035,7.3675,0.2461136798469387,0.7538863201530613,0.0,,mappingafrica-256/images/GH0459849_2023-12.tif,mappingafrica-256/labels/GH0459849_38833_2023-12.tif,train
GH0460839,mappingafrica,v2.0.0,GH,-1.5735,7.3625,0.8683235012755102,0.1316764987244898,0.0,,mappingafrica-256/images/GH0460839_2022-12.tif,mappingafrica-256/labels/GH0460839_17971_2022-12.tif,test
GH0462241,mappingafrica,v1.3.0,GH,-1.8035,7.3525,0.2313456632653061,0.7686543367346939,0.0,,mappingafrica-256/images/GH0462241_2018-12.tif,mappingafrica-256/labels/GH0462241_902700_2018-12.tif,train
GH0465128,mappingafrica,v1.3.0,GH,-1.8585,7.3325,0.2513153698979591,0.7486846301020409,0.0,,mappingafrica-256/images/GH0465128_2018-12.tif,mappingafrica-256/labels/GH0465128_902715_2018-12.tif,train
GH0469701,mappingafrica,v1.3.0,GH,-0.763500000000004,7.3025,0.0323660714285714,0.9676339285714286,0.0,,mappingafrica-256/images/GH0469701_2020-11.tif,mappingafrica-256/labels/GH0469701_902736_2020-11.tif,train
GH0470306,mappingafrica,v2.0.0,GH,-1.3685,7.2975,0.4596221301020408,0.5403778698979592,0.0,,mappingafrica-256/images/GH0470306_2020-02.tif,mappingafrica-256/labels/GH0470306_20021_2020-02.tif,train
GH0473546,mappingafrica,v1.3.0,GH,0.326499999999996,7.2775,0.4318598533163265,0.5681401466836735,0.0,,mappingafrica-256/images/GH0473546_2018-12.tif,mappingafrica-256/labels/GH0473546_902756_2018-12.tif,train
GH0475906,mappingafrica,v1.3.0,GH,-2.3435,7.2575,0.1329121492346938,0.8670878507653061,0.0,,mappingafrica-256/images/GH0475906_2018-12.tif,mappingafrica-256/labels/GH0475906_902768_2018-12.tif,train
GH0476079,mappingafrica,v1.3.0,GH,-1.4785,7.2575,0.1559311224489795,0.8440688775510206,0.0,,mappingafrica-256/images/GH0476079_2018-12.tif,mappingafrica-256/labels/GH0476079_902769_2018-12.tif,train
GH0481753,mappingafrica,v1.3.0,GH,-1.9185,7.21750000000001,0.1943757971938775,0.8056242028061225,0.0,,mappingafrica-256/images/GH0481753_2018-12.tif,mappingafrica-256/labels/GH0481753_902791_2018-12.tif,train
GH0484760,mappingafrica,v1.3.0,GH,-1.3185,7.19750000000001,0.2378627232142857,0.7621372767857143,0.0,,mappingafrica-256/images/GH0484760_2018-12.tif,mappingafrica-256/labels/GH0484760_902802_2018-12.tif,train
GH0486184,mappingafrica,v1.3.0,GH,-1.4285,7.1875,0.0196508290816326,0.9803491709183674,0.0,,mappingafrica-256/images/GH0486184_2018-12.tif,mappingafrica-256/labels/GH0486184_902809_2018-12.tif,train
GH0486730,mappingafrica,v1.3.0,GH,-2.3185,7.18250000000001,0.0773875956632653,0.9226124043367347,0.0,,mappingafrica-256/images/GH0486730_2018-12.tif,mappingafrica-256/labels/GH0486730_902812_2018-12.tif,train
GH0486786,mappingafrica,v1.3.0,GH,-2.0385,7.18250000000001,0.2164979272959183,0.7835020727040817,0.0,,mappingafrica-256/images/GH0486786_2018-12.tif,mappingafrica-256/labels/GH0486786_902813_2018-12.tif,train
GH0493378,mappingafrica,v1.3.0,GH,-1.7185,7.1375,0.2728993941326531,0.7271006058673469,0.0,,mappingafrica-256/images/GH0493378_2018-12.tif,mappingafrica-256/labels/GH0493378_902845_2018-12.tif,train
GH0493723,mappingafrica,v1.3.0,GH,0.0064999999999955,7.1375,0.0569196428571428,0.9430803571428572,0.0,,mappingafrica-256/images/GH0493723_2018-12.tif,mappingafrica-256/labels/GH0493723_902849_2018-12.tif,train
GH0495635,mappingafrica,v1.3.0,GH,-1.3135,7.1225,0.1282884247448979,0.8717115752551021,0.0,,mappingafrica-256/images/GH0495635_2020-11.tif,mappingafrica-256/labels/GH0495635_902857_2020-11.tif,test
GH0495925,mappingafrica,v1.3.0,GH,0.136499999999998,7.1225,0.1426578443877551,0.8573421556122449,0.0,,mappingafrica-256/images/GH0495925_2018-12.tif,mappingafrica-256/labels/GH0495925_902860_2018-12.tif,train
GH0496394,mappingafrica,v1.3.0,GH,-1.1485,7.1175,0.0531130420918367,0.9468869579081634,0.0,,mappingafrica-256/images/GH0496394_2018-12.tif,mappingafrica-256/labels/GH0496394_902864_2018-12.tif,train
GH0497883,mappingafrica,v1.3.0,GH,-0.968500000000002,7.10750000000001,0.2728993941326531,0.7271006058673469,0.0,,mappingafrica-256/images/GH0497883_2018-12.tif,mappingafrica-256/labels/GH0497883_902870_2018-12.tif,train
GH0499724,mappingafrica,v1.3.0,GH,-2.6885,7.09250000000001,0.3532366071428571,0.6467633928571429,0.0,,mappingafrica-256/images/GH0499724_2018-12.tif,mappingafrica-256/labels/GH0499724_902879_2018-12.tif,train
GH0501183,mappingafrica,v1.3.0,GH,-2.6835,7.0825,0.0358737244897959,0.964126275510204,0.0,,mappingafrica-256/images/GH0501183_2018-12.tif,mappingafrica-256/labels/GH0501183_902884_2018-12.tif,train
GH0501694,mappingafrica,v1.3.0,GH,-0.128500000000003,7.0825,0.1260961415816326,0.8739038584183674,0.0,,mappingafrica-256/images/GH0501694_2018-12.tif,mappingafrica-256/labels/GH0501694_902889_2018-12.tif,train
GH0502330,mappingafrica,v1.3.0,GH,-0.593500000000002,7.0775,0.2614198022959184,0.7385801977040816,0.0,,mappingafrica-256/images/GH0502330_2018-12.tif,mappingafrica-256/labels/GH0502330_902892_2018-12.tif,train
GH0503930,mappingafrica,v1.3.0,GH,0.106499999999997,7.0675,0.1077008928571428,0.8922991071428572,0.0,,mappingafrica-256/images/GH0503930_2018-12.tif,mappingafrica-256/labels/GH0503930_902903_2018-12.tif,train
GH0505586,mappingafrica,v1.3.0,GH,-2.6535,7.05250000000001,0.0930923150510204,0.9069076849489796,0.0,,mappingafrica-256/images/GH0505586_2018-12.tif,mappingafrica-256/labels/GH0505586_902913_2018-12.tif,train
GH0506612,mappingafrica,v1.3.0,GH,-1.2135,7.0475,0.0896045918367346,0.9103954081632654,0.0,,mappingafrica-256/images/GH0506612_2018-12.tif,mappingafrica-256/labels/GH0506612_902917_2018-12.tif,train
GH0508834,mappingafrica,v1.3.0,GH,-1.1935,7.0325,0.1184630102040816,0.8815369897959184,0.0,,mappingafrica-256/images/GH0508834_2018-12.tif,mappingafrica-256/labels/GH0508834_902932_2018-12.tif,train
GH0509802,mappingafrica,v2.0.0,GH,-0.0535000000000032,7.0275,0.2120934311224489,0.7879065688775511,0.0,,mappingafrica-256/images/GH0509802_2021-03.tif,mappingafrica-256/labels/GH0509802_32183_2021-03.tif,train
GH0510088,mappingafrica,v1.3.0,GH,-2.3335,7.0225,0.0107222576530612,0.9892777423469388,0.0,,mappingafrica-256/images/GH0510088_2018-12.tif,mappingafrica-256/labels/GH0510088_902935_2018-12.tif,train
GH0510301,mappingafrica,v1.3.0,GH,-1.2685,7.0225,0.5674027423469388,0.4325972576530612,0.0,,mappingafrica-256/images/GH0510301_2018-12.tif,mappingafrica-256/labels/GH0510301_902939_2018-12.tif,train
GH0510622,mappingafrica,v1.3.0,GH,0.336499999999997,7.0225,0.1228276466836734,0.8771723533163266,0.0,,mappingafrica-256/images/GH0510622_2018-12.tif,mappingafrica-256/labels/GH0510622_902942_2018-12.tif,train
GH0520075,mappingafrica,v1.3.0,GH,-0.288500000000003,6.9575,0.200813137755102,0.799186862244898,0.0,,mappingafrica-256/images/GH0520075_2018-12.tif,mappingafrica-256/labels/GH0520075_902993_2018-12.tif,train
GH0520957,mappingafrica,v1.3.0,GH,0.456499999999998,6.9525,0.0626793686224489,0.9373206313775512,0.0,,mappingafrica-256/images/GH0520957_2018-12.tif,mappingafrica-256/labels/GH0520957_903000_2018-12.tif,train
GH0520970,mappingafrica,v1.3.0,GH,-3.1485,6.94750000000001,0.0587731186224489,0.9412268813775512,0.0,,mappingafrica-256/images/GH0520970_2018-12.tif,mappingafrica-256/labels/GH0520970_903001_2018-12.tif,train
GH0521982,mappingafrica,v1.3.0,GH,-1.7585,6.9425,0.0565808354591836,0.9434191645408164,0.0,,mappingafrica-256/images/GH0521982_2018-12.tif,mappingafrica-256/labels/GH0521982_903007_2018-12.tif,train
GH0521995,mappingafrica,v1.3.0,GH,-1.6935,6.9425,0.009406887755102,0.990593112244898,0.0,,mappingafrica-256/images/GH0521995_2020-11.tif,mappingafrica-256/labels/GH0521995_903008_2020-11.tif,train
GH0522127,mappingafrica,v1.3.0,GH,-1.0335,6.9425,0.1271723533163265,0.8728276466836735,0.0,,mappingafrica-256/images/GH0522127_2018-12.tif,mappingafrica-256/labels/GH0522127_903010_2018-12.tif,train
GH0523711,mappingafrica,v1.3.0,GH,-0.483500000000003,6.93250000000001,0.2586694834183674,0.7413305165816326,0.0,,mappingafrica-256/images/GH0523711_2018-12.tif,mappingafrica-256/labels/GH0523711_903018_2018-12.tif,train
GH0524027,mappingafrica,v1.3.0,GH,-2.6135,6.92750000000001,0.1382334183673469,0.8617665816326531,0.0,,mappingafrica-256/images/GH0524027_2018-12.tif,mappingafrica-256/labels/GH0524027_903019_2018-12.tif,train
GH0528533,mappingafrica,v1.3.0,GH,-2.4635,6.8975,0.017398756377551,0.982601243622449,0.0,,mappingafrica-256/images/GH0528533_2018-12.tif,mappingafrica-256/labels/GH0528533_903036_2018-12.tif,train
GH0529744,mappingafrica,v1.3.0,GH,-0.148500000000002,6.89250000000001,0.0661870216836734,0.9338129783163266,0.0,,mappingafrica-256/images/GH0529744_2018-12.tif,mappingafrica-256/labels/GH0529744_903047_2018-12.tif,train
GH0536935,mappingafrica,v1.3.0,GH,-1.6185,6.84250000000001,0.2132294323979592,0.7867705676020408,0.0,,mappingafrica-256/images/GH0536935_2018-12.tif,mappingafrica-256/labels/GH0536935_903086_2018-12.tif,train
GH0539448,mappingafrica,v1.3.0,GH,-0.303500000000003,6.8275,0.4708426339285714,0.5291573660714286,0.0,,mappingafrica-256/images/GH0539448_2018-12.tif,mappingafrica-256/labels/GH0539448_903100_2018-12.tif,train
GH0540128,mappingafrica,v1.3.0,GH,-0.663500000000003,6.82250000000001,0.0361726721938775,0.9638273278061223,0.0,,mappingafrica-256/images/GH0540128_2018-12.tif,mappingafrica-256/labels/GH0540128_903103_2018-12.tif,train
GH0540874,mappingafrica,v1.3.0,GH,-0.718500000000002,6.8175,0.0177176339285714,0.9822823660714286,0.0,,mappingafrica-256/images/GH0540874_2018-12.tif,mappingafrica-256/labels/GH0540874_903110_2018-12.tif,train
GH0545880,mappingafrica,v1.3.0,GH,-2.2685,6.7825,0.0631377551020408,0.9368622448979592,0.0,,mappingafrica-256/images/GH0545880_2018-12.tif,mappingafrica-256/labels/GH0545880_903129_2018-12.tif,train
GH0546569,mappingafrica,v1.3.0,GH,-2.6235,6.7775,0.0214046556122449,0.9785953443877552,0.0,,mappingafrica-256/images/GH0546569_2018-12.tif,mappingafrica-256/labels/GH0546569_903132_2018-12.tif,train
GH0547551,mappingafrica,v1.3.0,GH,-1.5185,6.7725,0.1103515625,0.8896484375,0.0,,mappingafrica-256/images/GH0547551_2018-12.tif,mappingafrica-256/labels/GH0547551_903136_2018-12.tif,train
GH0552574,mappingafrica,v1.3.0,GH,-3.1335,6.7375,0.1122648278061224,0.8877351721938775,0.0,,mappingafrica-256/images/GH0552574_2018-12.tif,mappingafrica-256/labels/GH0552574_903153_2018-12.tif,train
GH0553168,mappingafrica,v2.0.0,GH,-0.163500000000003,6.7375,0.0365314094387755,0.9634685905612244,0.0,,mappingafrica-256/images/GH0553168_2019-08.tif,mappingafrica-256/labels/GH0553168_11780_2019-08.tif,train
GH0554253,mappingafrica,v1.3.0,GH,-2.4385,6.7275,0.0193319515306122,0.9806680484693878,0.0,,mappingafrica-256/images/GH0554253_2018-12.tif,mappingafrica-256/labels/GH0554253_903160_2018-12.tif,train
GH0555643,mappingafrica,v1.3.0,GH,-3.1735,6.71750000000001,0.0582549426020408,0.9417450573979592,0.0,,mappingafrica-256/images/GH0555643_2018-12.tif,mappingafrica-256/labels/GH0555643_903166_2018-12.tif,train
GH0556296,mappingafrica,v1.3.0,GH,0.0914999999999964,6.71750000000001,0.2020089285714285,0.7979910714285715,0.0,,mappingafrica-256/images/GH0556296_2018-12.tif,mappingafrica-256/labels/GH0556296_903171_2018-12.tif,train
GH0567267,mappingafrica,v1.3.0,GH,-3.0535,6.64250000000001,0.0825693558673469,0.9174306441326532,0.0,,mappingafrica-256/images/GH0567267_2018-12.tif,mappingafrica-256/labels/GH0567267_903216_2018-12.tif,train
GH0568025,mappingafrica,v1.3.0,GH,-3.1485,6.6375,0.0826889349489796,0.9173110650510204,0.0,,mappingafrica-256/images/GH0568025_2018-12.tif,mappingafrica-256/labels/GH0568025_903220_2018-12.tif,train
GH0571138,mappingafrica,v1.3.0,GH,-3.1585,6.6175,0.2058952487244898,0.7941047512755102,0.0,,mappingafrica-256/images/GH0571138_2018-12.tif,mappingafrica-256/labels/GH0571138_903229_2018-12.tif,train
GH0577686,mappingafrica,v1.3.0,GH,-1.7235,6.5775,0.0522959183673469,0.9477040816326532,0.0,,mappingafrica-256/images/GH0577686_2018-12.tif,mappingafrica-256/labels/GH0577686_903248_2018-12.tif,train
GH0580110,mappingafrica,v1.3.0,GH,-1.4985,6.5625,0.1708386479591837,0.8291613520408163,0.0,,mappingafrica-256/images/GH0580110_2018-12.tif,mappingafrica-256/labels/GH0580110_903255_2018-12.tif,train
GH0580172,mappingafrica,v1.3.0,GH,-1.1885,6.5625,0.0643335459183673,0.9356664540816328,0.0,,mappingafrica-256/images/GH0580172_2018-12.tif,mappingafrica-256/labels/GH0580172_903256_2018-12.tif,train
GH0581701,mappingafrica,v1.3.0,GH,-1.4935,6.55250000000001,0.1232063137755102,0.8767936862244898,0.0,,mappingafrica-256/images/GH0581701_2018-12.tif,mappingafrica-256/labels/GH0581701_903263_2018-12.tif,train
GH0585098,mappingafrica,v1.3.0,GH,-0.373500000000004,6.5325,0.0914182079081632,0.9085817920918368,0.0,,mappingafrica-256/images/GH0585098_2018-12.tif,mappingafrica-256/labels/GH0585098_903269_2018-12.tif,train
GH0585906,mappingafrica,v1.3.0,GH,-0.288500000000003,6.5275,0.1959103954081632,0.8040896045918368,0.0,,mappingafrica-256/images/GH0585906_2018-12.tif,mappingafrica-256/labels/GH0585906_903274_2018-12.tif,train
GH0588433,mappingafrica,v1.3.0,GH,0.501499999999997,6.5125,0.2257852359693877,0.7742147640306123,0.0,,mappingafrica-256/images/GH0588433_2018-12.tif,mappingafrica-256/labels/GH0588433_903281_2018-12.tif,test
GH0606504,mappingafrica,v1.3.0,GH,-0.273500000000002,6.3975,0.0810148278061224,0.9189851721938777,0.0,,mappingafrica-256/images/GH0606504_2018-12.tif,mappingafrica-256/labels/GH0606504_903313_2018-12.tif,train
GH0608943,mappingafrica,v2.0.0,GH,-0.1235,6.3825,0.1213727678571428,0.8786272321428572,0.0,,mappingafrica-256/images/GH0608943_2018-02.tif,mappingafrica-256/labels/GH0608943_33329_2018-02.tif,train
GH0609110,mappingafrica,v1.3.0,GH,0.711499999999997,6.3825,0.1668925382653061,0.8331074617346939,0.0,,mappingafrica-256/images/GH0609110_2018-12.tif,mappingafrica-256/labels/GH0609110_903320_2018-12.tif,train
GH0610932,mappingafrica,v1.3.0,GH,-2.3285,6.3675,0.0279815051020408,0.9720184948979592,0.0,,mappingafrica-256/images/GH0610932_2018-12.tif,mappingafrica-256/labels/GH0610932_903321_2018-12.tif,train
GH0616413,mappingafrica,v1.3.0,GH,0.671499999999998,6.33750000000001,0.0371492346938775,0.9628507653061223,0.0,,mappingafrica-256/images/GH0616413_2018-12.tif,mappingafrica-256/labels/GH0616413_903333_2018-12.tif,train
GH0616915,mappingafrica,v1.3.0,GH,-0.898500000000002,6.3325,0.0870934311224489,0.9129065688775512,0.0,,mappingafrica-256/images/GH0616915_2018-12.tif,mappingafrica-256/labels/GH0616915_903335_2018-12.tif,train
GH0624805,mappingafrica,v1.3.0,GH,-2.9385,6.2825,0.0157844387755102,0.9842155612244898,0.0,,mappingafrica-256/images/GH0624805_2018-12.tif,mappingafrica-256/labels/GH0624805_903349_2018-12.tif,train
GH0626367,mappingafrica,v1.3.0,GH,0.686499999999995,6.2775,0.0243343431122449,0.9756656568877552,0.0,,mappingafrica-256/images/GH0626367_2018-12.tif,mappingafrica-256/labels/GH0626367_903352_2018-12.tif,train
GH0627957,mappingafrica,v1.3.0,GH,0.266499999999997,6.26750000000001,0.0556441326530612,0.9443558673469388,0.0,,mappingafrica-256/images/GH0627957_2018-12.tif,mappingafrica-256/labels/GH0627957_903355_2018-12.tif,train
GH0631458,mappingafrica,v1.3.0,GH,1.0015,6.2475,0.0558633609693877,0.9441366390306124,0.0,,mappingafrica-256/images/GH0631458_2018-12.tif,mappingafrica-256/labels/GH0631458_903360_2018-12.tif,train
GH0644034,mappingafrica,v2.0.0,GH,0.9815,6.1725,0.8667490433673469,0.133250956632653,0.0,,mappingafrica-256/images/GH0644034_2019-02.tif,mappingafrica-256/labels/GH0644034_34499_2019-02.tif,train
GH0644823,mappingafrica,v1.3.0,GH,0.731499999999997,6.1675,0.1747249681122449,0.8252750318877551,0.0,,mappingafrica-256/images/GH0644823_2018-12.tif,mappingafrica-256/labels/GH0644823_903388_2018-12.tif,train
GH0647350,mappingafrica,v1.3.0,GH,0.771499999999996,6.1525,0.2462332589285714,0.7537667410714286,0.0,,mappingafrica-256/images/GH0647350_2018-12.tif,mappingafrica-256/labels/GH0647350_903392_2018-12.tif,train
GH0649061,mappingafrica,v2.0.0,GH,0.766499999999997,6.14250000000001,0.3685626594387755,0.6314373405612246,0.0,,mappingafrica-256/images/GH0649061_2022-12.tif,mappingafrica-256/labels/GH0649061_15058_2022-12.tif,train
GH0649531,mappingafrica,v1.3.0,GH,-1.1785,6.1375,0.2774234693877551,0.7225765306122449,0.0,,mappingafrica-256/images/GH0649531_2018-12.tif,mappingafrica-256/labels/GH0649531_903394_2018-12.tif,train
GH0649947,mappingafrica,v2.0.0,GH,0.901499999999995,6.1375,0.0465361926020408,0.9534638073979592,0.0,,mappingafrica-256/images/GH0649947_2022-12.tif,mappingafrica-256/labels/GH0649947_30120_2022-12.tif,train
GH0650558,mappingafrica,v1.3.0,GH,-0.338500000000003,6.1325,0.0736407844387755,0.9263592155612244,0.0,,mappingafrica-256/images/GH0650558_2018-12.tif,mappingafrica-256/labels/GH0650558_903398_2018-12.tif,train
GH0654124,mappingafrica,v1.3.0,GH,0.331499999999998,6.1125,0.0661670918367346,0.9338329081632654,0.0,,mappingafrica-256/images/GH0654124_2018-12.tif,mappingafrica-256/labels/GH0654124_903408_2018-12.tif,train
GH0654161,mappingafrica,v1.3.0,GH,0.516499999999997,6.1125,0.2449178890306122,0.7550821109693878,0.0,,mappingafrica-256/images/GH0654161_2018-12.tif,mappingafrica-256/labels/GH0654161_903409_2018-12.tif,test
GH0654172,mappingafrica,v1.3.0,GH,0.571499999999997,6.1125,0.0756536989795918,0.9243463010204082,0.0,,mappingafrica-256/images/GH0654172_2018-12.tif,mappingafrica-256/labels/GH0654172_903410_2018-12.tif,validate
GH0656438,mappingafrica,v1.3.0,GH,-0.963500000000003,6.0975,0.545539700255102,0.454460299744898,0.0,,mappingafrica-256/images/GH0656438_2018-12.tif,mappingafrica-256/labels/GH0656438_903413_2018-12.tif,train
GH0658449,mappingafrica,v1.3.0,GH,0.546499999999998,6.08750000000001,0.011360012755102,0.988639987244898,0.0,,mappingafrica-256/images/GH0658449_2018-12.tif,mappingafrica-256/labels/GH0658449_903421_2018-12.tif,train
GH0663542,mappingafrica,v1.3.0,GH,0.616499999999999,6.05750000000001,0.3278260522959184,0.6721739477040816,0.0,,mappingafrica-256/images/GH0663542_2018-12.tif,mappingafrica-256/labels/GH0663542_903433_2018-12.tif,train
GH0664214,mappingafrica,v1.3.0,GH,-0.223500000000001,6.05250000000001,0.1140585140306122,0.8859414859693878,0.0,,mappingafrica-256/images/GH0664214_2018-12.tif,mappingafrica-256/labels/GH0664214_903435_2018-12.tif,test
GH0664381,mappingafrica,v1.3.0,GH,0.611499999999996,6.05250000000001,0.2266222895408163,0.7733777104591837,0.0,,mappingafrica-256/images/GH0664381_2018-12.tif,mappingafrica-256/labels/GH0664381_903436_2018-12.tif,train
GH0666456,mappingafrica,v1.3.0,GH,-1.5685,6.03750000000001,0.0472337372448979,0.952766262755102,0.0,,mappingafrica-256/images/GH0666456_2018-12.tif,mappingafrica-256/labels/GH0666456_903446_2018-12.tif,train
GH0667692,mappingafrica,v1.3.0,GH,0.441499999999998,6.0325,0.2710259885204081,0.728974011479592,0.0,,mappingafrica-256/images/GH0667692_2018-12.tif,mappingafrica-256/labels/GH0667692_903448_2018-12.tif,train
GH0668509,mappingafrica,v1.3.0,GH,0.361499999999996,6.0275,0.3541733099489796,0.6458266900510203,0.0,,mappingafrica-256/images/GH0668509_2018-12.tif,mappingafrica-256/labels/GH0668509_903454_2018-12.tif,train
GH0670262,mappingafrica,v1.3.0,GH,0.811499999999995,6.01750000000001,0.223891900510204,0.776108099489796,0.0,,mappingafrica-256/images/GH0670262_2018-12.tif,mappingafrica-256/labels/GH0670262_903460_2018-12.tif,train
GH0678330,mappingafrica,v1.3.0,GH,-0.123500000000004,5.96750000000001,0.1111088966836734,0.8888911033163266,0.0,,mappingafrica-256/images/GH0678330_2018-12.tif,mappingafrica-256/labels/GH0678330_903481_2018-12.tif,test
GH0690655,mappingafrica,v1.3.0,GH,0.546499999999998,5.89250000000001,0.2240513392857142,0.7759486607142858,0.0,,mappingafrica-256/images/GH0690655_2018-12.tif,mappingafrica-256/labels/GH0690655_903519_2018-12.tif,train
GH0693679,mappingafrica,v1.3.0,GH,-0.428500000000003,5.8725,0.1135204081632653,0.8864795918367347,0.0,,mappingafrica-256/images/GH0693679_2018-12.tif,mappingafrica-256/labels/GH0693679_903527_2018-12.tif,train
GH0701708,mappingafrica,v1.3.0,GH,-0.393500000000003,5.82250000000001,0.0591318558673469,0.9408681441326532,0.0,,mappingafrica-256/images/GH0701708_2018-12.tif,mappingafrica-256/labels/GH0701708_903543_2018-12.tif,train
GH0704094,mappingafrica,v1.3.0,GH,-0.443500000000004,5.80750000000001,0.1031170280612244,0.8968829719387756,0.0,,mappingafrica-256/images/GH0704094_2018-12.tif,mappingafrica-256/labels/GH0704094_903548_2018-12.tif,train
GH0710956,mappingafrica,v1.3.0,GH,-1.1535,5.7625,0.1467235331632653,0.8532764668367347,0.0,,mappingafrica-256/images/GH0710956_2018-12.tif,mappingafrica-256/labels/GH0710956_903555_2018-12.tif,train
GH0712679,mappingafrica,v1.3.0,GH,-2.5285,5.7475,0.0257493622448979,0.974250637755102,0.0,,mappingafrica-256/images/GH0712679_2018-12.tif,mappingafrica-256/labels/GH0712679_903558_2018-12.tif,train
GH0714404,mappingafrica,v1.3.0,GH,-0.388500000000004,5.7375,0.1273716517857142,0.8726283482142858,0.0,,mappingafrica-256/images/GH0714404_2018-12.tif,mappingafrica-256/labels/GH0714404_903559_2018-12.tif,train
GH0715657,mappingafrica,v1.3.0,GH,-0.533500000000004,5.7275,0.0317881058673469,0.9682118941326532,0.0,,mappingafrica-256/images/GH0715657_2018-12.tif,mappingafrica-256/labels/GH0715657_903561_2018-12.tif,train
GH0718841,mappingafrica,v1.3.0,GH,-0.413500000000003,5.7025,0.3451052295918367,0.6548947704081634,0.0,,mappingafrica-256/images/GH0718841_2018-12.tif,mappingafrica-256/labels/GH0718841_903571_2018-12.tif,train
GH0724713,mappingafrica,v1.3.0,GH,-1.4385,5.6525,0.2078085140306122,0.7921914859693878,0.0,,mappingafrica-256/images/GH0724713_2018-12.tif,mappingafrica-256/labels/GH0724713_903580_2018-12.tif,train
GH0728092,mappingafrica,v1.3.0,GH,-2.2385,5.6225,0.083805006377551,0.9161949936224488,0.0,,mappingafrica-256/images/GH0728092_2018-12.tif,mappingafrica-256/labels/GH0728092_903590_2018-12.tif,train
GH0733794,mappingafrica,v1.3.0,GH,-1.0435,5.57250000000001,0.0081712372448979,0.991828762755102,0.0,,mappingafrica-256/images/GH0733794_2018-12.tif,mappingafrica-256/labels/GH0733794_903595_2018-12.tif,train
GH0738074,mappingafrica,v1.3.0,GH,-0.633500000000002,5.53250000000001,0.1047114158163265,0.8952885841836735,0.0,,mappingafrica-256/images/GH0738074_2018-12.tif,mappingafrica-256/labels/GH0738074_903609_2018-12.tif,train
GH0741586,mappingafrica,v1.3.0,GH,-0.603500000000004,5.4975,0.020946269132653,0.979053730867347,0.0,,mappingafrica-256/images/GH0741586_2018-12.tif,mappingafrica-256/labels/GH0741586_903621_2018-12.tif,train
GH0742057,mappingafrica,v1.3.0,GH,-0.658500000000004,5.49250000000001,0.1081194196428571,0.8918805803571429,0.0,,mappingafrica-256/images/GH0742057_2018-12.tif,mappingafrica-256/labels/GH0742057_903623_2018-12.tif,train
GH0742798,mappingafrica,v1.3.0,GH,-1.7385,5.4825,0.0595304528061224,0.9404695471938777,0.0,,mappingafrica-256/images/GH0742798_2018-12.tif,mappingafrica-256/labels/GH0742798_903627_2018-12.tif,train
GH0743315,mappingafrica,v1.3.0,GH,-1.5335,5.47750000000001,0.0147082270408163,0.9852917729591836,0.0,,mappingafrica-256/images/GH0743315_2018-12.tif,mappingafrica-256/labels/GH0743315_903633_2018-12.tif,train
GH0745327,mappingafrica,v1.3.0,GH,-0.903500000000005,5.4575,0.0534917091836734,0.9465082908163266,0.0,,mappingafrica-256/images/GH0745327_2018-12.tif,mappingafrica-256/labels/GH0745327_903650_2018-12.tif,train
GH0745859,mappingafrica,v1.3.0,GH,-0.588500000000003,5.4525,0.0137515943877551,0.9862484056122448,0.0,,mappingafrica-256/images/GH0745859_2018-12.tif,mappingafrica-256/labels/GH0745859_903655_2018-12.tif,train
GH0746772,mappingafrica,v1.3.0,GH,-0.698500000000003,5.4425,0.2352718431122449,0.7647281568877551,0.0,,mappingafrica-256/images/GH0746772_2018-12.tif,mappingafrica-256/labels/GH0746772_903660_2018-12.tif,train
GH0758858,mappingafrica,v1.3.0,GH,-2.2835,5.3025,0.0774274553571428,0.9225725446428572,0.0,,mappingafrica-256/images/GH0758858_2018-12.tif,mappingafrica-256/labels/GH0758858_903698_2018-12.tif,train
GH0761025,mappingafrica,v1.3.0,GH,-1.7735,5.2775,0.0050821109693877,0.9949178890306124,0.0,,mappingafrica-256/images/GH0761025_2018-12.tif,mappingafrica-256/labels/GH0761025_903703_2018-12.tif,train
GH0765154,mappingafrica,v1.3.0,GH,-1.2685,5.22750000000001,0.0453404017857142,0.9546595982142858,0.0,,mappingafrica-256/images/GH0765154_2018-12.tif,mappingafrica-256/labels/GH0765154_903712_2018-12.tif,train
GH0769450,mappingafrica,v1.3.0,GH,-1.5085,5.1675,0.0180564413265306,0.9819435586734694,0.0,,mappingafrica-256/images/GH0769450_2018-12.tif,mappingafrica-256/labels/GH0769450_903722_2018-12.tif,train
GH0769945,mappingafrica,v1.3.0,GH,-2.2735,5.15750000000001,0.0503228635204081,0.949677136479592,0.0,,mappingafrica-256/images/GH0769945_2018-12.tif,mappingafrica-256/labels/GH0769945_903724_2018-12.tif,train
GH0774062,mappingafrica,v1.3.0,GH,-1.4885,5.0975,0.0657087053571428,0.9342912946428572,0.0,,mappingafrica-256/images/GH0774062_2018-12.tif,mappingafrica-256/labels/GH0774062_903740_2018-12.tif,train
GH0782550,mappingafrica,v1.3.0,GH,-2.0535,4.9025,0.0706313775510204,0.9293686224489796,0.0,,mappingafrica-256/images/GH0782550_2018-12.tif,mappingafrica-256/labels/GH0782550_903773_2018-12.tif,train
GM0000576,mappingafrica,v2.0.0,GM,-15.1685,13.7575,0.6654775191326531,0.3345224808673469,0.0,,mappingafrica-256/images/GM0000576_2020-02.tif,mappingafrica-256/labels/GM0000576_22600_2020-02.tif,test
GM0007290,mappingafrica,v2.0.0,GM,-16.2635,13.5625,0.8161272321428571,0.1838727678571429,0.0,,mappingafrica-256/images/GM0007290_2021-04.tif,mappingafrica-256/labels/GM0007290_22608_2021-04.tif,train
GM0010084,mappingafrica,v2.0.0,GM,-14.6585,13.5325,0.3805404974489796,0.6194595025510203,0.0,,mappingafrica-256/images/GM0010084_2023-04.tif,mappingafrica-256/labels/GM0010084_30308_2023-04.tif,train
GM0011989,mappingafrica,v2.0.0,GM,-16.3435,13.5075,0.5288185586734694,0.4711814413265306,0.0,,mappingafrica-256/images/GM0011989_2022-04.tif,mappingafrica-256/labels/GM0011989_35583_2022-04.tif,train
GM0019080,mappingafrica,v2.0.0,GM,-14.7485,13.4325,0.8898875956632653,0.1101124043367347,0.0,,mappingafrica-256/images/GM0019080_2018-02.tif,mappingafrica-256/labels/GM0019080_32350_2018-02.tif,train
GM0024736,mappingafrica,v2.0.0,GM,-16.6735,13.3675,0.0758729272959183,0.9241270727040816,0.0,,mappingafrica-256/images/GM0024736_2021-03.tif,mappingafrica-256/labels/GM0024736_30245_2021-03.tif,test
GN0084718,mappingafrica,v2.0.0,GN,-12.2385,11.8775,0.259586256377551,0.7404137436224489,0.0,,mappingafrica-256/images/GN0084718_2022-04.tif,mappingafrica-256/labels/GN0084718_33747_2022-04.tif,train
GN0109710,mappingafrica,v2.0.0,GN,-9.6885,11.7525,0.0964604591836734,0.9035395408163266,0.0,,mappingafrica-256/images/GN0109710_2017-02.tif,mappingafrica-256/labels/GN0109710_9603_2017-02.tif,validate
GN0113726,mappingafrica,v2.0.0,GN,-9.1935,11.7325,0.7919124681122449,0.208087531887755,0.0,,mappingafrica-256/images/GN0113726_2023-04.tif,mappingafrica-256/labels/GN0113726_37438_2023-04.tif,train
GN0140296,mappingafrica,v2.0.0,GN,-11.2935,11.6025,0.3007214604591837,0.6992785395408163,0.0,,mappingafrica-256/images/GN0140296_2019-02.tif,mappingafrica-256/labels/GN0140296_5320_2019-02.tif,train
GN0146453,mappingafrica,v2.0.0,GN,-8.7585,11.5775,0.998146524234694,0.001853475765306,0.0,,mappingafrica-256/images/GN0146453_2022-04.tif,mappingafrica-256/labels/GN0146453_11787_2022-04.tif,train
GN0160226,mappingafrica,v2.0.0,GN,-8.8685,11.5175,0.7629942602040817,0.2370057397959183,0.0,,mappingafrica-256/images/GN0160226_2023-04.tif,mappingafrica-256/labels/GN0160226_31697_2023-04.tif,train
GN0161388,mappingafrica,v2.0.0,GN,-8.8735,11.5125,0.0547672193877551,0.9452327806122448,0.0,,mappingafrica-256/images/GN0161388_2023-04.tif,mappingafrica-256/labels/GN0161388_36925_2023-04.tif,train
GN0241523,mappingafrica,v2.0.0,GN,-9.0635,11.1925,0.6779336734693877,0.3220663265306123,0.0,,mappingafrica-256/images/GN0241523_2017-02.tif,mappingafrica-256/labels/GN0241523_37620_2017-02.tif,train
GN0244117,mappingafrica,v2.0.0,GN,-8.6485,11.1825,0.0402782206632653,0.9597217793367347,0.0,,mappingafrica-256/images/GN0244117_2022-04.tif,mappingafrica-256/labels/GN0244117_10668_2022-04.tif,train
GN0274162,mappingafrica,v2.0.0,GN,-9.2985,11.0625,0.4218351403061224,0.5781648596938775,0.0,,mappingafrica-256/images/GN0274162_2023-04.tif,mappingafrica-256/labels/GN0274162_35551_2023-04.tif,train
GN0287003,mappingafrica,v2.0.0,GN,-9.3735,11.0125,0.4004902742346938,0.5995097257653061,0.0,,mappingafrica-256/images/GN0287003_2019-02.tif,mappingafrica-256/labels/GN0287003_34898_2019-02.tif,test
GN0331035,mappingafrica,v2.0.0,GN,-14.4935,10.8425,0.2194475446428571,0.7805524553571429,0.0,,mappingafrica-256/images/GN0331035_2023-04.tif,mappingafrica-256/labels/GN0331035_37119_2023-04.tif,train
GN0360371,mappingafrica,v2.0.0,GN,-11.0835,10.7325,0.5944874043367347,0.4055125956632652,0.0,,mappingafrica-256/images/GN0360371_2017-02.tif,mappingafrica-256/labels/GN0360371_5322_2017-02.tif,train
GN0367006,mappingafrica,v2.0.0,GN,-10.0235,10.7075,0.2383410395408163,0.7616589604591837,0.0,,mappingafrica-256/images/GN0367006_2023-12.tif,mappingafrica-256/labels/GN0367006_29290_2023-12.tif,train
GN0375070,mappingafrica,v2.0.0,GN,-14.4885,10.6725,0.3110650510204081,0.688934948979592,0.0,,mappingafrica-256/images/GN0375070_2020-02.tif,mappingafrica-256/labels/GN0375070_7427_2020-02.tif,train
GN0401545,mappingafrica,v2.0.0,GN,-8.9185,10.5725,0.5609255420918368,0.4390744579081632,0.0,,mappingafrica-256/images/GN0401545_2022-04.tif,mappingafrica-256/labels/GN0401545_41029_2022-04.tif,train
GN0463262,mappingafrica,v2.0.0,GN,-12.8135,10.3275,0.4338329081632653,0.5661670918367347,0.0,,mappingafrica-256/images/GN0463262_2017-02.tif,mappingafrica-256/labels/GN0463262_38457_2017-02.tif,validate
GN0600347,mappingafrica,v2.0.0,GN,-13.6235,9.6925,0.0232382015306122,0.9767617984693878,0.0,,mappingafrica-256/images/GN0600347_2022-12.tif,mappingafrica-256/labels/GN0600347_15064_2022-12.tif,train
GN0633492,mappingafrica,v2.0.0,GN,-13.4885,9.4725,0.8581792091836735,0.1418207908163264,0.0,,mappingafrica-256/images/GN0633492_2023-04.tif,mappingafrica-256/labels/GN0633492_32635_2023-04.tif,train
KE0723252,mappingafrica,v2.0.0,KE,35.5815,1.3675,0.3378507653061224,0.6621492346938775,0.0,,mappingafrica-256/images/KE0723252_2023-05.tif,mappingafrica-256/labels/KE0723252_37655_2023-05.tif,train
KE0746652,mappingafrica,v2.0.0,KE,35.3515,1.2725,0.5237763073979592,0.4762236926020408,0.0,,mappingafrica-256/images/KE0746652_2017-02.tif,mappingafrica-256/labels/KE0746652_22637_2017-02.tif,train
KE0751603,mappingafrica,v2.0.0,KE,35.4315,1.2525,0.8192362882653061,0.1807637117346938,0.0,,mappingafrica-256/images/KE0751603_2022-05.tif,mappingafrica-256/labels/KE0751603_20756_2022-05.tif,train
KE0772771,mappingafrica,v2.0.0,KE,34.7715,1.1675,0.5270846619897959,0.4729153380102041,0.0,,mappingafrica-256/images/KE0772771_2020-02.tif,mappingafrica-256/labels/KE0772771_7432_2020-02.tif,train
KE0821862,mappingafrica,v2.0.0,KE,34.7115,0.977500000000006,0.0363121811224489,0.9636878188775512,0.0,,mappingafrica-256/images/KE0821862_2022-05.tif,mappingafrica-256/labels/KE0821862_18980_2022-05.tif,test
KE0832275,mappingafrica,v2.0.0,KE,34.7315,0.937500000000007,0.1031967474489796,0.8968032525510204,0.0,,mappingafrica-256/images/KE0832275_2022-05.tif,mappingafrica-256/labels/KE0832275_6403_2022-05.tif,train
KE0853187,mappingafrica,v2.0.0,KE,34.8565,0.857500000000002,0.6694834183673469,0.3305165816326531,0.0,,mappingafrica-256/images/KE0853187_2022-05.tif,mappingafrica-256/labels/KE0853187_17053_2022-05.tif,train
KE0865170,mappingafrica,v2.0.0,KE,35.6815,0.812500000000007,0.7417889030612245,0.2582110969387755,0.0,,mappingafrica-256/images/KE0865170_2019-02.tif,mappingafrica-256/labels/KE0865170_35589_2019-02.tif,train
KE0870366,mappingafrica,v2.0.0,KE,35.3065,0.792500000000004,0.8995137117346939,0.1004862882653061,0.0,,mappingafrica-256/images/KE0870366_2021-05.tif,mappingafrica-256/labels/KE0870366_1184_2021-05.tif,test
KE0890414,mappingafrica,v2.0.0,KE,35.6865,0.717500000000008,0.9033203125,0.0966796875,0.0,,mappingafrica-256/images/KE0890414_2018-02.tif,mappingafrica-256/labels/KE0890414_28305_2018-02.tif,validate
KE0916998,mappingafrica,v2.0.0,KE,34.3365,0.617500000000007,0.4657405931122449,0.5342594068877551,0.0,,mappingafrica-256/images/KE0916998_2018-02.tif,mappingafrica-256/labels/KE0916998_22664_2018-02.tif,train
KE0956797,mappingafrica,v2.0.0,KE,34.7165,0.4725,0.3733258928571428,0.6266741071428572,0.0,,mappingafrica-256/images/KE0956797_2018-02.tif,mappingafrica-256/labels/KE0956797_100860_2018-02.tif,train
KE0967972,mappingafrica,v2.0.0,KE,35.4765,0.432500000000005,0.2995655293367347,0.7004344706632653,0.0,,mappingafrica-256/images/KE0967972_2020-02.tif,mappingafrica-256/labels/KE0967972_14014_2020-02.tif,train
KE0975982,mappingafrica,v2.0.0,KE,34.2365,0.402500000000003,0.7016701211734694,0.2983298788265306,0.0,,mappingafrica-256/images/KE0975982_2020-07.tif,mappingafrica-256/labels/KE0975982_10677_2020-07.tif,train
KE0977557,mappingafrica,v2.0.0,KE,35.2365,0.397500000000008,0.0477718431122448,0.9522281568877552,0.0,,mappingafrica-256/images/KE0977557_2021-05.tif,mappingafrica-256/labels/KE0977557_4199_2021-05.tif,train
KE0980290,mappingafrica,v2.0.0,KE,35.1515,0.3875,0.3968431122448979,0.6031568877551021,0.0,,mappingafrica-256/images/KE0980290_2023-05.tif,mappingafrica-256/labels/KE0980290_29395_2023-05.tif,train
KE0985682,mappingafrica,v2.0.0,KE,34.5965,0.367500000000007,0.4184669961734694,0.5815330038265306,0.0,,mappingafrica-256/images/KE0985682_2019-02.tif,mappingafrica-256/labels/KE0985682_9617_2019-02.tif,train
KE0994050,mappingafrica,v2.0.0,KE,35.0765,0.337500000000006,0.8012794961734694,0.1987205038265306,0.0,,mappingafrica-256/images/KE0994050_2017-02.tif,mappingafrica-256/labels/KE0994050_23302_2017-02.tif,train
KE0996759,mappingafrica,v2.0.0,KE,34.8015,0.327500000000008,0.5577168367346939,0.4422831632653061,0.0,,mappingafrica-256/images/KE0996759_2018-02.tif,mappingafrica-256/labels/KE0996759_34912_2018-02.tif,train
KE0997118,mappingafrica,v2.0.0,KE,36.5965,0.327500000000008,0.6060666454081632,0.3939333545918367,0.0,,mappingafrica-256/images/KE0997118_2018-02.tif,mappingafrica-256/labels/KE0997118_10678_2018-02.tif,train
KE1007951,mappingafrica,v2.0.0,KE,35.3215,0.287500000000001,0.2668407206632653,0.7331592793367347,0.0,,mappingafrica-256/images/KE1007951_2018-02.tif,mappingafrica-256/labels/KE1007951_18986_2018-02.tif,test
KE1012301,mappingafrica,v2.0.0,KE,36.2215,0.272500000000008,0.5329440369897959,0.4670559630102041,0.0,,mappingafrica-256/images/KE1012301_2021-05.tif,mappingafrica-256/labels/KE1012301_27165_2021-05.tif,validate
KE1038734,mappingafrica,v2.0.0,KE,35.5165,0.177500000000002,0.6967873086734694,0.3032126913265306,0.0,,mappingafrica-256/images/KE1038734_2017-02.tif,mappingafrica-256/labels/KE1038734_16041_2017-02.tif,train
KE1039189,mappingafrica,v2.0.0,KE,37.7915,0.1775,0.0894451530612244,0.9105548469387756,0.0,,mappingafrica-256/images/KE1039189_2017-02.tif,mappingafrica-256/labels/KE1039189_34636_2017-02.tif,train
KE1040190,mappingafrica,v2.0.0,KE,35.7715,0.172500000000007,0.2169961734693877,0.7830038265306123,0.0,,mappingafrica-256/images/KE1040190_2019-02.tif,mappingafrica-256/labels/KE1040190_11800_2019-02.tif,train
KE1061006,mappingafrica,v2.0.0,KE,34.0065,0.0975000000000037,0.132453762755102,0.867546237244898,0.0,,mappingafrica-256/images/KE1061006_2020-07.tif,mappingafrica-256/labels/KE1061006_7435_2020-07.tif,train
KE1071015,mappingafrica,v2.0.0,KE,34.5615,0.0625000000000071,0.5230588329081632,0.4769411670918367,0.0,,mappingafrica-256/images/KE1071015_2023-05.tif,mappingafrica-256/labels/KE1071015_31718_2023-05.tif,train
KE1082355,mappingafrica,v2.0.0,KE,34.8365,0.022500000000008,0.3225247130102041,0.677475286989796,0.0,,mappingafrica-256/images/KE1082355_2017-02.tif,mappingafrica-256/labels/KE1082355_15072_2017-02.tif,test
KE1084042,mappingafrica,v2.0.0,KE,36.2265,0.0175000000000054,0.4617147640306122,0.5382852359693878,0.0,,mappingafrica-256/images/KE1084042_2022-05.tif,mappingafrica-256/labels/KE1084042_6414_2022-05.tif,train
KE1085386,mappingafrica,v2.0.0,KE,35.9015,0.0125000000000028,0.8058235012755102,0.1941764987244898,0.0,,mappingafrica-256/images/KE1085386_2022-05.tif,mappingafrica-256/labels/KE1085386_16043_2022-05.tif,train
KE1100846,mappingafrica,v2.0.0,KE,35.6415,-0.0424999999999969,0.8772122130102041,0.1227877869897958,0.0,,mappingafrica-256/images/KE1100846_2017-02.tif,mappingafrica-256/labels/KE1100846_22693_2017-02.tif,train
KE1109202,mappingafrica,v2.0.0,KE,35.1665,-0.072499999999998,0.2790975765306122,0.7209024234693878,0.0,,mappingafrica-256/images/KE1109202_2018-02.tif,mappingafrica-256/labels/KE1109202_7439_2018-02.tif,train
KE1114790,mappingafrica,v2.0.0,KE,34.9615,-0.092499999999994,0.7417490433673469,0.2582509566326531,0.0,,mappingafrica-256/images/KE1114790_2020-02.tif,mappingafrica-256/labels/KE1114790_2580_2020-02.tif,train
KE1120581,mappingafrica,v2.0.0,KE,35.7965,-0.1125,0.4589644451530612,0.5410355548469388,0.0,,mappingafrica-256/images/KE1120581_2023-05.tif,mappingafrica-256/labels/KE1120581_31634_2023-05.tif,test
KE1124504,mappingafrica,v2.0.0,KE,34.3365,-0.127499999999998,0.4633091517857143,0.5366908482142857,0.0,,mappingafrica-256/images/KE1124504_2017-08.tif,mappingafrica-256/labels/KE1124504_3146_2017-08.tif,train
KE1130828,mappingafrica,v2.0.0,KE,37.8565,-0.147499999999994,0.0395208864795918,0.9604791135204082,0.0,,mappingafrica-256/images/KE1130828_2020-02.tif,mappingafrica-256/labels/KE1130828_31161_2020-02.tif,train
KE1131804,mappingafrica,v2.0.0,KE,35.7115,-0.152499999999996,0.8370735012755102,0.1629264987244898,0.0,,mappingafrica-256/images/KE1131804_2021-05.tif,mappingafrica-256/labels/KE1131804_15075_2021-05.tif,train
KE1134766,mappingafrica,v2.0.0,KE,36.4715,-0.162499999999994,0.2381616709183673,0.7618383290816327,0.0,,mappingafrica-256/images/KE1134766_2020-02.tif,mappingafrica-256/labels/KE1134766_9624_2020-02.tif,test
KE1135081,mappingafrica,v2.0.0,KE,38.0465,-0.162499999999994,0.9510522959183674,0.0489477040816326,0.0,,mappingafrica-256/images/KE1135081_2019-02.tif,mappingafrica-256/labels/KE1135081_35110_2019-02.tif,train
KE1138585,mappingafrica,v2.0.0,KE,34.4815,-0.177499999999995,0.3181600765306122,0.6818399234693878,0.0,,mappingafrica-256/images/KE1138585_2020-10.tif,mappingafrica-256/labels/KE1138585_3701_2020-10.tif,train
KE1138676,mappingafrica,v2.0.0,KE,34.9365,-0.177499999999995,0.0641342474489796,0.9358657525510204,0.0,,mappingafrica-256/images/KE1138676_2021-05.tif,mappingafrica-256/labels/KE1138676_17985_2021-05.tif,train
KE1145761,mappingafrica,v2.0.0,KE,35.2065,-0.202499999999993,0.8321109693877551,0.1678890306122449,0.0,,mappingafrica-256/images/KE1145761_2021-05.tif,mappingafrica-256/labels/KE1145761_100360_2021-05.tif,train
KE1147097,mappingafrica,v2.0.0,KE,34.8515,-0.2075,0.6731505102040817,0.3268494897959183,0.0,,mappingafrica-256/images/KE1147097_2021-10.tif,mappingafrica-256/labels/KE1147097_22704_2021-10.tif,train
KE1159858,mappingafrica,v2.0.0,KE,35.3165,-0.252499999999998,0.1129823022959183,0.8870176977040817,0.0,,mappingafrica-256/images/KE1159858_2022-05.tif,mappingafrica-256/labels/KE1159858_18989_2022-05.tif,train
KE1162813,mappingafrica,v2.0.0,KE,36.0115,-0.262499999999996,0.1066844706632653,0.8933155293367347,0.0,,mappingafrica-256/images/KE1162813_2018-02.tif,mappingafrica-256/labels/KE1162813_12956_2018-02.tif,validate
KE1170333,mappingafrica,v2.0.0,KE,38.3915,-0.287499999999994,0.4603595344387755,0.5396404655612246,0.0,,mappingafrica-256/images/KE1170333_2020-07.tif,mappingafrica-256/labels/KE1170333_22625_2020-07.tif,train
KE1185803,mappingafrica,v2.0.0,KE,38.1865,-0.342499999999994,0.3284040178571428,0.6715959821428572,0.0,,mappingafrica-256/images/KE1185803_2019-02.tif,mappingafrica-256/labels/KE1185803_6418_2019-02.tif,train
KE1190722,mappingafrica,v2.0.0,KE,34.5515,-0.362499999999997,0.1787906568877551,0.8212093431122449,0.0,,mappingafrica-256/images/KE1190722_2017-08.tif,mappingafrica-256/labels/KE1190722_2010_2017-08.tif,train
KE1197903,mappingafrica,v2.0.0,KE,35.1565,-0.387499999999996,0.3419961734693877,0.6580038265306123,0.0,,mappingafrica-256/images/KE1197903_2021-05.tif,mappingafrica-256/labels/KE1197903_8527_2021-05.tif,train
KE1202091,mappingafrica,v2.0.0,KE,34.9065,-0.402499999999996,0.2306481186224489,0.7693518813775511,0.0,,mappingafrica-256/images/KE1202091_2022-05.tif,mappingafrica-256/labels/KE1202091_4716_2022-05.tif,validate
KE1202373,mappingafrica,v2.0.0,KE,36.3165,-0.402499999999996,0.8986567283163265,0.1013432716836735,0.0,,mappingafrica-256/images/KE1202373_2021-05.tif,mappingafrica-256/labels/KE1202373_7446_2021-05.tif,train
KE1208430,mappingafrica,v2.0.0,KE,38.3515,-0.422499999999992,0.3803611288265306,0.6196388711734694,0.0,,mappingafrica-256/images/KE1208430_2018-08.tif,mappingafrica-256/labels/KE1208430_10683_2018-08.tif,train
KE1217683,mappingafrica,v2.0.0,KE,35.1515,-0.4575,0.6332708864795918,0.3667291135204081,0.0,,mappingafrica-256/images/KE1217683_2017-02.tif,mappingafrica-256/labels/KE1217683_22640_2017-02.tif,train
KE1220783,mappingafrica,v2.0.0,KE,36.5015,-0.467499999999994,0.3225446428571428,0.6774553571428572,0.0,,mappingafrica-256/images/KE1220783_2021-05.tif,mappingafrica-256/labels/KE1220783_897_2021-05.tif,train
KE1221058,mappingafrica,v2.0.0,KE,37.8765,-0.467499999999994,0.3239596619897959,0.676040338010204,0.0,,mappingafrica-256/images/KE1221058_2022-05.tif,mappingafrica-256/labels/KE1221058_8530_2022-05.tif,train
KE1243530,mappingafrica,v2.0.0,KE,37.0065,-0.547499999999992,0.1765585140306122,0.8234414859693878,0.0,,mappingafrica-256/images/KE1243530_2023-05.tif,mappingafrica-256/labels/KE1243530_35617_2023-05.tif,train
KE1246346,mappingafrica,v2.0.0,KE,36.9315,-0.5575,0.0855189732142857,0.9144810267857144,0.0,,mappingafrica-256/images/KE1246346_2023-05.tif,mappingafrica-256/labels/KE1246346_37255_2023-05.tif,train
KE1247695,mappingafrica,v2.0.0,KE,36.5965,-0.562499999999993,0.7962970344387755,0.2037029655612244,0.0,,mappingafrica-256/images/KE1247695_2020-02.tif,mappingafrica-256/labels/KE1247695_22724_2020-02.tif,train
KE1251846,mappingafrica,v2.0.0,KE,36.1115,-0.577499999999994,0.0467753507653061,0.953224649234694,0.0,,mappingafrica-256/images/KE1251846_2022-05.tif,mappingafrica-256/labels/KE1251846_5341_2022-05.tif,train
KE1256417,mappingafrica,v2.0.0,KE,37.7365,-0.592499999999994,0.6672911352040817,0.3327088647959183,0.0,,mappingafrica-256/images/KE1256417_2019-02.tif,mappingafrica-256/labels/KE1256417_17993_2019-02.tif,train
KE1274837,mappingafrica,v2.0.0,KE,37.8615,-0.657499999999992,0.103156887755102,0.896843112244898,0.0,,mappingafrica-256/images/KE1274837_2023-05.tif,mappingafrica-256/labels/KE1274837_30278_2023-05.tif,train
KE1288369,mappingafrica,v2.0.0,KE,34.7915,-0.707499999999996,0.2266222895408163,0.7733777104591837,0.0,,mappingafrica-256/images/KE1288369_2018-08.tif,mappingafrica-256/labels/KE1288369_17997_2018-08.tif,train
KE1297228,mappingafrica,v2.0.0,KE,36.6365,-0.737499999999997,0.3408801020408163,0.6591198979591837,0.0,,mappingafrica-256/images/KE1297228_2017-02.tif,mappingafrica-256/labels/KE1297228_11812_2017-02.tif,test
KE1312669,mappingafrica,v2.0.0,KE,36.0165,-0.7925,0.7673987563775511,0.2326012436224489,0.0,,mappingafrica-256/images/KE1312669_2017-02.tif,mappingafrica-256/labels/KE1312669_30226_2017-02.tif,test
KE1319685,mappingafrica,v2.0.0,KE,35.7215,-0.817499999999996,0.2689333545918367,0.7310666454081634,0.0,,mappingafrica-256/images/KE1319685_2021-05.tif,mappingafrica-256/labels/KE1319685_17066_2021-05.tif,train
KE1342371,mappingafrica,v2.0.0,KE,35.6815,-0.897499999999994,0.2594268176020408,0.7405731823979592,0.0,,mappingafrica-256/images/KE1342371_2019-02.tif,mappingafrica-256/labels/KE1342371_16055_2019-02.tif,train
KE1349235,mappingafrica,v2.0.0,KE,34.3565,-0.922499999999992,0.1263950892857142,0.8736049107142858,0.0,,mappingafrica-256/images/KE1349235_2019-08.tif,mappingafrica-256/labels/KE1349235_12320_2019-08.tif,train
KE1352523,mappingafrica,v2.0.0,KE,36.5115,-0.9325,0.7206234056122449,0.2793765943877551,0.0,,mappingafrica-256/images/KE1352523_2022-05.tif,mappingafrica-256/labels/KE1352523_23368_2022-05.tif,train
KE1358026,mappingafrica,v2.0.0,KE,35.4215,-0.952499999999993,0.6223692602040817,0.3776307397959183,0.0,,mappingafrica-256/images/KE1358026_2017-02.tif,mappingafrica-256/labels/KE1358026_7458_2017-02.tif,train
KE1359533,mappingafrica,v2.0.0,KE,35.7965,-0.957499999999996,0.8564652423469388,0.1435347576530612,0.0,,mappingafrica-256/images/KE1359533_2021-05.tif,mappingafrica-256/labels/KE1359533_19000_2021-05.tif,train
KE1359790,mappingafrica,v2.0.0,KE,37.0815,-0.957499999999996,0.2699896364795918,0.7300103635204083,0.0,,mappingafrica-256/images/KE1359790_2020-02.tif,mappingafrica-256/labels/KE1359790_11818_2020-02.tif,train
KE1364323,mappingafrica,v2.0.0,KE,38.2565,-0.9725,0.4187460140306122,0.5812539859693878,0.0,,mappingafrica-256/images/KE1364323_2021-05.tif,mappingafrica-256/labels/KE1364323_22759_2021-05.tif,train
KE1365791,mappingafrica,v2.0.0,KE,38.4265,-0.977499999999992,0.6733498086734694,0.3266501913265306,0.0,,mappingafrica-256/images/KE1365791_2021-07.tif,mappingafrica-256/labels/KE1365791_9632_2021-07.tif,validate
KE1383738,mappingafrica,v2.0.0,KE,36.0865,-1.0425,0.2573939732142857,0.7426060267857143,0.0,,mappingafrica-256/images/KE1383738_2020-02.tif,mappingafrica-256/labels/KE1383738_36270_2020-02.tif,train
KE1387941,mappingafrica,v2.0.0,KE,36.1015,-1.0575,0.3415178571428571,0.6584821428571429,0.0,,mappingafrica-256/images/KE1387941_2021-05.tif,mappingafrica-256/labels/KE1387941_23377_2021-05.tif,train
KE1389730,mappingafrica,v2.0.0,KE,38.0565,-1.06249999999999,0.6731704400510204,0.3268295599489795,0.0,,mappingafrica-256/images/KE1389730_2018-02.tif,mappingafrica-256/labels/KE1389730_4216_2018-02.tif,test
KE1422986,mappingafrica,v2.0.0,KE,38.1715,-1.1825,0.2106784119897959,0.7893215880102041,0.0,,mappingafrica-256/images/KE1422986_2021-05.tif,mappingafrica-256/labels/KE1422986_23384_2021-05.tif,train
KE1448177,mappingafrica,v2.0.0,KE,34.6565,-1.2775,0.6611128826530612,0.3388871173469387,0.0,,mappingafrica-256/images/KE1448177_2020-11.tif,mappingafrica-256/labels/KE1448177_15086_2020-11.tif,validate
KE1472958,mappingafrica,v2.0.0,KE,37.5865,-1.36749999999999,0.6492147640306123,0.3507852359693877,0.0,,mappingafrica-256/images/KE1472958_2022-12.tif,mappingafrica-256/labels/KE1472958_9638_2022-12.tif,validate
KE1484949,mappingafrica,v2.0.0,KE,37.6665,-1.4125,0.3261120854591837,0.6738879145408163,0.0,,mappingafrica-256/images/KE1484949_2021-12.tif,mappingafrica-256/labels/KE1484949_22775_2021-12.tif,test
KE1487597,mappingafrica,v2.0.0,KE,37.6515,-1.4225,0.2478874362244898,0.7521125637755102,0.0,,mappingafrica-256/images/KE1487597_2018-02.tif,mappingafrica-256/labels/KE1487597_27180_2018-02.tif,train
KE1500943,mappingafrica,v2.0.0,KE,38.4515,-1.4725,0.1535395408163265,0.8464604591836735,0.0,,mappingafrica-256/images/KE1500943_2023-05.tif,mappingafrica-256/labels/KE1500943_37492_2023-05.tif,train
KE1503314,mappingafrica,v2.0.0,KE,37.1765,-1.48249999999999,0.4041972257653061,0.5958027742346939,0.0,,mappingafrica-256/images/KE1503314_2020-02.tif,mappingafrica-256/labels/KE1503314_4218_2020-02.tif,train
KE1506972,mappingafrica,v2.0.0,KE,35.8065,-1.4975,0.5809151785714286,0.4190848214285714,0.0,,mappingafrica-256/images/KE1506972_2021-09.tif,mappingafrica-256/labels/KE1506972_30781_2021-09.tif,train
KE1517688,mappingafrica,v2.0.0,KE,37.1965,-1.5375,0.1967673788265306,0.8032326211734694,0.0,,mappingafrica-256/images/KE1517688_2023-05.tif,mappingafrica-256/labels/KE1517688_35013_2023-05.tif,validate
KE1517890,mappingafrica,v2.0.0,KE,38.2065,-1.53749999999999,0.4110929528061224,0.5889070471938775,0.0,,mappingafrica-256/images/KE1517890_2017-02.tif,mappingafrica-256/labels/KE1517890_14035_2017-02.tif,train
KE1544663,mappingafrica,v2.0.0,KE,36.7765,-1.6425,0.2118343431122449,0.7881656568877551,0.0,,mappingafrica-256/images/KE1544663_2017-02.tif,mappingafrica-256/labels/KE1544663_37448_2017-02.tif,train
KE1554994,mappingafrica,v2.0.0,KE,37.8315,-1.6825,0.6443120216836735,0.3556879783163265,0.0,,mappingafrica-256/images/KE1554994_2017-02.tif,mappingafrica-256/labels/KE1554994_2598_2017-02.tif,train
KE1573559,mappingafrica,v2.0.0,KE,37.9965,-1.75749999999999,0.2458545918367347,0.7541454081632653,0.0,,mappingafrica-256/images/KE1573559_2021-05.tif,mappingafrica-256/labels/KE1573559_3157_2021-05.tif,train
KE1612426,mappingafrica,v2.0.0,KE,38.3265,-1.92249999999999,0.0898038903061224,0.9101961096938777,0.0,,mappingafrica-256/images/KE1612426_2021-05.tif,mappingafrica-256/labels/KE1612426_18008_2021-05.tif,train
KE1615511,mappingafrica,v2.0.0,KE,36.8965,-1.9375,0.0191525829081632,0.9808474170918368,0.0,,mappingafrica-256/images/KE1615511_2023-05.tif,mappingafrica-256/labels/KE1615511_28989_2023-05.tif,test
KE1621043,mappingafrica,v2.0.0,KE,36.7965,-1.9625,0.4910514987244898,0.5089485012755102,0.0,,mappingafrica-256/images/KE1621043_2019-08.tif,mappingafrica-256/labels/KE1621043_30559_2019-08.tif,train
KE1624369,mappingafrica,v2.0.0,KE,37.0465,-1.97749999999999,0.2162986288265306,0.7837013711734694,0.0,,mappingafrica-256/images/KE1624369_2021-05.tif,mappingafrica-256/labels/KE1624369_4223_2021-05.tif,test
KE1626695,mappingafrica,v2.0.0,KE,37.8365,-1.9875,0.3313137755102041,0.668686224489796,0.0,,mappingafrica-256/images/KE1626695_2023-05.tif,mappingafrica-256/labels/KE1626695_32886_2023-05.tif,train
KE1632957,mappingafrica,v2.0.0,KE,37.2865,-2.0175,0.6703005420918368,0.3296994579081632,0.0,,mappingafrica-256/images/KE1632957_2022-05.tif,mappingafrica-256/labels/KE1632957_22783_2022-05.tif,train
KE1634177,mappingafrica,v2.0.0,KE,38.1265,-2.02249999999999,0.4286112882653061,0.5713887117346939,0.0,,mappingafrica-256/images/KE1634177_2019-02.tif,mappingafrica-256/labels/KE1634177_12323_2019-02.tif,test
KE1635137,mappingafrica,v2.0.0,KE,37.7115,-2.0275,0.4820232780612244,0.5179767219387756,0.0,,mappingafrica-256/images/KE1635137_2020-02.tif,mappingafrica-256/labels/KE1635137_16061_2020-02.tif,train
KE1635211,mappingafrica,v2.0.0,KE,38.0815,-2.0275,0.2618582589285714,0.7381417410714286,0.0,,mappingafrica-256/images/KE1635211_2018-02.tif,mappingafrica-256/labels/KE1635211_19020_2018-02.tif,train
KE1647528,mappingafrica,v2.0.0,KE,38.3265,-2.0875,0.5834861288265306,0.4165138711734694,0.0,,mappingafrica-256/images/KE1647528_2021-05.tif,mappingafrica-256/labels/KE1647528_37347_2021-05.tif,test
KE1648498,mappingafrica,v2.0.0,KE,38.0815,-2.09249999999999,0.8892697704081632,0.1107302295918367,0.0,,mappingafrica-256/images/KE1648498_2021-05.tif,mappingafrica-256/labels/KE1648498_1180_2021-05.tif,test
KE1653318,mappingafrica,v2.0.0,KE,36.7565,-2.1175,0.0531130420918367,0.9468869579081634,0.0,,mappingafrica-256/images/KE1653318_2020-09.tif,mappingafrica-256/labels/KE1653318_37203_2020-09.tif,train
KE1704254,mappingafrica,v2.0.0,KE,40.6315,-2.3875,0.5910993303571429,0.4089006696428571,0.0,,mappingafrica-256/images/KE1704254_2019-02.tif,mappingafrica-256/labels/KE1704254_27195_2019-02.tif,train
KE1727955,mappingafrica,v2.0.0,KE,40.5565,-2.5325,0.1302614795918367,0.8697385204081634,0.0,,mappingafrica-256/images/KE1727955_2023-09.tif,mappingafrica-256/labels/KE1727955_37019_2023-09.tif,validate
KE1776618,mappingafrica,v2.0.0,KE,37.6515,-2.9275,0.0819316007653061,0.918068399234694,0.0,,mappingafrica-256/images/KE1776618_2019-02.tif,mappingafrica-256/labels/KE1776618_6436_2019-02.tif,train
KE1827266,mappingafrica,v2.0.0,KE,39.5815,-3.43749999999999,0.2728794642857143,0.7271205357142857,0.0,,mappingafrica-256/images/KE1827266_2022-05.tif,mappingafrica-256/labels/KE1827266_11831_2022-05.tif,train
KE1845550,mappingafrica,v2.0.0,KE,38.6815,-3.64749999999999,0.7091438137755102,0.2908561862244898,0.0,,mappingafrica-256/images/KE1845550_2020-02.tif,mappingafrica-256/labels/KE1845550_1241_2020-02.tif,validate
KE1861998,mappingafrica,v2.0.0,KE,39.4365,-3.85749999999999,0.0181162308673469,0.9818837691326532,0.0,,mappingafrica-256/images/KE1861998_2020-02.tif,mappingafrica-256/labels/KE1861998_3178_2020-02.tif,train
KE1868304,mappingafrica,v2.0.0,KE,39.2265,-3.95249999999999,0.4494180484693877,0.5505819515306123,0.0,,mappingafrica-256/images/KE1868304_2021-05.tif,mappingafrica-256/labels/KE1868304_10701_2021-05.tif,test
KE1885960,mappingafrica,v2.0.0,KE,39.0965,-4.3175,0.022899394132653,0.977100605867347,0.0,,mappingafrica-256/images/KE1885960_2020-02.tif,mappingafrica-256/labels/KE1885960_9643_2020-02.tif,validate
KE1891470,mappingafrica,v2.0.0,KE,39.1915,-4.52249999999999,0.4040178571428571,0.5959821428571429,0.0,,mappingafrica-256/images/KE1891470_2018-02.tif,mappingafrica-256/labels/KE1891470_9644_2018-02.tif,train
LS0002589,mappingafrica,v2.0.0,LS,28.2265,-28.7525,0.8874362244897959,0.1125637755102041,0.0,,mappingafrica-256/images/LS0002589_2020-10.tif,mappingafrica-256/labels/LS0002589_18010_2020-10.tif,train
LS0016444,mappingafrica,v2.0.0,LS,28.2515,-29.0575,0.6410634566326531,0.3589365433673469,0.0,,mappingafrica-256/images/LS0016444_2020-10.tif,mappingafrica-256/labels/LS0016444_12979_2020-10.tif,train
LS0068899,mappingafrica,v2.0.0,LS,28.1015,-29.7275,0.0252511160714285,0.9747488839285716,0.0,,mappingafrica-256/images/LS0068899_2019-08.tif,mappingafrica-256/labels/LS0068899_22826_2019-08.tif,train
ML2987859,mappingafrica,v2.0.0,ML,-8.6935,15.1225,0.0006776147959183,0.9993223852040816,0.0,,mappingafrica-256/images/ML2987859_2023-04.tif,mappingafrica-256/labels/ML2987859_33035_2023-04.tif,train
ML2990586,mappingafrica,v2.0.0,ML,-7.9935,15.1175,0.6009845344387755,0.3990154655612244,0.0,,mappingafrica-256/images/ML2990586_2023-04.tif,mappingafrica-256/labels/ML2990586_38040_2023-04.tif,train
ML3078809,mappingafrica,v2.0.0,ML,-3.8985,14.9375,0.5507015306122449,0.4492984693877551,0.0,,mappingafrica-256/images/ML3078809_2017-02.tif,mappingafrica-256/labels/ML3078809_8554_2017-02.tif,train
ML3083174,mappingafrica,v2.0.0,ML,-3.8985,14.9275,0.1496332908163265,0.8503667091836735,0.0,,mappingafrica-256/images/ML3083174_2017-02.tif,mappingafrica-256/labels/ML3083174_12984_2017-02.tif,validate
ML3093163,mappingafrica,v2.0.0,ML,-8.3735,14.9025,0.3537747130102041,0.646225286989796,0.0,,mappingafrica-256/images/ML3093163_2022-04.tif,mappingafrica-256/labels/ML3093163_3348_2022-04.tif,train
ML3142936,mappingafrica,v2.0.0,ML,-9.3735,14.7875,0.0551857461734693,0.9448142538265308,0.0,,mappingafrica-256/images/ML3142936_2021-04.tif,mappingafrica-256/labels/ML3142936_16065_2021-04.tif,train
ML3143586,mappingafrica,v2.0.0,ML,-6.1235,14.7875,0.7700892857142857,0.2299107142857143,0.0,,mappingafrica-256/images/ML3143586_2019-02.tif,mappingafrica-256/labels/ML3143586_23445_2019-02.tif,train
ML3143600,mappingafrica,v2.0.0,ML,-6.0535,14.7875,0.4025629783163265,0.5974370216836735,0.0,,mappingafrica-256/images/ML3143600_2021-04.tif,mappingafrica-256/labels/ML3143600_18012_2021-04.tif,train
ML3149290,mappingafrica,v2.0.0,ML,-10.1435,14.7725,0.2226961096938775,0.7773038903061225,0.0,,mappingafrica-256/images/ML3149290_2018-02.tif,mappingafrica-256/labels/ML3149290_18013_2018-02.tif,train
ML3168987,mappingafrica,v2.0.0,ML,-9.7135,14.7275,0.5309510522959183,0.4690489477040817,0.0,,mappingafrica-256/images/ML3168987_2020-02.tif,mappingafrica-256/labels/ML3168987_15101_2020-02.tif,test
ML3179848,mappingafrica,v2.0.0,ML,-9.7435,14.7025,0.0952845982142857,0.9047154017857144,0.0,,mappingafrica-256/images/ML3179848_2019-02.tif,mappingafrica-256/labels/ML3179848_27214_2019-02.tif,train
ML3187074,mappingafrica,v2.0.0,ML,-6.0835,14.6875,0.9695471938775512,0.0304528061224488,0.0,,mappingafrica-256/images/ML3187074_2022-04.tif,mappingafrica-256/labels/ML3187074_31311_2022-04.tif,train
ML3201751,mappingafrica,v2.0.0,ML,-8.0085,14.6525,0.4079041772959184,0.5920958227040816,0.0,,mappingafrica-256/images/ML3201751_2017-02.tif,mappingafrica-256/labels/ML3201751_16068_2017-02.tif,train
ML3220507,mappingafrica,v2.0.0,ML,-10.3435,14.6075,0.9182477678571428,0.0817522321428572,0.0,,mappingafrica-256/images/ML3220507_2019-02.tif,mappingafrica-256/labels/ML3220507_34035_2019-02.tif,train
ML3220961,mappingafrica,v2.0.0,ML,-8.0735,14.6075,0.0271843112244897,0.9728156887755104,0.0,,mappingafrica-256/images/ML3220961_2021-04.tif,mappingafrica-256/labels/ML3220961_23450_2021-04.tif,train
ML3229143,mappingafrica,v2.0.0,ML,-9.7735,14.5875,0.9547592474489796,0.0452407525510204,0.0,,mappingafrica-256/images/ML3229143_2023-04.tif,mappingafrica-256/labels/ML3229143_36223_2023-04.tif,train
ML3242213,mappingafrica,v2.0.0,ML,-8.1485,14.5575,0.2139668367346938,0.7860331632653061,0.0,,mappingafrica-256/images/ML3242213_2017-02.tif,mappingafrica-256/labels/ML3242213_23128_2017-02.tif,test
ML3250501,mappingafrica,v2.0.0,ML,-9.1135,14.5375,0.5470543686224489,0.452945631377551,0.0,,mappingafrica-256/images/ML3250501_2020-02.tif,mappingafrica-256/labels/ML3250501_23171_2020-02.tif,test
ML3263030,mappingafrica,v2.0.0,ML,-9.9285,14.5075,0.7063137755102041,0.2936862244897958,0.0,,mappingafrica-256/images/ML3263030_2023-04.tif,mappingafrica-256/labels/ML3263030_33004_2023-04.tif,train
ML3263513,mappingafrica,v2.0.0,ML,-7.5135,14.5075,0.2979312818877551,0.7020687181122449,0.0,,mappingafrica-256/images/ML3263513_2017-02.tif,mappingafrica-256/labels/ML3263513_18015_2017-02.tif,train
ML3275741,mappingafrica,v2.0.0,ML,-9.3235,14.4775,0.9418447066326532,0.0581552933673468,0.0,,mappingafrica-256/images/ML3275741_2020-02.tif,mappingafrica-256/labels/ML3275741_29908_2020-02.tif,train
ML3276477,mappingafrica,v2.0.0,ML,-5.6435,14.4775,0.8369539221938775,0.1630460778061224,0.0,,mappingafrica-256/images/ML3276477_2022-04.tif,mappingafrica-256/labels/ML3276477_22878_2022-04.tif,train
ML3289281,mappingafrica,v2.0.0,ML,-2.9935,14.4475,0.937240911989796,0.062759088010204,0.0,,mappingafrica-256/images/ML3289281_2019-02.tif,mappingafrica-256/labels/ML3289281_23186_2019-02.tif,train
ML3298259,mappingafrica,v2.0.0,ML,-9.1935,14.4225,0.2027264030612245,0.7972735969387755,0.0,,mappingafrica-256/images/ML3298259_2020-02.tif,mappingafrica-256/labels/ML3298259_37413_2020-02.tif,train
ML3314050,mappingafrica,v2.0.0,ML,-11.8485,14.3825,0.161391900510204,0.838608099489796,0.0,,mappingafrica-256/images/ML3314050_2017-02.tif,mappingafrica-256/labels/ML3314050_18017_2017-02.tif,train
ML3314545,mappingafrica,v2.0.0,ML,-9.3735,14.3825,0.5019132653061225,0.4980867346938775,0.0,,mappingafrica-256/images/ML3314545_2019-02.tif,mappingafrica-256/labels/ML3314545_27216_2019-02.tif,train
ML3320925,mappingafrica,v2.0.0,ML,-7.8535,14.3675,0.0700733418367346,0.9299266581632654,0.0,,mappingafrica-256/images/ML3320925_2023-04.tif,mappingafrica-256/labels/ML3320925_27217_2023-04.tif,test
ML3321313,mappingafrica,v2.0.0,ML,-5.9135,14.3675,0.8696986607142857,0.1303013392857143,0.0,,mappingafrica-256/images/ML3321313_2020-02.tif,mappingafrica-256/labels/ML3321313_40674_2020-02.tif,train
ML3334044,mappingafrica,v2.0.0,ML,-2.9535,14.3375,0.8396245216836735,0.1603754783163264,0.0,,mappingafrica-256/images/ML3334044_2021-04.tif,mappingafrica-256/labels/ML3334044_16074_2021-04.tif,train
ML3360610,mappingafrica,v2.0.0,ML,-10.9635,14.2675,0.0757732780612244,0.9242267219387756,0.0,,mappingafrica-256/images/ML3360610_2023-04.tif,mappingafrica-256/labels/ML3360610_33452_2023-04.tif,train
ML3366865,mappingafrica,v2.0.0,ML,-9.2835,14.2525,0.9120296556122448,0.0879703443877552,0.0,,mappingafrica-256/images/ML3366865_2019-02.tif,mappingafrica-256/labels/ML3366865_20060_2019-02.tif,train
ML3377239,mappingafrica,v2.0.0,ML,-6.2535,14.2275,0.2398357780612245,0.7601642219387755,0.0,,mappingafrica-256/images/ML3377239_2018-02.tif,mappingafrica-256/labels/ML3377239_23214_2018-02.tif,train
ML3383228,mappingafrica,v2.0.0,ML,-5.3985,14.2125,0.3085140306122449,0.6914859693877551,0.0,,mappingafrica-256/images/ML3383228_2019-02.tif,mappingafrica-256/labels/ML3383228_22887_2019-02.tif,train
ML3400041,mappingafrica,v2.0.0,ML,-7.5335,14.1675,0.4478435905612244,0.5521564094387756,0.0,,mappingafrica-256/images/ML3400041_2021-04.tif,mappingafrica-256/labels/ML3400041_11859_2021-04.tif,train
ML3436765,mappingafrica,v2.0.0,ML,-9.8335,14.0675,0.4530851403061224,0.5469148596938775,0.0,,mappingafrica-256/images/ML3436765_2020-02.tif,mappingafrica-256/labels/ML3436765_23228_2020-02.tif,train
ML3443498,mappingafrica,v2.0.0,ML,-3.7035,14.0525,0.322883450255102,0.677116549744898,0.0,,mappingafrica-256/images/ML3443498_2023-04.tif,mappingafrica-256/labels/ML3443498_29726_2023-04.tif,test
ML3446675,mappingafrica,v2.0.0,ML,-6.1685,14.0425,0.0729033801020408,0.9270966198979592,0.0,,mappingafrica-256/images/ML3446675_2021-04.tif,mappingafrica-256/labels/ML3446675_30377_2021-04.tif,train
ML3461458,mappingafrica,v2.0.0,ML,-5.6035,14.0025,0.3893494897959184,0.6106505102040816,0.0,,mappingafrica-256/images/ML3461458_2020-02.tif,mappingafrica-256/labels/ML3461458_23286_2020-02.tif,train
ML3465095,mappingafrica,v2.0.0,ML,-5.7635,13.9925,0.9431401466836736,0.0568598533163263,0.0,,mappingafrica-256/images/ML3465095_2023-04.tif,mappingafrica-256/labels/ML3465095_36463_2023-04.tif,train
ML3478084,mappingafrica,v2.0.0,ML,-4.9035,13.9575,0.3619658801020408,0.6380341198979592,0.0,,mappingafrica-256/images/ML3478084_2021-04.tif,mappingafrica-256/labels/ML3478084_5368_2021-04.tif,train
ML3497858,mappingafrica,v2.0.0,ML,-6.0635,13.9025,0.8226442920918368,0.1773557079081632,0.0,,mappingafrica-256/images/ML3497858_2019-02.tif,mappingafrica-256/labels/ML3497858_15109_2019-02.tif,train
ML3499922,mappingafrica,v2.0.0,ML,-4.8135,13.8975,0.3437898596938775,0.6562101403061225,0.0,,mappingafrica-256/images/ML3499922_2023-04.tif,mappingafrica-256/labels/ML3499922_35026_2023-04.tif,validate
ML3501491,mappingafrica,v2.0.0,ML,-6.0435,13.8925,0.9917490433673468,0.0082509566326531,0.0,,mappingafrica-256/images/ML3501491_2023-04.tif,mappingafrica-256/labels/ML3501491_38901_2023-04.tif,train
ML3502964,mappingafrica,v2.0.0,ML,-7.7535,13.8875,0.2727598852040816,0.7272401147959184,0.0,,mappingafrica-256/images/ML3502964_2020-02.tif,mappingafrica-256/labels/ML3502964_3377_2020-02.tif,train
ML3503841,mappingafrica,v2.0.0,ML,-3.3685,13.8875,0.8751793686224489,0.124820631377551,0.0,,mappingafrica-256/images/ML3503841_2020-02.tif,mappingafrica-256/labels/ML3503841_23481_2020-02.tif,train
ML3530079,mappingafrica,v2.0.0,ML,-8.1585,13.8125,0.9649633290816326,0.0350366709183673,0.0,,mappingafrica-256/images/ML3530079_2023-04.tif,mappingafrica-256/labels/ML3530079_37430_2023-04.tif,train
ML3532338,mappingafrica,v2.0.0,ML,-5.9235,13.8075,0.1441326530612245,0.8558673469387755,0.0,,mappingafrica-256/images/ML3532338_2017-02.tif,mappingafrica-256/labels/ML3532338_2823_2017-02.tif,train
ML3542818,mappingafrica,v2.0.0,ML,-7.9835,13.7775,0.8524394132653061,0.1475605867346938,0.0,,mappingafrica-256/images/ML3542818_2017-02.tif,mappingafrica-256/labels/ML3542818_27227_2017-02.tif,train
ML3544738,mappingafrica,v2.0.0,ML,-7.4785,13.7725,0.2509167729591837,0.7490832270408163,0.0,,mappingafrica-256/images/ML3544738_2019-02.tif,mappingafrica-256/labels/ML3544738_7480_2019-02.tif,train
ML3553688,mappingafrica,v2.0.0,ML,-8.2885,13.7475,0.5104033801020408,0.4895966198979592,0.0,,mappingafrica-256/images/ML3553688_2021-04.tif,mappingafrica-256/labels/ML3553688_17087_2021-04.tif,validate
ML3555535,mappingafrica,v2.0.0,ML,-8.1835,13.7425,0.3948899872448979,0.6051100127551021,0.0,,mappingafrica-256/images/ML3555535_2017-02.tif,mappingafrica-256/labels/ML3555535_16081_2017-02.tif,train
ML3562581,mappingafrica,v2.0.0,ML,-9.5485,13.7225,0.4137236926020408,0.5862763073979592,0.0,,mappingafrica-256/images/ML3562581_2022-04.tif,mappingafrica-256/labels/ML3562581_12999_2022-04.tif,train
ML3575820,mappingafrica,v2.0.0,ML,-7.3085,13.6875,0.0114995216836734,0.9885004783163266,0.0,,mappingafrica-256/images/ML3575820_2020-02.tif,mappingafrica-256/labels/ML3575820_35886_2020-02.tif,train
ML3577638,mappingafrica,v2.0.0,ML,-7.2735,13.6825,0.076789700255102,0.923210299744898,0.0,,mappingafrica-256/images/ML3577638_2018-02.tif,mappingafrica-256/labels/ML3577638_15112_2018-02.tif,train
ML3586548,mappingafrica,v2.0.0,ML,-7.7185,13.6575,0.848274075255102,0.151725924744898,0.0,,mappingafrica-256/images/ML3586548_2018-02.tif,mappingafrica-256/labels/ML3586548_22915_2018-02.tif,train
ML3598754,mappingafrica,v2.0.0,ML,-8.9835,13.6225,0.2179926658163265,0.7820073341836735,0.0,,mappingafrica-256/images/ML3598754_2019-02.tif,mappingafrica-256/labels/ML3598754_11874_2019-02.tif,train
ML3599520,mappingafrica,v2.0.0,ML,-5.1535,13.6225,0.0435068558673469,0.9564931441326532,0.0,,mappingafrica-256/images/ML3599520_2023-04.tif,mappingafrica-256/labels/ML3599520_36151_2023-04.tif,train
ML3623221,mappingafrica,v2.0.0,ML,-9.1335,13.5525,0.4487802933673469,0.5512197066326531,0.0,,mappingafrica-256/images/ML3623221_2022-04.tif,mappingafrica-256/labels/ML3623221_23488_2022-04.tif,train
ML3627756,mappingafrica,v2.0.0,ML,-3.8685,13.5425,0.9583466198979592,0.0416533801020407,0.0,,mappingafrica-256/images/ML3627756_2022-04.tif,mappingafrica-256/labels/ML3627756_9724_2022-04.tif,train
ML3645090,mappingafrica,v2.0.0,ML,-3.8085,13.4925,0.9161352040816326,0.0838647959183673,0.0,,mappingafrica-256/images/ML3645090_2021-04.tif,mappingafrica-256/labels/ML3645090_10717_2021-04.tif,train
ML3653489,mappingafrica,v2.0.0,ML,-4.8135,13.4675,0.5839445153061225,0.4160554846938775,0.0,,mappingafrica-256/images/ML3653489_2020-02.tif,mappingafrica-256/labels/ML3653489_23546_2020-02.tif,train
ML3661882,mappingafrica,v2.0.0,ML,-5.6635,13.4425,0.7784797512755102,0.2215202487244898,0.0,,mappingafrica-256/images/ML3661882_2022-04.tif,mappingafrica-256/labels/ML3661882_11876_2022-04.tif,train
ML3668915,mappingafrica,v2.0.0,ML,-4.6435,13.4225,0.1421595982142857,0.8578404017857143,0.0,,mappingafrica-256/images/ML3668915_2017-02.tif,mappingafrica-256/labels/ML3668915_29003_2017-02.tif,train
ML3681827,mappingafrica,v2.0.0,ML,-7.9135,13.3825,0.5154057716836735,0.4845942283163265,0.0,,mappingafrica-256/images/ML3681827_2022-04.tif,mappingafrica-256/labels/ML3681827_20067_2022-04.tif,train
ML3689570,mappingafrica,v2.0.0,ML,-10.6035,13.3575,0.3918805803571428,0.6081194196428572,0.0,,mappingafrica-256/images/ML3689570_2023-04.tif,mappingafrica-256/labels/ML3689570_31621_2023-04.tif,train
ML3693366,mappingafrica,v2.0.0,ML,-7.8485,13.3475,0.7309470663265306,0.2690529336734694,0.0,,mappingafrica-256/images/ML3693366_2023-04.tif,mappingafrica-256/labels/ML3693366_33759_2023-04.tif,train
ML3704865,mappingafrica,v2.0.0,ML,-6.7285,13.3125,0.6968670280612245,0.3031329719387755,0.0,,mappingafrica-256/images/ML3704865_2022-04.tif,mappingafrica-256/labels/ML3704865_29909_2022-04.tif,train
ML3705692,mappingafrica,v2.0.0,ML,-10.5885,13.3075,0.4350286989795918,0.5649713010204083,0.0,,mappingafrica-256/images/ML3705692_2019-02.tif,mappingafrica-256/labels/ML3705692_18032_2019-02.tif,train
ML3711180,mappingafrica,v2.0.0,ML,-7.0035,13.2925,0.4073461415816326,0.5926538584183674,0.0,,mappingafrica-256/images/ML3711180_2018-02.tif,mappingafrica-256/labels/ML3711180_22930_2018-02.tif,train
ML3712559,mappingafrica,v2.0.0,ML,-8.0235,13.2875,0.9001514668367347,0.0998485331632652,0.0,,mappingafrica-256/images/ML3712559_2020-02.tif,mappingafrica-256/labels/ML3712559_22931_2020-02.tif,train
ML3720422,mappingafrica,v2.0.0,ML,-7.5835,13.2625,0.2635124362244898,0.7364875637755102,0.0,,mappingafrica-256/images/ML3720422_2019-02.tif,mappingafrica-256/labels/ML3720422_13005_2019-02.tif,train
ML3724850,mappingafrica,v2.0.0,ML,-8.1235,13.2475,0.1286870216836734,0.8713129783163266,0.0,,mappingafrica-256/images/ML3724850_2019-02.tif,mappingafrica-256/labels/ML3724850_19058_2019-02.tif,test
ML3729933,mappingafrica,v2.0.0,ML,-5.2885,13.2325,0.9194634885204082,0.0805365114795918,0.0,,mappingafrica-256/images/ML3729933_2017-02.tif,mappingafrica-256/labels/ML3729933_19059_2017-02.tif,validate
ML3747969,mappingafrica,v2.0.0,ML,-4.6935,13.1725,0.5907804528061225,0.4092195471938775,0.0,,mappingafrica-256/images/ML3747969_2023-04.tif,mappingafrica-256/labels/ML3747969_34972_2023-04.tif,train
ML3758868,mappingafrica,v2.0.0,ML,-8.0285,13.1325,0.5134925063775511,0.4865074936224489,0.0,,mappingafrica-256/images/ML3758868_2022-04.tif,mappingafrica-256/labels/ML3758868_38946_2022-04.tif,train
ML3758954,mappingafrica,v2.0.0,ML,-7.5985,13.1325,0.1487962372448979,0.8512037627551021,0.0,,mappingafrica-256/images/ML3758954_2023-04.tif,mappingafrica-256/labels/ML3758954_27233_2023-04.tif,train
ML3774440,mappingafrica,v2.0.0,ML,-8.6685,13.0775,0.1307397959183673,0.8692602040816327,0.0,,mappingafrica-256/images/ML3774440_2019-02.tif,mappingafrica-256/labels/ML3774440_22940_2019-02.tif,train
ML3777214,mappingafrica,v2.0.0,ML,-9.0435,13.0675,0.1252391581632653,0.8747608418367347,0.0,,mappingafrica-256/images/ML3777214_2021-04.tif,mappingafrica-256/labels/ML3777214_27235_2021-04.tif,train
ML3779576,mappingafrica,v2.0.0,ML,-4.3685,13.0625,0.8839086415816326,0.1160913584183673,0.0,,mappingafrica-256/images/ML3779576_2021-04.tif,mappingafrica-256/labels/ML3779576_22941_2021-04.tif,train
ML3781153,mappingafrica,v2.0.0,ML,-10.7585,13.0525,0.2197464923469387,0.7802535076530613,0.0,,mappingafrica-256/images/ML3781153_2022-04.tif,mappingafrica-256/labels/ML3781153_23625_2022-04.tif,test
ML3783660,mappingafrica,v2.0.0,ML,-5.3585,13.0475,0.1837133290816326,0.8162866709183674,0.0,,mappingafrica-256/images/ML3783660_2018-02.tif,mappingafrica-256/labels/ML3783660_38726_2018-02.tif,train
ML3807248,mappingafrica,v2.0.0,ML,-8.6585,12.9625,0.19921875,0.80078125,0.0,,mappingafrica-256/images/ML3807248_2021-04.tif,mappingafrica-256/labels/ML3807248_17094_2021-04.tif,train
ML3839988,mappingafrica,v2.0.0,ML,-9.5385,12.8475,0.5419722576530612,0.4580277423469387,0.0,,mappingafrica-256/images/ML3839988_2020-02.tif,mappingafrica-256/labels/ML3839988_4248_2020-02.tif,train
ML3855193,mappingafrica,v2.0.0,ML,-5.1835,12.7975,0.7748126594387755,0.2251873405612244,0.0,,mappingafrica-256/images/ML3855193_2020-02.tif,mappingafrica-256/labels/ML3855193_34212_2020-02.tif,train
ML3862046,mappingafrica,v2.0.0,ML,-6.7235,12.7725,0.7912946428571429,0.2087053571428571,0.0,,mappingafrica-256/images/ML3862046_2020-02.tif,mappingafrica-256/labels/ML3862046_6472_2020-02.tif,validate
ML3871757,mappingafrica,v2.0.0,ML,-8.2535,12.7375,0.1627471301020408,0.8372528698979592,0.0,,mappingafrica-256/images/ML3871757_2020-02.tif,mappingafrica-256/labels/ML3871757_10723_2020-02.tif,train
ML3877926,mappingafrica,v2.0.0,ML,-5.9735,12.7175,0.6005460778061225,0.3994539221938775,0.0,,mappingafrica-256/images/ML3877926_2017-02.tif,mappingafrica-256/labels/ML3877926_14077_2017-02.tif,train
ML3886562,mappingafrica,v2.0.0,ML,-4.8085,12.6875,0.7538066007653061,0.2461933992346938,0.0,,mappingafrica-256/images/ML3886562_2017-02.tif,mappingafrica-256/labels/ML3886562_10725_2017-02.tif,train
ML3919912,mappingafrica,v2.0.0,ML,-5.2585,12.5675,0.6817004145408163,0.3182995854591837,0.0,,mappingafrica-256/images/ML3919912_2019-02.tif,mappingafrica-256/labels/ML3919912_9669_2019-02.tif,train
ML3922544,mappingafrica,v2.0.0,ML,-6.1435,12.5575,0.7566167091836735,0.2433832908163264,0.0,,mappingafrica-256/images/ML3922544_2022-04.tif,mappingafrica-256/labels/ML3922544_4254_2022-04.tif,train
ML3926595,mappingafrica,v2.0.0,ML,-7.0035,12.5425,0.4819435586734694,0.5180564413265306,0.0,,mappingafrica-256/images/ML3926595_2017-02.tif,mappingafrica-256/labels/ML3926595_17098_2017-02.tif,train
ML3926896,mappingafrica,v2.0.0,ML,-5.4985,12.5425,0.8349410076530612,0.1650589923469387,0.0,,mappingafrica-256/images/ML3926896_2020-02.tif,mappingafrica-256/labels/ML3926896_5390_2020-02.tif,train
ML3931228,mappingafrica,v2.0.0,ML,-4.8785,12.5275,0.732421875,0.267578125,0.0,,mappingafrica-256/images/ML3931228_2020-02.tif,mappingafrica-256/labels/ML3931228_22966_2020-02.tif,train
ML3946025,mappingafrica,v2.0.0,ML,-6.7235,12.4725,0.1593391262755102,0.8406608737244898,0.0,,mappingafrica-256/images/ML3946025_2021-04.tif,mappingafrica-256/labels/ML3946025_10730_2021-04.tif,train
ML3948858,mappingafrica,v2.0.0,ML,-5.9035,12.4625,0.9955755739795918,0.0044244260204081,0.0,,mappingafrica-256/images/ML3948858_2017-02.tif,mappingafrica-256/labels/ML3948858_20083_2017-02.tif,train
ML3950043,mappingafrica,v2.0.0,ML,-6.6285,12.4575,0.5421914859693877,0.4578085140306123,0.0,,mappingafrica-256/images/ML3950043_2019-02.tif,mappingafrica-256/labels/ML3950043_2339_2019-02.tif,test
ML3979116,mappingafrica,v2.0.0,ML,-7.4785,12.3475,0.5785036670918368,0.4214963329081632,0.0,,mappingafrica-256/images/ML3979116_2020-02.tif,mappingafrica-256/labels/ML3979116_34703_2020-02.tif,train
ML3981936,mappingafrica,v2.0.0,ML,-6.7385,12.3375,0.4502551020408163,0.5497448979591837,0.0,,mappingafrica-256/images/ML3981936_2020-02.tif,mappingafrica-256/labels/ML3981936_15128_2020-02.tif,train
ML3988268,mappingafrica,v2.0.0,ML,-8.3835,12.3125,0.1374760841836734,0.8625239158163266,0.0,,mappingafrica-256/images/ML3988268_2017-02.tif,mappingafrica-256/labels/ML3988268_33250_2017-02.tif,train
ML3991093,mappingafrica,v2.0.0,ML,-7.4935,12.3025,0.2739756058673469,0.7260243941326531,0.0,,mappingafrica-256/images/ML3991093_2017-02.tif,mappingafrica-256/labels/ML3991093_13019_2017-02.tif,train
ML3991344,mappingafrica,v2.0.0,ML,-6.2385,12.3025,0.7384406887755102,0.2615593112244898,0.0,,mappingafrica-256/images/ML3991344_2022-04.tif,mappingafrica-256/labels/ML3991344_33744_2022-04.tif,validate
ML3996246,mappingafrica,v2.0.0,ML,-8.1985,12.2825,0.9815250318877552,0.0184749681122448,0.0,,mappingafrica-256/images/ML3996246_2021-04.tif,mappingafrica-256/labels/ML3996246_22977_2021-04.tif,train
ML4000917,mappingafrica,v2.0.0,ML,-4.7385,12.2675,0.6698222257653061,0.3301777742346938,0.0,,mappingafrica-256/images/ML4000917_2018-02.tif,mappingafrica-256/labels/ML4000917_8579_2018-02.tif,test
ML4002072,mappingafrica,v2.0.0,ML,-5.5885,12.2625,0.9109933035714286,0.0890066964285714,0.0,,mappingafrica-256/images/ML4002072_2017-02.tif,mappingafrica-256/labels/ML4002072_22978_2017-02.tif,train
ML4004301,mappingafrica,v2.0.0,ML,-7.6435,12.2525,0.8607900191326531,0.1392099808673469,0.0,,mappingafrica-256/images/ML4004301_2018-02.tif,mappingafrica-256/labels/ML4004301_36788_2018-02.tif,validate
ML4017664,mappingafrica,v2.0.0,ML,-4.8985,12.2025,0.4645248724489796,0.5354751275510203,0.0,,mappingafrica-256/images/ML4017664_2020-02.tif,mappingafrica-256/labels/ML4017664_23707_2020-02.tif,train
ML4032245,mappingafrica,v2.0.0,ML,-7.2435,12.1375,0.6460060586734694,0.3539939413265306,0.0,,mappingafrica-256/images/ML4032245_2017-02.tif,mappingafrica-256/labels/ML4032245_4260_2017-02.tif,validate
ML4036408,mappingafrica,v2.0.0,ML,-8.1735,12.1175,0.1378148915816326,0.8621851084183674,0.0,,mappingafrica-256/images/ML4036408_2020-02.tif,mappingafrica-256/labels/ML4036408_5392_2020-02.tif,train
ML4042114,mappingafrica,v2.0.0,ML,-5.3835,12.0925,0.4102160395408163,0.5897839604591837,0.0,,mappingafrica-256/images/ML4042114_2021-04.tif,mappingafrica-256/labels/ML4042114_22986_2021-04.tif,train
ML4044865,mappingafrica,v2.0.0,ML,-6.7185,12.0775,0.6887755102040817,0.3112244897959183,0.0,,mappingafrica-256/images/ML4044865_2021-04.tif,mappingafrica-256/labels/ML4044865_31904_2021-04.tif,train
ML4050161,mappingafrica,v2.0.0,ML,-5.1185,12.0525,0.3087133290816326,0.6912866709183674,0.0,,mappingafrica-256/images/ML4050161_2020-02.tif,mappingafrica-256/labels/ML4050161_30516_2020-02.tif,train
ML4065099,mappingafrica,v2.0.0,ML,-8.1935,11.9625,0.2510363520408163,0.7489636479591837,0.0,,mappingafrica-256/images/ML4065099_2021-04.tif,mappingafrica-256/labels/ML4065099_4264_2021-04.tif,train
ML4069468,mappingafrica,v2.0.0,ML,-5.3785,11.9375,0.5762515943877551,0.4237484056122449,0.0,,mappingafrica-256/images/ML4069468_2017-02.tif,mappingafrica-256/labels/ML4069468_34607_2017-02.tif,train
ML4074356,mappingafrica,v2.0.0,ML,-6.9835,11.9025,0.0698939732142857,0.9301060267857144,0.0,,mappingafrica-256/images/ML4074356_2020-02.tif,mappingafrica-256/labels/ML4074356_35715_2020-02.tif,train
ML4078020,mappingafrica,v2.0.0,ML,-6.7335,11.8775,0.087711256377551,0.9122887436224488,0.0,,mappingafrica-256/images/ML4078020_2018-02.tif,mappingafrica-256/labels/ML4078020_16104_2018-02.tif,train
ML4083677,mappingafrica,v2.0.0,ML,-6.9685,11.8375,0.6096340880102041,0.3903659119897958,0.0,,mappingafrica-256/images/ML4083677_2023-04.tif,mappingafrica-256/labels/ML4083677_36301_2023-04.tif,train
ML4085782,mappingafrica,v2.0.0,ML,-6.8435,11.8225,0.7002152423469388,0.2997847576530612,0.0,,mappingafrica-256/images/ML4085782_2020-02.tif,mappingafrica-256/labels/ML4085782_23724_2020-02.tif,train
ML4088016,mappingafrica,v2.0.0,ML,-5.9835,11.8075,0.5576171875,0.4423828125,0.0,,mappingafrica-256/images/ML4088016_2018-02.tif,mappingafrica-256/labels/ML4088016_5395_2018-02.tif,train
ML4134071,mappingafrica,v2.0.0,ML,-7.3085,11.4775,0.2410913584183673,0.7589086415816327,0.0,,mappingafrica-256/images/ML4134071_2021-04.tif,mappingafrica-256/labels/ML4134071_5397_2021-04.tif,test
ML4150744,mappingafrica,v2.0.0,ML,-6.1485,11.3525,0.2113360969387755,0.7886639030612245,0.0,,mappingafrica-256/images/ML4150744_2019-02.tif,mappingafrica-256/labels/ML4150744_38140_2019-02.tif,train
ML4152895,mappingafrica,v2.0.0,ML,-8.0235,11.3325,0.0498445471938775,0.9501554528061223,0.0,,mappingafrica-256/images/ML4152895_2022-12.tif,mappingafrica-256/labels/ML4152895_3491_2022-12.tif,train
ML4157316,mappingafrica,v2.0.0,ML,-7.7435,11.2975,0.3371332908163265,0.6628667091836735,0.0,,mappingafrica-256/images/ML4157316_2018-02.tif,mappingafrica-256/labels/ML4157316_10737_2018-02.tif,train
ML4164811,mappingafrica,v2.0.0,ML,-5.5435,11.2425,0.0125956632653061,0.987404336734694,0.0,,mappingafrica-256/images/ML4164811_2020-02.tif,mappingafrica-256/labels/ML4164811_13027_2020-02.tif,train
ML4165467,mappingafrica,v2.0.0,ML,-5.4935,11.2375,0.2696906887755102,0.7303093112244898,0.0,,mappingafrica-256/images/ML4165467_2018-02.tif,mappingafrica-256/labels/ML4165467_13029_2018-02.tif,train
ML4167173,mappingafrica,v2.0.0,ML,-6.6185,11.2225,0.3078762755102041,0.692123724489796,0.0,,mappingafrica-256/images/ML4167173_2019-02.tif,mappingafrica-256/labels/ML4167173_8583_2019-02.tif,validate
ML4174204,mappingafrica,v2.0.0,ML,-7.2635,11.1675,0.0757932079081632,0.9242067920918368,0.0,,mappingafrica-256/images/ML4174204_2018-02.tif,mappingafrica-256/labels/ML4174204_40634_2018-02.tif,train
ML4174513,mappingafrica,v2.0.0,ML,-5.7185,11.1675,0.0109414859693877,0.9890585140306124,0.0,,mappingafrica-256/images/ML4174513_2022-04.tif,mappingafrica-256/labels/ML4174513_30544_2022-04.tif,train
ML4189573,mappingafrica,v2.0.0,ML,-7.1735,11.0475,0.3503467793367347,0.6496532206632653,0.0,,mappingafrica-256/images/ML4189573_2018-02.tif,mappingafrica-256/labels/ML4189573_4734_2018-02.tif,train
ML4190794,mappingafrica,v2.0.0,ML,-7.0435,11.0375,0.3877152423469387,0.6122847576530612,0.0,,mappingafrica-256/images/ML4190794_2018-02.tif,mappingafrica-256/labels/ML4190794_11918_2018-02.tif,train
ML4198753,mappingafrica,v2.0.0,ML,-6.0085,10.9725,0.6626873405612245,0.3373126594387755,0.0,,mappingafrica-256/images/ML4198753_2019-02.tif,mappingafrica-256/labels/ML4198753_13033_2019-02.tif,train
ML4206017,mappingafrica,v2.0.0,ML,-6.7985,10.9075,0.6651187818877551,0.3348812181122449,0.0,,mappingafrica-256/images/ML4206017_2021-04.tif,mappingafrica-256/labels/ML4206017_8584_2021-04.tif,train
ML4217980,mappingafrica,v2.0.0,ML,-6.9485,10.8025,0.8662906568877551,0.1337093431122449,0.0,,mappingafrica-256/images/ML4217980_2020-02.tif,mappingafrica-256/labels/ML4217980_19076_2020-02.tif,train
ML4225056,mappingafrica,v2.0.0,ML,-6.0235,10.7425,0.3274872448979591,0.6725127551020409,0.0,,mappingafrica-256/images/ML4225056_2022-12.tif,mappingafrica-256/labels/ML4225056_6486_2022-12.tif,validate
ML4227680,mappingafrica,v2.0.0,ML,-6.9935,10.7175,0.1278898278061224,0.8721101721938775,0.0,,mappingafrica-256/images/ML4227680_2019-02.tif,mappingafrica-256/labels/ML4227680_23027_2019-02.tif,test
ML4231062,mappingafrica,v2.0.0,ML,-6.1385,10.6875,0.3391262755102041,0.660873724489796,0.0,,mappingafrica-256/images/ML4231062_2020-02.tif,mappingafrica-256/labels/ML4231062_101380_2020-02.tif,train
ML4232951,mappingafrica,v2.0.0,ML,-7.4385,10.6675,0.5523357780612245,0.4476642219387755,0.0,,mappingafrica-256/images/ML4232951_2017-02.tif,mappingafrica-256/labels/ML4232951_32570_2017-02.tif,test
ML4233718,mappingafrica,v2.0.0,ML,-6.0335,10.6625,0.6178651147959183,0.3821348852040817,0.0,,mappingafrica-256/images/ML4233718_2020-02.tif,mappingafrica-256/labels/ML4233718_10740_2020-02.tif,train
ML4234035,mappingafrica,v2.0.0,ML,-7.2735,10.6575,0.0191924426020408,0.9808075573979592,0.0,,mappingafrica-256/images/ML4234035_2022-04.tif,mappingafrica-256/labels/ML4234035_13034_2022-04.tif,test
ML4235008,mappingafrica,v2.0.0,ML,-7.6185,10.6475,0.7927495216836735,0.2072504783163264,0.0,,mappingafrica-256/images/ML4235008_2020-02.tif,mappingafrica-256/labels/ML4235008_31936_2020-02.tif,train
ML4237807,mappingafrica,v2.0.0,ML,-6.4435,10.6225,0.1143574617346938,0.8856425382653061,0.0,,mappingafrica-256/images/ML4237807_2019-02.tif,mappingafrica-256/labels/ML4237807_27266_2019-02.tif,test
ML4248010,mappingafrica,v2.0.0,ML,-7.0885,10.5175,0.7181521045918368,0.2818478954081632,0.0,,mappingafrica-256/images/ML4248010_2018-02.tif,mappingafrica-256/labels/ML4248010_2423_2018-02.tif,train
ML4249130,mappingafrica,v2.0.0,ML,-5.7185,10.5075,0.2150829081632653,0.7849170918367347,0.0,,mappingafrica-256/images/ML4249130_2018-02.tif,mappingafrica-256/labels/ML4249130_23030_2018-02.tif,train
ML4249930,mappingafrica,v2.0.0,ML,-6.8085,10.4975,0.2832230548469387,0.7167769451530612,0.0,,mappingafrica-256/images/ML4249930_2017-02.tif,mappingafrica-256/labels/ML4249930_101381_2017-02.tif,train
ML4252618,mappingafrica,v2.0.0,ML,-6.8285,10.4675,0.8576809630102041,0.1423190369897958,0.0,,mappingafrica-256/images/ML4252618_2021-04.tif,mappingafrica-256/labels/ML4252618_8588_2021-04.tif,test
MR3225315,mappingafrica,v2.0.0,MR,-15.7435,16.5475,0.5866350446428571,0.4133649553571429,0.0,,mappingafrica-256/images/MR3225315_2018-02.tif,mappingafrica-256/labels/MR3225315_23852_2018-02.tif,train
MW0002613,mappingafrica,v2.0.0,MW,33.2465,-9.60249999999999,0.6122050382653061,0.3877949617346938,0.0,,mappingafrica-256/images/MW0002613_2018-08.tif,mappingafrica-256/labels/MW0002613_19077_2018-08.tif,train
MW0013867,mappingafrica,v2.0.0,MW,33.8965,-9.8875,0.987045599489796,0.012954400510204,0.0,,mappingafrica-256/images/MW0013867_2018-08.tif,mappingafrica-256/labels/MW0013867_23039_2018-08.tif,train
MW0056649,mappingafrica,v2.0.0,MW,34.0015,-10.8975,0.4562739158163265,0.5437260841836735,0.0,,mappingafrica-256/images/MW0056649_2018-08.tif,mappingafrica-256/labels/MW0056649_19078_2018-08.tif,train
MW0064989,mappingafrica,v2.0.0,MW,33.9565,-11.0575,0.0902622767857142,0.9097377232142858,0.0,,mappingafrica-256/images/MW0064989_2023-09.tif,mappingafrica-256/labels/MW0064989_35859_2023-09.tif,train
MW0068538,mappingafrica,v2.0.0,MW,33.9415,-11.1275,0.1376355229591837,0.8623644770408163,0.0,,mappingafrica-256/images/MW0068538_2023-09.tif,mappingafrica-256/labels/MW0068538_32019_2023-09.tif,train
MW0070526,mappingafrica,v2.0.0,MW,33.6465,-11.1675,0.0729233099489796,0.9270766900510204,0.0,,mappingafrica-256/images/MW0070526_2021-09.tif,mappingafrica-256/labels/MW0070526_11922_2021-09.tif,test
MW0081869,mappingafrica,v2.0.0,MW,33.7865,-11.3675,0.0634167729591836,0.9365832270408164,0.0,,mappingafrica-256/images/MW0081869_2018-08.tif,mappingafrica-256/labels/MW0081869_2657_2018-08.tif,train
MW0106064,mappingafrica,v2.0.0,MW,33.6065,-11.7725,0.2054169323979592,0.7945830676020408,0.0,,mappingafrica-256/images/MW0106064_2017-08.tif,mappingafrica-256/labels/MW0106064_15143_2017-08.tif,train
MW0110761,mappingafrica,v2.0.0,MW,33.4115,-11.8675,0.5742785395408163,0.4257214604591837,0.0,,mappingafrica-256/images/MW0110761_2020-09.tif,mappingafrica-256/labels/MW0110761_23053_2020-09.tif,train
MW0117964,mappingafrica,v2.0.0,MW,33.3765,-12.0175,0.2966159119897959,0.703384088010204,0.0,,mappingafrica-256/images/MW0117964_2018-08.tif,mappingafrica-256/labels/MW0117964_20793_2018-08.tif,train
MW0140848,mappingafrica,v2.0.0,MW,33.3965,-12.5575,0.6069236288265306,0.3930763711734694,0.0,,mappingafrica-256/images/MW0140848_2021-09.tif,mappingafrica-256/labels/MW0140848_100062_2021-09.tif,train
MW0156665,mappingafrica,v2.0.0,MW,33.7465,-12.8275,0.5652702487244898,0.4347297512755101,0.0,,mappingafrica-256/images/MW0156665_2019-08.tif,mappingafrica-256/labels/MW0156665_2107_2019-08.tif,test
MW0160009,mappingafrica,v2.0.0,MW,33.7065,-12.8825,0.8804607780612245,0.1195392219387755,0.0,,mappingafrica-256/images/MW0160009_2023-09.tif,mappingafrica-256/labels/MW0160009_37781_2023-09.tif,train
MW0162114,mappingafrica,v2.0.0,MW,33.7915,-12.9175,0.3141541772959184,0.6858458227040816,0.0,,mappingafrica-256/images/MW0162114_2023-09.tif,mappingafrica-256/labels/MW0162114_36225_2023-09.tif,train
MW0162142,mappingafrica,v2.0.0,MW,33.9315,-12.9175,0.2492028061224489,0.7507971938775511,0.0,,mappingafrica-256/images/MW0162142_2018-08.tif,mappingafrica-256/labels/MW0162142_14091_2018-08.tif,train
MW0165721,mappingafrica,v2.0.0,MW,33.6715,-12.9775,0.1030373086734693,0.8969626913265307,0.0,,mappingafrica-256/images/MW0165721_2022-09.tif,mappingafrica-256/labels/MW0165721_11927_2022-09.tif,train
MW0166335,mappingafrica,v2.0.0,MW,33.6915,-12.9875,0.0580955038265306,0.9419044961734694,0.0,,mappingafrica-256/images/MW0166335_2022-09.tif,mappingafrica-256/labels/MW0166335_19081_2022-09.tif,train
MW0175931,mappingafrica,v2.0.0,MW,33.5765,-13.1425,0.1982023278061224,0.8017976721938775,0.0,,mappingafrica-256/images/MW0175931_2021-09.tif,mappingafrica-256/labels/MW0175931_14094_2021-09.tif,validate
MW0179688,mappingafrica,v2.0.0,MW,33.9365,-13.2025,0.4514309630102041,0.548569036989796,0.0,,mappingafrica-256/images/MW0179688_2019-08.tif,mappingafrica-256/labels/MW0179688_11930_2019-08.tif,train
MW0221832,mappingafrica,v2.0.0,MW,32.8115,-13.7575,0.4986248405612244,0.5013751594387756,0.0,,mappingafrica-256/images/MW0221832_2020-07.tif,mappingafrica-256/labels/MW0221832_17118_2020-07.tif,train
MW0224197,mappingafrica,v2.0.0,MW,32.9115,-13.7825,0.3938337053571428,0.6061662946428572,0.0,,mappingafrica-256/images/MW0224197_2018-08.tif,mappingafrica-256/labels/MW0224197_100875_2018-08.tif,train
MW0226497,mappingafrica,v2.0.0,MW,32.9615,-13.8075,0.5678013392857143,0.4321986607142857,0.0,,mappingafrica-256/images/MW0226497_2019-08.tif,mappingafrica-256/labels/MW0226497_6495_2019-08.tif,test
MW0232028,mappingafrica,v2.0.0,MW,33.2165,-13.8675,0.983498086734694,0.016501913265306,0.0,,mappingafrica-256/images/MW0232028_2018-08.tif,mappingafrica-256/labels/MW0232028_8592_2018-08.tif,train
MW0233653,mappingafrica,v2.0.0,MW,34.5115,-13.8825,0.1940170599489795,0.8059829400510206,0.0,,mappingafrica-256/images/MW0233653_2020-09.tif,mappingafrica-256/labels/MW0233653_15146_2020-09.tif,train
MW0236159,mappingafrica,v2.0.0,MW,33.3265,-13.9125,0.7405731823979592,0.2594268176020408,0.0,,mappingafrica-256/images/MW0236159_2017-08.tif,mappingafrica-256/labels/MW0236159_9691_2017-08.tif,train
MW0237622,mappingafrica,v2.0.0,MW,33.7115,-13.9275,0.6314373405612245,0.3685626594387755,0.0,,mappingafrica-256/images/MW0237622_2022-09.tif,mappingafrica-256/labels/MW0237622_34358_2022-09.tif,test
MW0240705,mappingafrica,v2.0.0,MW,33.4915,-13.9625,0.8406808035714286,0.1593191964285714,0.0,,mappingafrica-256/images/MW0240705_2023-09.tif,mappingafrica-256/labels/MW0240705_34670_2023-09.tif,train
MW0245458,mappingafrica,v2.0.0,MW,33.3665,-14.0175,0.9044164540816326,0.0955835459183673,0.0,,mappingafrica-256/images/MW0245458_2019-08.tif,mappingafrica-256/labels/MW0245458_23081_2019-08.tif,train
MW0260318,mappingafrica,v2.0.0,MW,33.6015,-14.1925,0.9998604910714286,0.0001395089285713,0.0,,mappingafrica-256/images/MW0260318_2020-09.tif,mappingafrica-256/labels/MW0260318_36933_2020-09.tif,train
MW0260828,mappingafrica,v2.0.0,MW,33.9965,-14.1975,0.1636639030612245,0.8363360969387755,0.0,,mappingafrica-256/images/MW0260828_2021-09.tif,mappingafrica-256/labels/MW0260828_6498_2021-09.tif,test
MW0269514,mappingafrica,v2.0.0,MW,35.0115,-14.2975,0.3349609375,0.6650390625,0.0,,mappingafrica-256/images/MW0269514_2017-08.tif,mappingafrica-256/labels/MW0269514_11936_2017-08.tif,train
MW0275924,mappingafrica,v2.0.0,MW,35.0165,-14.3725,0.1561702806122449,0.8438297193877551,0.0,,mappingafrica-256/images/MW0275924_2019-08.tif,mappingafrica-256/labels/MW0275924_35222_2019-08.tif,validate
MW0277903,mappingafrica,v2.0.0,MW,34.2065,-14.3975,0.3203722895408163,0.6796277104591837,0.0,,mappingafrica-256/images/MW0277903_2021-09.tif,mappingafrica-256/labels/MW0277903_23088_2021-09.tif,train
MW0279790,mappingafrica,v2.0.0,MW,35.6365,-14.4175,0.508430325255102,0.491569674744898,0.0,,mappingafrica-256/images/MW0279790_2022-09.tif,mappingafrica-256/labels/MW0279790_2682_2022-09.tif,train
MW0280738,mappingafrica,v2.0.0,MW,34.5765,-14.4325,0.7674585459183674,0.2325414540816326,0.0,,mappingafrica-256/images/MW0280738_2022-09.tif,mappingafrica-256/labels/MW0280738_18062_2022-09.tif,train
MW0281582,mappingafrica,v2.0.0,MW,35.1465,-14.4425,0.0067163584183673,0.9932836415816328,0.0,,mappingafrica-256/images/MW0281582_2022-09.tif,mappingafrica-256/labels/MW0281582_4743_2022-09.tif,train
MW0284098,mappingafrica,v2.0.0,MW,35.5815,-14.4775,0.7576729910714286,0.2423270089285714,0.0,,mappingafrica-256/images/MW0284098_2020-09.tif,mappingafrica-256/labels/MW0284098_19088_2020-09.tif,train
MW0286819,mappingafrica,v2.0.0,MW,34.6765,-14.5275,0.2033043686224489,0.7966956313775511,0.0,,mappingafrica-256/images/MW0286819_2021-09.tif,mappingafrica-256/labels/MW0286819_19089_2021-09.tif,validate
MW0305226,mappingafrica,v2.0.0,MW,35.1515,-14.8775,0.5222217793367347,0.4777782206632652,0.0,,mappingafrica-256/images/MW0305226_2022-09.tif,mappingafrica-256/labels/MW0305226_24152_2022-09.tif,test
MW0306911,mappingafrica,v2.0.0,MW,35.6965,-14.9075,0.6451092155612245,0.3548907844387755,0.0,,mappingafrica-256/images/MW0306911_2017-08.tif,mappingafrica-256/labels/MW0306911_11937_2017-08.tif,train
MW0307162,mappingafrica,v2.0.0,MW,35.6265,-14.9125,0.4112324617346938,0.5887675382653061,0.0,,mappingafrica-256/images/MW0307162_2018-08.tif,mappingafrica-256/labels/MW0307162_18066_2018-08.tif,train
MW0310263,mappingafrica,v2.0.0,MW,35.5165,-14.9725,0.3753188775510204,0.6246811224489797,0.0,,mappingafrica-256/images/MW0310263_2023-09.tif,mappingafrica-256/labels/MW0310263_28360_2023-09.tif,train
MW0311017,mappingafrica,v2.0.0,MW,35.5015,-14.9875,0.5408163265306123,0.4591836734693877,0.0,,mappingafrica-256/images/MW0311017_2021-09.tif,mappingafrica-256/labels/MW0311017_34918_2021-09.tif,train
MW0322012,mappingafrica,v2.0.0,MW,35.0815,-15.2125,0.9389748086734694,0.0610251913265306,0.0,,mappingafrica-256/images/MW0322012_2019-08.tif,mappingafrica-256/labels/MW0322012_9696_2019-08.tif,test
MW0322076,mappingafrica,v2.0.0,MW,35.4015,-15.2125,0.7850366709183674,0.2149633290816326,0.0,,mappingafrica-256/images/MW0322076_2023-09.tif,mappingafrica-256/labels/MW0322076_35781_2023-09.tif,train
MW0324376,mappingafrica,v2.0.0,MW,34.8765,-15.2625,0.8046675701530612,0.1953324298469387,0.0,,mappingafrica-256/images/MW0324376_2018-08.tif,mappingafrica-256/labels/MW0324376_7522_2018-08.tif,train
MW0340796,mappingafrica,v2.0.0,MW,35.3515,-15.5675,0.5474330357142857,0.4525669642857143,0.0,,mappingafrica-256/images/MW0340796_2019-08.tif,mappingafrica-256/labels/MW0340796_23101_2019-08.tif,train
MW0341818,mappingafrica,v2.0.0,MW,34.9065,-15.5875,0.0204081632653061,0.979591836734694,0.0,,mappingafrica-256/images/MW0341818_2018-08.tif,mappingafrica-256/labels/MW0341818_39320_2018-08.tif,train
MW0344469,mappingafrica,v2.0.0,MW,35.6415,-15.6325,0.534797512755102,0.465202487244898,0.0,,mappingafrica-256/images/MW0344469_2020-09.tif,mappingafrica-256/labels/MW0344469_23105_2020-09.tif,validate
MW0345088,mappingafrica,v2.0.0,MW,34.5365,-15.6475,0.1377152423469387,0.8622847576530613,0.0,,mappingafrica-256/images/MW0345088_2023-09.tif,mappingafrica-256/labels/MW0345088_36968_2023-09.tif,train
MW0348499,mappingafrica,v2.0.0,MW,34.4965,-15.7075,0.7117546237244898,0.2882453762755101,0.0,,mappingafrica-256/images/MW0348499_2019-08.tif,mappingafrica-256/labels/MW0348499_36207_2019-08.tif,test
MW0352491,mappingafrica,v2.0.0,MW,35.2065,-15.7725,0.7312460140306123,0.2687539859693877,0.0,,mappingafrica-256/images/MW0352491_2017-08.tif,mappingafrica-256/labels/MW0352491_24188_2017-08.tif,train
MW0353268,mappingafrica,v2.0.0,MW,34.4865,-15.7875,0.7628348214285714,0.2371651785714286,0.0,,mappingafrica-256/images/MW0353268_2021-09.tif,mappingafrica-256/labels/MW0353268_33591_2021-09.tif,train
MW0359956,mappingafrica,v2.0.0,MW,35.3165,-15.8925,0.0168805803571428,0.9831194196428572,0.0,,mappingafrica-256/images/MW0359956_2018-08.tif,mappingafrica-256/labels/MW0359956_15150_2018-08.tif,train
MW0366740,mappingafrica,v2.0.0,MW,35.3015,-16.0075,0.3223453443877551,0.6776546556122449,0.0,,mappingafrica-256/images/MW0366740_2019-08.tif,mappingafrica-256/labels/MW0366740_16129_2019-08.tif,validate
MW0375146,mappingafrica,v2.0.0,MW,34.7865,-16.1825,0.2037627551020408,0.7962372448979592,0.0,,mappingafrica-256/images/MW0375146_2021-09.tif,mappingafrica-256/labels/MW0375146_6506_2021-09.tif,train
MW0380671,mappingafrica,v2.0.0,MW,34.8515,-16.3525,0.1275510204081632,0.8724489795918368,0.0,,mappingafrica-256/images/MW0380671_2022-09.tif,mappingafrica-256/labels/MW0380671_38932_2022-09.tif,train
MW0382566,mappingafrica,v2.0.0,MW,34.8565,-16.4225,0.9484813456632653,0.0515186543367347,0.0,,mappingafrica-256/images/MW0382566_2021-09.tif,mappingafrica-256/labels/MW0382566_101106_2021-09.tif,train
MW0383894,mappingafrica,v2.0.0,MW,34.9665,-16.4775,0.1208745216836734,0.8791254783163266,0.0,,mappingafrica-256/images/MW0383894_2017-08.tif,mappingafrica-256/labels/MW0383894_36182_2017-08.tif,train
MZ0098985,mappingafrica,v2.0.0,MZ,40.4215,-11.7825,0.3281847895408163,0.6718152104591837,0.0,,mappingafrica-256/images/MZ0098985_2021-10.tif,mappingafrica-256/labels/MZ0098985_23114_2021-10.tif,train
MZ0381402,mappingafrica,v2.0.0,MZ,35.7215,-12.9525,0.257015306122449,0.7429846938775511,0.0,,mappingafrica-256/images/MZ0381402_2018-08.tif,mappingafrica-256/labels/MZ0381402_23120_2018-08.tif,test
MZ0392864,mappingafrica,v2.0.0,MZ,39.4065,-12.9975,0.4551179846938775,0.5448820153061225,0.0,,mappingafrica-256/images/MZ0392864_2017-08.tif,mappingafrica-256/labels/MZ0392864_8600_2017-08.tif,validate
MZ0396086,mappingafrica,v2.0.0,MZ,37.6165,-13.0125,0.5393016581632653,0.4606983418367347,0.0,,mappingafrica-256/images/MZ0396086_2021-09.tif,mappingafrica-256/labels/MZ0396086_40448_2021-09.tif,train
MZ0401247,mappingafrica,v2.0.0,MZ,39.5215,-13.0325,0.0991310586734693,0.9008689413265308,0.0,,mappingafrica-256/images/MZ0401247_2020-09.tif,mappingafrica-256/labels/MZ0401247_37333_2020-09.tif,train
MZ0415863,mappingafrica,v2.0.0,MZ,40.4365,-13.0925,0.8403818558673469,0.159618144132653,0.0,,mappingafrica-256/images/MZ0415863_2023-10.tif,mappingafrica-256/labels/MZ0415863_27289_2023-10.tif,test
MZ0420583,mappingafrica,v2.0.0,MZ,39.9765,-13.1125,0.064712213010204,0.935287786989796,0.0,,mappingafrica-256/images/MZ0420583_2018-08.tif,mappingafrica-256/labels/MZ0420583_23125_2018-08.tif,train
MZ0440197,mappingafrica,v2.0.0,MZ,35.6215,-13.1975,0.4702646683673469,0.5297353316326531,0.0,,mappingafrica-256/images/MZ0440197_2023-09.tif,mappingafrica-256/labels/MZ0440197_36582_2023-09.tif,train
MZ0448067,mappingafrica,v2.0.0,MZ,38.8415,-13.2275,0.200992506377551,0.7990074936224489,0.0,,mappingafrica-256/images/MZ0448067_2017-08.tif,mappingafrica-256/labels/MZ0448067_11938_2017-08.tif,train
MZ0460131,mappingafrica,v2.0.0,MZ,38.8665,-13.2775,0.7468909438775511,0.2531090561224489,0.0,,mappingafrica-256/images/MZ0460131_2020-09.tif,mappingafrica-256/labels/MZ0460131_19101_2020-09.tif,train
MZ0468771,mappingafrica,v2.0.0,MZ,39.7915,-13.3125,0.1135004783163265,0.8864995216836735,0.0,,mappingafrica-256/images/MZ0468771_2020-10.tif,mappingafrica-256/labels/MZ0468771_6509_2020-10.tif,train
MZ0486837,mappingafrica,v2.0.0,MZ,39.2115,-13.3875,0.1806242028061224,0.8193757971938775,0.0,,mappingafrica-256/images/MZ0486837_2017-08.tif,mappingafrica-256/labels/MZ0486837_29713_2017-08.tif,train
MZ0496860,mappingafrica,v2.0.0,MZ,35.3015,-13.4325,0.7132692920918368,0.2867307079081632,0.0,,mappingafrica-256/images/MZ0496860_2021-09.tif,mappingafrica-256/labels/MZ0496860_3229_2021-09.tif,train
MZ0502555,mappingafrica,v2.0.0,MZ,39.9215,-13.4525,0.1103515625,0.8896484375,0.0,,mappingafrica-256/images/MZ0502555_2019-08.tif,mappingafrica-256/labels/MZ0502555_10769_2019-08.tif,train
MZ0503435,mappingafrica,v2.0.0,MZ,38.3665,-13.4575,0.5268455038265306,0.4731544961734694,0.0,,mappingafrica-256/images/MZ0503435_2017-08.tif,mappingafrica-256/labels/MZ0503435_27293_2017-08.tif,train
MZ0516129,mappingafrica,v2.0.0,MZ,38.3465,-13.5125,0.2720822704081632,0.7279177295918369,0.0,,mappingafrica-256/images/MZ0516129_2017-08.tif,mappingafrica-256/labels/MZ0516129_23134_2017-08.tif,train
MZ0524097,mappingafrica,v2.0.0,MZ,38.8515,-13.5475,0.6898915816326531,0.3101084183673469,0.0,,mappingafrica-256/images/MZ0524097_2018-08.tif,mappingafrica-256/labels/MZ0524097_23138_2018-08.tif,train
MZ0524265,mappingafrica,v2.0.0,MZ,39.6915,-13.5475,0.9508928571428572,0.0491071428571427,0.0,,mappingafrica-256/images/MZ0524265_2021-09.tif,mappingafrica-256/labels/MZ0524265_23140_2021-09.tif,train
MZ0528859,mappingafrica,v2.0.0,MZ,40.0815,-13.5675,0.08984375,0.91015625,0.0,,mappingafrica-256/images/MZ0528859_2017-08.tif,mappingafrica-256/labels/MZ0528859_14279_2017-08.tif,train
MZ0606364,mappingafrica,v2.0.0,MZ,39.8715,-13.9225,0.7782206632653061,0.2217793367346938,0.0,,mappingafrica-256/images/MZ0606364_2018-08.tif,mappingafrica-256/labels/MZ0606364_9702_2018-08.tif,train
MZ0608505,mappingafrica,v2.0.0,MZ,39.8665,-13.9325,0.1446308992346938,0.8553691007653061,0.0,,mappingafrica-256/images/MZ0608505_2018-08.tif,mappingafrica-256/labels/MZ0608505_3239_2018-08.tif,train
MZ0648905,mappingafrica,v2.0.0,MZ,35.5915,-14.1225,0.5169204400510204,0.4830795599489795,0.0,,mappingafrica-256/images/MZ0648905_2022-09.tif,mappingafrica-256/labels/MZ0648905_100068_2022-09.tif,train
MZ0656185,mappingafrica,v2.0.0,MZ,38.2115,-14.1525,0.0317283163265306,0.9682716836734694,0.0,,mappingafrica-256/images/MZ0656185_2022-09.tif,mappingafrica-256/labels/MZ0656185_17134_2022-09.tif,train
MZ0657950,mappingafrica,v2.0.0,MZ,35.7815,-14.1625,0.6391103316326531,0.3608896683673469,0.0,,mappingafrica-256/images/MZ0657950_2018-08.tif,mappingafrica-256/labels/MZ0657950_23152_2018-08.tif,train
MZ0671748,mappingafrica,v2.0.0,MZ,33.3215,-14.2225,0.6684869260204082,0.3315130739795918,0.0,,mappingafrica-256/images/MZ0671748_2020-09.tif,mappingafrica-256/labels/MZ0671748_9704_2020-09.tif,test
MZ0672542,mappingafrica,v2.0.0,MZ,39.4115,-14.2225,0.5787627551020408,0.4212372448979592,0.0,,mappingafrica-256/images/MZ0672542_2017-08.tif,mappingafrica-256/labels/MZ0672542_36467_2017-08.tif,validate
MZ0673244,mappingafrica,v2.0.0,MZ,36.9265,-14.2275,0.3276267538265306,0.6723732461734694,0.0,,mappingafrica-256/images/MZ0673244_2018-08.tif,mappingafrica-256/labels/MZ0673244_23157_2018-08.tif,train
MZ0673249,mappingafrica,v2.0.0,MZ,36.9515,-14.2275,0.5412547831632653,0.4587452168367347,0.0,,mappingafrica-256/images/MZ0673249_2022-09.tif,mappingafrica-256/labels/MZ0673249_6516_2022-09.tif,train
MZ0677148,mappingafrica,v2.0.0,MZ,38.4115,-14.2425,0.7999441964285714,0.2000558035714286,0.0,,mappingafrica-256/images/MZ0677148_2023-09.tif,mappingafrica-256/labels/MZ0677148_38473_2023-09.tif,validate
MZ0688841,mappingafrica,v2.0.0,MZ,35.6015,-14.2925,0.2198461415816326,0.7801538584183674,0.0,,mappingafrica-256/images/MZ0688841_2017-08.tif,mappingafrica-256/labels/MZ0688841_10778_2017-08.tif,train
MZ0698699,mappingafrica,v2.0.0,MZ,32.3015,-14.3325,0.0306321747448979,0.969367825255102,0.0,,mappingafrica-256/images/MZ0698699_2019-08.tif,mappingafrica-256/labels/MZ0698699_19103_2019-08.tif,train
MZ0708947,mappingafrica,v2.0.0,MZ,32.3015,-14.3725,0.5661272321428571,0.4338727678571429,0.0,,mappingafrica-256/images/MZ0708947_2021-09.tif,mappingafrica-256/labels/MZ0708947_17136_2021-09.tif,validate
MZ0710009,mappingafrica,v2.0.0,MZ,39.7615,-14.3725,0.0862165178571428,0.9137834821428572,0.0,,mappingafrica-256/images/MZ0710009_2018-08.tif,mappingafrica-256/labels/MZ0710009_3246_2018-08.tif,train
MZ0715879,mappingafrica,v2.0.0,MZ,36.8015,-14.3975,0.6196189413265306,0.3803810586734694,0.0,,mappingafrica-256/images/MZ0715879_2020-09.tif,mappingafrica-256/labels/MZ0715879_8619_2020-09.tif,test
MZ0721848,mappingafrica,v2.0.0,MZ,39.9315,-14.4175,0.6843311543367347,0.3156688456632652,0.0,,mappingafrica-256/images/MZ0721848_2017-08.tif,mappingafrica-256/labels/MZ0721848_4300_2017-08.tif,test
MZ0728462,mappingafrica,v2.0.0,MZ,38.3265,-14.4425,0.2300701530612245,0.7699298469387755,0.0,,mappingafrica-256/images/MZ0728462_2018-08.tif,mappingafrica-256/labels/MZ0728462_14113_2018-08.tif,train
MZ0728582,mappingafrica,v2.0.0,MZ,38.9265,-14.4425,0.7315051020408163,0.2684948979591837,0.0,,mappingafrica-256/images/MZ0728582_2023-09.tif,mappingafrica-256/labels/MZ0728582_38022_2023-09.tif,train
MZ0745079,mappingafrica,v2.0.0,MZ,40.7265,-14.4975,0.2249681122448979,0.7750318877551021,0.0,,mappingafrica-256/images/MZ0745079_2018-08.tif,mappingafrica-256/labels/MZ0745079_14114_2018-08.tif,train
MZ0750559,mappingafrica,v2.0.0,MZ,37.3865,-14.5175,0.4424426020408163,0.5575573979591837,0.0,,mappingafrica-256/images/MZ0750559_2020-09.tif,mappingafrica-256/labels/MZ0750559_3249_2020-09.tif,train
MZ0751711,mappingafrica,v2.0.0,MZ,34.1265,-14.5225,0.1133808992346938,0.8866191007653061,0.0,,mappingafrica-256/images/MZ0751711_2017-08.tif,mappingafrica-256/labels/MZ0751711_14116_2017-08.tif,train
MZ0765208,mappingafrica,v2.0.0,MZ,40.0315,-14.5625,0.1144571109693877,0.8855428890306123,0.0,,mappingafrica-256/images/MZ0765208_2021-09.tif,mappingafrica-256/labels/MZ0765208_3802_2021-09.tif,train
MZ0773807,mappingafrica,v2.0.0,MZ,33.9865,-14.5925,0.8075175382653061,0.1924824617346938,0.0,,mappingafrica-256/images/MZ0773807_2019-08.tif,mappingafrica-256/labels/MZ0773807_23174_2019-08.tif,train
MZ0787611,mappingafrica,v2.0.0,MZ,39.8565,-14.6325,0.2458545918367347,0.7541454081632653,0.0,,mappingafrica-256/images/MZ0787611_2018-08.tif,mappingafrica-256/labels/MZ0787611_37327_2018-08.tif,train
MZ0798419,mappingafrica,v2.0.0,MZ,36.5365,-14.6675,0.4705636160714285,0.5294363839285715,0.0,,mappingafrica-256/images/MZ0798419_2019-08.tif,mappingafrica-256/labels/MZ0798419_4769_2019-08.tif,test
MZ0810069,mappingafrica,v2.0.0,MZ,36.5515,-14.7025,0.1769969706632653,0.8230030293367347,0.0,,mappingafrica-256/images/MZ0810069_2019-08.tif,mappingafrica-256/labels/MZ0810069_19108_2019-08.tif,train
MZ0816575,mappingafrica,v2.0.0,MZ,34.0815,-14.7225,0.7258250956632653,0.2741749043367347,0.0,,mappingafrica-256/images/MZ0816575_2020-09.tif,mappingafrica-256/labels/MZ0816575_27306_2020-09.tif,test
MZ0817527,mappingafrica,v2.0.0,MZ,40.1665,-14.7225,0.126773756377551,0.8732262436224489,0.0,,mappingafrica-256/images/MZ0817527_2020-09.tif,mappingafrica-256/labels/MZ0817527_20109_2020-09.tif,train
MZ0820922,mappingafrica,v2.0.0,MZ,40.1765,-14.7325,0.5027104591836735,0.4972895408163265,0.0,,mappingafrica-256/images/MZ0820922_2018-08.tif,mappingafrica-256/labels/MZ0820922_23180_2018-08.tif,train
MZ0822847,mappingafrica,v2.0.0,MZ,31.4215,-14.7425,0.6420798788265306,0.3579201211734694,0.0,,mappingafrica-256/images/MZ0822847_2017-08.tif,mappingafrica-256/labels/MZ0822847_27307_2017-08.tif,train
MZ0825024,mappingafrica,v2.0.0,MZ,33.7515,-14.7475,0.2265824298469387,0.7734175701530613,0.0,,mappingafrica-256/images/MZ0825024_2021-09.tif,mappingafrica-256/labels/MZ0825024_30000_2021-09.tif,train
MZ0827517,mappingafrica,v2.0.0,MZ,38.9615,-14.7525,0.3238998724489796,0.6761001275510203,0.0,,mappingafrica-256/images/MZ0827517_2018-08.tif,mappingafrica-256/labels/MZ0827517_7544_2018-08.tif,validate
MZ0831478,mappingafrica,v2.0.0,MZ,31.5665,-14.7675,0.703483737244898,0.296516262755102,0.0,,mappingafrica-256/images/MZ0831478_2023-09.tif,mappingafrica-256/labels/MZ0831478_31393_2023-09.tif,test
MZ0849468,mappingafrica,v2.0.0,MZ,33.9515,-14.8175,0.5131935586734694,0.4868064413265306,0.0,,mappingafrica-256/images/MZ0849468_2018-08.tif,mappingafrica-256/labels/MZ0849468_5430_2018-08.tif,train
MZ0852419,mappingafrica,v2.0.0,MZ,31.0065,-14.8275,0.4145208864795918,0.5854791135204083,0.0,,mappingafrica-256/images/MZ0852419_2022-09.tif,mappingafrica-256/labels/MZ0852419_18087_2022-09.tif,train
MZ0858967,mappingafrica,v2.0.0,MZ,38.4565,-14.8425,0.2554209183673469,0.7445790816326531,0.0,,mappingafrica-256/images/MZ0858967_2018-08.tif,mappingafrica-256/labels/MZ0858967_9708_2018-08.tif,train
MZ0859275,mappingafrica,v2.0.0,MZ,39.9965,-14.8425,0.2768056441326531,0.7231943558673469,0.0,,mappingafrica-256/images/MZ0859275_2019-08.tif,mappingafrica-256/labels/MZ0859275_23190_2019-08.tif,test
MZ0860398,mappingafrica,v2.0.0,MZ,36.7365,-14.8475,0.4594228316326531,0.5405771683673469,0.0,,mappingafrica-256/images/MZ0860398_2023-09.tif,mappingafrica-256/labels/MZ0860398_33559_2023-09.tif,train
MZ0865534,mappingafrica,v2.0.0,MZ,34.4665,-14.8625,0.1964684311224489,0.8035315688775511,0.0,,mappingafrica-256/images/MZ0865534_2020-09.tif,mappingafrica-256/labels/MZ0865534_34304_2020-09.tif,train
MZ0876631,mappingafrica,v2.0.0,MZ,37.9365,-14.8925,0.0796795280612244,0.9203204719387756,0.0,,mappingafrica-256/images/MZ0876631_2018-08.tif,mappingafrica-256/labels/MZ0876631_5431_2018-08.tif,train
MZ0903274,mappingafrica,v2.0.0,MZ,36.6065,-14.9675,0.9211973852040816,0.0788026147959184,0.0,,mappingafrica-256/images/MZ0903274_2023-09.tif,mappingafrica-256/labels/MZ0903274_35430_2023-09.tif,train
MZ0907298,mappingafrica,v2.0.0,MZ,38.3765,-14.9775,0.4237085459183674,0.5762914540816326,0.0,,mappingafrica-256/images/MZ0907298_2020-09.tif,mappingafrica-256/labels/MZ0907298_19111_2020-09.tif,validate
MZ0922362,mappingafrica,v2.0.0,MZ,39.8465,-15.0175,0.1216318558673469,0.8783681441326531,0.0,,mappingafrica-256/images/MZ0922362_2022-09.tif,mappingafrica-256/labels/MZ0922362_6525_2022-09.tif,train
MZ0934346,mappingafrica,v2.0.0,MZ,33.9665,-15.0525,0.0429288903061224,0.9570711096938777,0.0,,mappingafrica-256/images/MZ0934346_2019-08.tif,mappingafrica-256/labels/MZ0934346_6527_2019-08.tif,train
MZ0942352,mappingafrica,v2.0.0,MZ,38.3565,-15.0725,0.6475805165816326,0.3524194834183674,0.0,,mappingafrica-256/images/MZ0942352_2017-08.tif,mappingafrica-256/labels/MZ0942352_15167_2017-08.tif,train
MZ0946066,mappingafrica,v2.0.0,MZ,38.4465,-15.0825,0.3138751594387755,0.6861248405612246,0.0,,mappingafrica-256/images/MZ0946066_2019-08.tif,mappingafrica-256/labels/MZ0946066_17142_2019-08.tif,train
MZ0964559,mappingafrica,v2.0.0,MZ,39.2515,-15.1325,0.0109813456632653,0.9890186543367347,0.0,,mappingafrica-256/images/MZ0964559_2017-08.tif,mappingafrica-256/labels/MZ0964559_31981_2017-08.tif,train
MZ0969871,mappingafrica,v2.0.0,MZ,38.5815,-15.1475,0.5768096301020408,0.4231903698979592,0.0,,mappingafrica-256/images/MZ0969871_2020-09.tif,mappingafrica-256/labels/MZ0969871_24471_2020-09.tif,train
MZ0977519,mappingafrica,v2.0.0,MZ,40.4315,-15.1675,0.2407126913265306,0.7592873086734694,0.0,,mappingafrica-256/images/MZ0977519_2018-08.tif,mappingafrica-256/labels/MZ0977519_23209_2018-08.tif,train
MZ0980746,mappingafrica,v2.0.0,MZ,38.3215,-15.1775,0.0247130102040816,0.9752869897959184,0.0,,mappingafrica-256/images/MZ0980746_2020-09.tif,mappingafrica-256/labels/MZ0980746_6530_2020-09.tif,train
MZ0982214,mappingafrica,v2.0.0,MZ,36.5565,-15.1825,0.5307318239795918,0.4692681760204081,0.0,,mappingafrica-256/images/MZ0982214_2018-08.tif,mappingafrica-256/labels/MZ0982214_6532_2018-08.tif,validate
MZ0984187,mappingafrica,v2.0.0,MZ,37.3015,-15.1875,0.6732900191326531,0.3267099808673469,0.0,,mappingafrica-256/images/MZ0984187_2023-09.tif,mappingafrica-256/labels/MZ0984187_34564_2023-09.tif,train
MZ0984545,mappingafrica,v2.0.0,MZ,39.0915,-15.1875,0.7079280931122449,0.2920719068877551,0.0,,mappingafrica-256/images/MZ0984545_2018-08.tif,mappingafrica-256/labels/MZ0984545_19115_2018-08.tif,train
MZ0993191,mappingafrica,v2.0.0,MZ,36.4615,-15.2125,0.5679408482142857,0.4320591517857143,0.0,,mappingafrica-256/images/MZ0993191_2022-09.tif,mappingafrica-256/labels/MZ0993191_23880_2022-09.tif,validate
MZ0993432,mappingafrica,v2.0.0,MZ,37.6665,-15.2125,0.3521603954081632,0.6478396045918369,0.0,,mappingafrica-256/images/MZ0993432_2019-08.tif,mappingafrica-256/labels/MZ0993432_100895_2019-08.tif,train
MZ0994929,mappingafrica,v2.0.0,MZ,35.9565,-15.2175,0.8252750318877551,0.1747249681122449,0.0,,mappingafrica-256/images/MZ0994929_2017-08.tif,mappingafrica-256/labels/MZ0994929_23211_2017-08.tif,train
MZ0998712,mappingafrica,v2.0.0,MZ,36.4815,-15.2275,0.5382254464285714,0.4617745535714286,0.0,,mappingafrica-256/images/MZ0998712_2018-08.tif,mappingafrica-256/labels/MZ0998712_9714_2018-08.tif,train
MZ1000432,mappingafrica,v2.0.0,MZ,35.8865,-15.2325,0.8457230548469388,0.1542769451530612,0.0,,mappingafrica-256/images/MZ1000432_2023-09.tif,mappingafrica-256/labels/MZ1000432_34375_2023-09.tif,train
MZ1008286,mappingafrica,v2.0.0,MZ,38.3915,-15.2525,0.5050422512755102,0.4949577487244898,0.0,,mappingafrica-256/images/MZ1008286_2021-09.tif,mappingafrica-256/labels/MZ1008286_14125_2021-09.tif,train
MZ1011903,mappingafrica,v2.0.0,MZ,38.1215,-15.2625,0.1974051339285714,0.8025948660714286,0.0,,mappingafrica-256/images/MZ1011903_2017-08.tif,mappingafrica-256/labels/MZ1011903_3814_2017-08.tif,train
MZ1031789,mappingafrica,v2.0.0,MZ,37.4565,-15.3175,0.8319714604591837,0.1680285395408163,0.0,,mappingafrica-256/images/MZ1031789_2019-08.tif,mappingafrica-256/labels/MZ1031789_24495_2019-08.tif,train
MZ1052311,mappingafrica,v2.0.0,MZ,31.3215,-15.3775,0.3703962053571428,0.6296037946428572,0.0,,mappingafrica-256/images/MZ1052311_2018-08.tif,mappingafrica-256/labels/MZ1052311_10794_2018-08.tif,train
MZ1107712,mappingafrica,v2.0.0,MZ,36.9165,-15.5325,0.1503308354591837,0.8496691645408163,0.0,,mappingafrica-256/images/MZ1107712_2017-08.tif,mappingafrica-256/labels/MZ1107712_4309_2017-08.tif,train
MZ1108416,mappingafrica,v2.0.0,MZ,40.4365,-15.5325,0.3794842155612244,0.6205157844387756,0.0,,mappingafrica-256/images/MZ1108416_2017-08.tif,mappingafrica-256/labels/MZ1108416_23223_2017-08.tif,train
MZ1113349,mappingafrica,v2.0.0,MZ,38.8415,-15.5475,0.1311981823979592,0.8688018176020408,0.0,,mappingafrica-256/images/MZ1113349_2023-09.tif,mappingafrica-256/labels/MZ1113349_35448_2023-09.tif,train
MZ1124933,mappingafrica,v2.0.0,MZ,34.3815,-15.5825,0.2023477359693877,0.7976522640306123,0.0,,mappingafrica-256/images/MZ1124933_2020-09.tif,mappingafrica-256/labels/MZ1124933_9721_2020-09.tif,train
MZ1142782,mappingafrica,v2.0.0,MZ,38.6565,-15.6325,0.0854990433673469,0.9145009566326532,0.0,,mappingafrica-256/images/MZ1142782_2018-08.tif,mappingafrica-256/labels/MZ1142782_36317_2018-08.tif,train
MZ1156050,mappingafrica,v2.0.0,MZ,36.4315,-15.6725,0.5624601403061225,0.4375398596938775,0.0,,mappingafrica-256/images/MZ1156050_2023-09.tif,mappingafrica-256/labels/MZ1156050_27321_2023-09.tif,train
MZ1157519,mappingafrica,v2.0.0,MZ,33.8165,-15.6775,0.0215441645408163,0.9784558354591836,0.0,,mappingafrica-256/images/MZ1157519_2020-09.tif,mappingafrica-256/labels/MZ1157519_11959_2020-09.tif,train
MZ1158301,mappingafrica,v2.0.0,MZ,39.1515,-15.6775,0.1617107780612245,0.8382892219387755,0.0,,mappingafrica-256/images/MZ1158301_2018-08.tif,mappingafrica-256/labels/MZ1158301_33027_2018-08.tif,train
MZ1169569,mappingafrica,v2.0.0,MZ,35.9265,-15.7125,0.7856943558673469,0.214305644132653,0.0,,mappingafrica-256/images/MZ1169569_2021-09.tif,mappingafrica-256/labels/MZ1169569_23231_2021-09.tif,train
MZ1230137,mappingafrica,v2.0.0,MZ,38.9165,-15.8925,0.450813137755102,0.549186862244898,0.0,,mappingafrica-256/images/MZ1230137_2017-08.tif,mappingafrica-256/labels/MZ1230137_20112_2017-08.tif,train
MZ1246211,mappingafrica,v2.0.0,MZ,37.0465,-15.9425,0.9382573341836736,0.0617426658163263,0.0,,mappingafrica-256/images/MZ1246211_2017-08.tif,mappingafrica-256/labels/MZ1246211_23240_2017-08.tif,train
MZ1265895,mappingafrica,v2.0.0,MZ,37.2715,-16.0025,0.1832549426020408,0.8167450573979592,0.0,,mappingafrica-256/images/MZ1265895_2022-09.tif,mappingafrica-256/labels/MZ1265895_5443_2022-09.tif,train
MZ1266498,mappingafrica,v2.0.0,MZ,31.3365,-16.0075,0.3504264987244898,0.6495735012755102,0.0,,mappingafrica-256/images/MZ1266498_2017-08.tif,mappingafrica-256/labels/MZ1266498_10798_2017-08.tif,train
MZ1271964,mappingafrica,v2.0.0,MZ,37.6565,-16.0225,0.1832748724489795,0.8167251275510206,0.0,,mappingafrica-256/images/MZ1271964_2018-08.tif,mappingafrica-256/labels/MZ1271964_6536_2018-08.tif,validate
MZ1287427,mappingafrica,v2.0.0,MZ,31.6865,-16.0775,0.1147759885204081,0.885224011479592,0.0,,mappingafrica-256/images/MZ1287427_2019-08.tif,mappingafrica-256/labels/MZ1287427_11960_2019-08.tif,validate
MZ1302904,mappingafrica,v2.0.0,MZ,35.5715,-16.1275,0.6555524553571429,0.3444475446428571,0.0,,mappingafrica-256/images/MZ1302904_2021-09.tif,mappingafrica-256/labels/MZ1302904_35329_2021-09.tif,train
MZ1375625,mappingafrica,v2.0.0,MZ,37.7715,-16.3725,0.2926897321428571,0.7073102678571429,0.0,,mappingafrica-256/images/MZ1375625_2017-08.tif,mappingafrica-256/labels/MZ1375625_20119_2017-08.tif,train
MZ1431792,mappingafrica,v2.0.0,MZ,34.4315,-16.5775,0.5050422512755102,0.4949577487244898,0.0,,mappingafrica-256/images/MZ1431792_2019-08.tif,mappingafrica-256/labels/MZ1431792_36692_2019-08.tif,train
MZ1491299,mappingafrica,v2.0.0,MZ,36.8215,-16.8125,0.2572146045918367,0.7427853954081634,0.0,,mappingafrica-256/images/MZ1491299_2023-09.tif,mappingafrica-256/labels/MZ1491299_36465_2023-09.tif,train
MZ1534481,mappingafrica,v2.0.0,MZ,38.7415,-16.9875,0.7969148596938775,0.2030851403061224,0.0,,mappingafrica-256/images/MZ1534481_2018-08.tif,mappingafrica-256/labels/MZ1534481_4322_2018-08.tif,train
MZ1538064,mappingafrica,v2.0.0,MZ,38.7365,-17.0025,0.4156768176020408,0.5843231823979592,0.0,,mappingafrica-256/images/MZ1538064_2018-08.tif,mappingafrica-256/labels/MZ1538064_3827_2018-08.tif,train
MZ1606156,mappingafrica,v2.0.0,MZ,37.2165,-17.3175,0.2897999043367347,0.7102000956632653,0.0,,mappingafrica-256/images/MZ1606156_2021-09.tif,mappingafrica-256/labels/MZ1606156_16152_2021-09.tif,train
MZ1609587,mappingafrica,v2.0.0,MZ,34.3365,-17.3375,0.3517219387755102,0.6482780612244898,0.0,,mappingafrica-256/images/MZ1609587_2021-07.tif,mappingafrica-256/labels/MZ1609587_17149_2021-07.tif,test
MZ1634377,mappingafrica,v2.0.0,MZ,37.4415,-17.4625,0.4005102040816326,0.5994897959183674,0.0,,mappingafrica-256/images/MZ1634377_2021-09.tif,mappingafrica-256/labels/MZ1634377_3285_2021-09.tif,train
MZ1654954,mappingafrica,v2.0.0,MZ,33.2365,-17.5775,0.9275350765306124,0.0724649234693876,0.0,,mappingafrica-256/images/MZ1654954_2017-08.tif,mappingafrica-256/labels/MZ1654954_23252_2017-08.tif,train
MZ1681104,mappingafrica,v2.0.0,MZ,37.0165,-17.7225,0.0174386160714285,0.9825613839285716,0.0,,mappingafrica-256/images/MZ1681104_2020-09.tif,mappingafrica-256/labels/MZ1681104_20808_2020-09.tif,train
MZ1737771,mappingafrica,v2.0.0,MZ,36.0615,-18.0675,0.4780771683673469,0.5219228316326531,0.0,,mappingafrica-256/images/MZ1737771_2021-09.tif,mappingafrica-256/labels/MZ1737771_39040_2021-09.tif,train
MZ1855031,mappingafrica,v2.0.0,MZ,33.2365,-18.8725,0.8273278061224489,0.172672193877551,0.0,,mappingafrica-256/images/MZ1855031_2023-09.tif,mappingafrica-256/labels/MZ1855031_35429_2023-09.tif,train
MZ1859321,mappingafrica,v2.0.0,MZ,33.3865,-18.9025,0.4947385204081632,0.5052614795918369,0.0,,mappingafrica-256/images/MZ1859321_2017-08.tif,mappingafrica-256/labels/MZ1859321_13062_2017-08.tif,train
MZ1865311,mappingafrica,v2.0.0,MZ,33.2215,-18.9475,0.4924864477040816,0.5075135522959184,0.0,,mappingafrica-256/images/MZ1865311_2018-08.tif,mappingafrica-256/labels/MZ1865311_10804_2018-08.tif,train
MZ1867891,mappingafrica,v2.0.0,MZ,33.1915,-18.9675,0.6200374681122449,0.3799625318877551,0.0,,mappingafrica-256/images/MZ1867891_2020-09.tif,mappingafrica-256/labels/MZ1867891_9730_2020-09.tif,train
MZ1898631,mappingafrica,v2.0.0,MZ,33.0315,-19.2325,0.4219945790816326,0.5780054209183674,0.0,,mappingafrica-256/images/MZ1898631_2021-09.tif,mappingafrica-256/labels/MZ1898631_11968_2021-09.tif,train
MZ1900390,mappingafrica,v2.0.0,MZ,33.5665,-19.2475,0.4282724808673469,0.5717275191326531,0.0,,mappingafrica-256/images/MZ1900390_2017-08.tif,mappingafrica-256/labels/MZ1900390_23265_2017-08.tif,train
MZ1906873,mappingafrica,v2.0.0,MZ,33.4965,-19.3075,0.5457589285714286,0.4542410714285714,0.0,,mappingafrica-256/images/MZ1906873_2019-08.tif,mappingafrica-256/labels/MZ1906873_24576_2019-08.tif,train
MZ1991343,mappingafrica,v2.0.0,MZ,33.5765,-20.3125,0.4993423150510204,0.5006576849489797,0.0,,mappingafrica-256/images/MZ1991343_2017-08.tif,mappingafrica-256/labels/MZ1991343_11970_2017-08.tif,train
MZ2162385,mappingafrica,v2.0.0,MZ,34.0565,-21.9125,0.6711375956632653,0.3288624043367347,0.0,,mappingafrica-256/images/MZ2162385_2020-07.tif,mappingafrica-256/labels/MZ2162385_29254_2020-07.tif,train
MZ2426684,mappingafrica,v2.0.0,MZ,32.4765,-23.5775,0.3536551339285714,0.6463448660714286,0.0,,mappingafrica-256/images/MZ2426684_2020-07.tif,mappingafrica-256/labels/MZ2426684_11971_2020-07.tif,train
MZ2606157,mappingafrica,v2.0.0,MZ,33.6515,-24.9175,0.2168367346938775,0.7831632653061225,0.0,,mappingafrica-256/images/MZ2606157_2020-07.tif,mappingafrica-256/labels/MZ2606157_16159_2020-07.tif,train
MZ2607946,mappingafrica,v2.0.0,MZ,33.4215,-24.9375,0.7116151147959183,0.2883848852040817,0.0,,mappingafrica-256/images/MZ2607946_2020-07.tif,mappingafrica-256/labels/MZ2607946_19124_2020-07.tif,train
MZ2619389,mappingafrica,v2.0.0,MZ,33.6115,-25.0775,0.9755859375,0.0244140625,0.0,,mappingafrica-256/images/MZ2619389_2022-07.tif,mappingafrica-256/labels/MZ2619389_8639_2022-07.tif,train
MZ2625301,mappingafrica,v2.0.0,MZ,32.5315,-25.1675,0.752570950255102,0.247429049744898,0.0,,mappingafrica-256/images/MZ2625301_2019-08.tif,mappingafrica-256/labels/MZ2625301_17154_2019-08.tif,train
MZ2658561,mappingafrica,v2.0.0,MZ,32.5365,-26.0525,0.1196986607142857,0.8803013392857143,0.0,,mappingafrica-256/images/MZ2658561_2023-10.tif,mappingafrica-256/labels/MZ2658561_34978_2023-10.tif,train
MZ2658981,mappingafrica,v2.0.0,MZ,32.3865,-26.0725,0.0741788903061224,0.9258211096938777,0.0,,mappingafrica-256/images/MZ2658981_2021-10.tif,mappingafrica-256/labels/MZ2658981_6549_2021-10.tif,test
NA0072837,mappingafrica,v2.0.0,,15.8565,-17.5725,0.9042769451530612,0.0957230548469387,0.0,,mappingafrica-256/images/NA0072837_2022-10.tif,mappingafrica-256/labels/NA0072837_19131_2022-10.tif,train
NA0076043,mappingafrica,v2.0.0,,15.7615,-17.5825,0.2091836734693877,0.7908163265306123,0.0,,mappingafrica-256/images/NA0076043_2017-08.tif,mappingafrica-256/labels/NA0076043_13070_2017-08.tif,train
NA0097756,mappingafrica,v2.0.0,,15.6665,-17.6475,0.4295479910714285,0.5704520089285715,0.0,,mappingafrica-256/images/NA0097756_2023-10.tif,mappingafrica-256/labels/NA0097756_32247_2023-10.tif,test
NA0108809,mappingafrica,v2.0.0,,18.6515,-17.6775,0.2533083545918367,0.7466916454081634,0.0,,mappingafrica-256/images/NA0108809_2023-07.tif,mappingafrica-256/labels/NA0108809_36539_2023-07.tif,validate
NA0120753,mappingafrica,v2.0.0,,15.8915,-17.7125,0.0923549107142857,0.9076450892857144,0.0,,mappingafrica-256/images/NA0120753_2018-08.tif,mappingafrica-256/labels/NA0120753_23291_2018-08.tif,test
NA0120932,mappingafrica,v2.0.0,,16.7865,-17.7125,0.0620615433673469,0.9379384566326532,0.0,,mappingafrica-256/images/NA0120932_2018-08.tif,mappingafrica-256/labels/NA0120932_24743_2018-08.tif,train
NA0143074,mappingafrica,v2.0.0,,16.0365,-17.7725,0.6152543048469388,0.3847456951530612,0.0,,mappingafrica-256/images/NA0143074_2018-08.tif,mappingafrica-256/labels/NA0143074_29006_2018-08.tif,train
NA0183408,mappingafrica,v2.0.0,,19.3815,-17.8725,0.7657047193877551,0.2342952806122449,0.0,,mappingafrica-256/images/NA0183408_2017-08.tif,mappingafrica-256/labels/NA0183408_8644_2017-08.tif,train
NA0216483,mappingafrica,v2.0.0,,15.8365,-17.9475,0.1134008290816326,0.8865991709183674,0.0,,mappingafrica-256/images/NA0216483_2020-02.tif,mappingafrica-256/labels/NA0216483_3861_2020-02.tif,test
NA0250959,mappingafrica,v2.0.0,,19.6015,-18.0175,0.7461336096938775,0.2538663903061224,0.0,,mappingafrica-256/images/NA0250959_2021-06.tif,mappingafrica-256/labels/NA0250959_23303_2021-06.tif,train
NA0288483,mappingafrica,v2.0.0,,16.9165,-18.0975,0.2591477997448979,0.7408522002551021,0.0,,mappingafrica-256/images/NA0288483_2022-01.tif,mappingafrica-256/labels/NA0288483_7577_2022-01.tif,train
NA0294018,mappingafrica,v2.0.0,,21.5265,-18.1075,0.7317442602040817,0.2682557397959183,0.0,,mappingafrica-256/images/NA0294018_2017-08.tif,mappingafrica-256/labels/NA0294018_2159_2017-08.tif,train
NA0434299,mappingafrica,v2.0.0,,17.0665,-18.4575,0.0864556760204081,0.913544323979592,0.0,,mappingafrica-256/images/NA0434299_2021-07.tif,mappingafrica-256/labels/NA0434299_15188_2021-07.tif,validate
NA0468936,mappingafrica,v2.0.0,,19.3515,-18.5525,0.6199178890306123,0.3800821109693877,0.0,,mappingafrica-256/images/NA0468936_2020-07.tif,mappingafrica-256/labels/NA0468936_17159_2020-07.tif,train
NA0826355,mappingafrica,v2.0.0,,17.9915,-19.6075,0.6843510841836735,0.3156489158163265,0.0,,mappingafrica-256/images/NA0826355_2023-06.tif,mappingafrica-256/labels/NA0826355_33091_2023-06.tif,train
NE2968377,mappingafrica,v2.0.0,NE,5.6065,15.1575,0.1982421875,0.8017578125,0.0,,mappingafrica-256/images/NE2968377_2018-02.tif,mappingafrica-256/labels/NE2968377_39982_2018-02.tif,train
NE2983754,mappingafrica,v2.0.0,NE,5.6665,15.1275,0.6200374681122449,0.3799625318877551,0.0,,mappingafrica-256/images/NE2983754_2022-04.tif,mappingafrica-256/labels/NE2983754_7581_2022-04.tif,train
NE3128658,mappingafrica,v2.0.0,NE,5.1065,14.8525,0.8539341517857143,0.1460658482142857,0.0,,mappingafrica-256/images/NE3128658_2022-04.tif,mappingafrica-256/labels/NE3128658_102102_2022-04.tif,train
NE3161573,mappingafrica,v2.0.0,NE,6.4665,14.7925,0.9322783801020408,0.0677216198979592,0.0,,mappingafrica-256/images/NE3161573_2017-08.tif,mappingafrica-256/labels/NE3161573_9740_2017-08.tif,train
NE3185915,mappingafrica,v2.0.0,NE,5.7015,14.7475,0.8012197066326531,0.1987802933673469,0.0,,mappingafrica-256/images/NE3185915_2020-02.tif,mappingafrica-256/labels/NE3185915_10812_2020-02.tif,validate
NE3186038,mappingafrica,v2.0.0,NE,6.31649999999999,14.7475,0.4185666454081632,0.5814333545918369,0.0,,mappingafrica-256/images/NE3186038_2020-07.tif,mappingafrica-256/labels/NE3186038_7586_2020-07.tif,train
NE3208334,mappingafrica,v2.0.0,NE,8.8665,14.7075,0.2493223852040816,0.7506776147959184,0.0,,mappingafrica-256/images/NE3208334_2020-07.tif,mappingafrica-256/labels/NE3208334_13073_2020-07.tif,train
NE3237647,mappingafrica,v2.0.0,NE,6.3465,14.6525,0.6112882653061225,0.3887117346938775,0.0,,mappingafrica-256/images/NE3237647_2021-08.tif,mappingafrica-256/labels/NE3237647_23338_2021-08.tif,train
NE3259532,mappingafrica,v2.0.0,NE,7.7265,14.6125,0.9458306760204082,0.0541693239795918,0.0,,mappingafrica-256/images/NE3259532_2022-08.tif,mappingafrica-256/labels/NE3259532_32791_2022-08.tif,test
NE3286565,mappingafrica,v2.0.0,NE,7.6965,14.5625,0.4602598852040816,0.5397401147959184,0.0,,mappingafrica-256/images/NE3286565_2023-08.tif,mappingafrica-256/labels/NE3286565_30036_2023-08.tif,train
NE3313737,mappingafrica,v2.0.0,NE,8.3865,14.5125,0.4165736607142857,0.5834263392857143,0.0,,mappingafrica-256/images/NE3313737_2022-08.tif,mappingafrica-256/labels/NE3313737_23348_2022-08.tif,validate
NE3388102,mappingafrica,v2.0.0,NE,8.1615,14.3725,0.0607661033163265,0.9392338966836736,0.0,,mappingafrica-256/images/NE3388102_2017-08.tif,mappingafrica-256/labels/NE3388102_1573_2017-08.tif,train
NE3396134,mappingafrica,v2.0.0,NE,8.7565,14.3575,0.9948780293367347,0.0051219706632652,0.0,,mappingafrica-256/images/NE3396134_2017-08.tif,mappingafrica-256/labels/NE3396134_7589_2017-08.tif,train
NE3398805,mappingafrica,v2.0.0,NE,8.9615,14.3525,0.3840880102040816,0.6159119897959184,0.0,,mappingafrica-256/images/NE3398805_2021-08.tif,mappingafrica-256/labels/NE3398805_24972_2021-08.tif,train
NE3403874,mappingafrica,v2.0.0,NE,8.0315,14.3425,0.9856903698979592,0.0143096301020407,0.0,,mappingafrica-256/images/NE3403874_2023-08.tif,mappingafrica-256/labels/NE3403874_29542_2023-08.tif,train
NE3411748,mappingafrica,v2.0.0,NE,8.0015,14.3275,0.9479631696428572,0.0520368303571427,0.0,,mappingafrica-256/images/NE3411748_2018-08.tif,mappingafrica-256/labels/NE3411748_24020_2018-08.tif,train
NE3419601,mappingafrica,v2.0.0,NE,7.8665,14.3125,0.9866071428571428,0.0133928571428572,0.0,,mappingafrica-256/images/NE3419601_2022-08.tif,mappingafrica-256/labels/NE3419601_30342_2022-08.tif,train
NE3432919,mappingafrica,v2.0.0,NE,8.8065,14.2875,0.9246452487244898,0.0753547512755101,0.0,,mappingafrica-256/images/NE3432919_2021-12.tif,mappingafrica-256/labels/NE3432919_11983_2021-12.tif,train
NE3435690,mappingafrica,v2.0.0,NE,9.5365,14.2825,0.3674266581632653,0.6325733418367347,0.0,,mappingafrica-256/images/NE3435690_2020-12.tif,mappingafrica-256/labels/NE3435690_14151_2020-12.tif,train
NE3438126,mappingafrica,v2.0.0,NE,8.5965,14.2775,0.9832788584183674,0.0167211415816326,0.0,,mappingafrica-256/images/NE3438126_2018-08.tif,mappingafrica-256/labels/NE3438126_23370_2018-08.tif,train
NE3438392,mappingafrica,v2.0.0,NE,9.9265,14.2775,0.6138791454081632,0.3861208545918367,0.0,,mappingafrica-256/images/NE3438392_2017-08.tif,mappingafrica-256/labels/NE3438392_23372_2017-08.tif,train
NE3448550,mappingafrica,v2.0.0,NE,8.2315,14.2575,0.9507134885204082,0.0492865114795918,0.0,,mappingafrica-256/images/NE3448550_2023-08.tif,mappingafrica-256/labels/NE3448550_30443_2023-08.tif,train
NE3464706,mappingafrica,v2.0.0,NE,10.2265,14.2275,0.1872608418367347,0.8127391581632653,0.0,,mappingafrica-256/images/NE3464706_2020-02.tif,mappingafrica-256/labels/NE3464706_6557_2020-02.tif,train
NE3472156,mappingafrica,v2.0.0,NE,8.0465,14.2125,0.6203164859693877,0.3796835140306123,0.0,,mappingafrica-256/images/NE3472156_2018-08.tif,mappingafrica-256/labels/NE3472156_24979_2018-08.tif,validate
NE3503925,mappingafrica,v2.0.0,NE,8.8665,14.1525,0.2568359375,0.7431640625,0.0,,mappingafrica-256/images/NE3503925_2020-02.tif,mappingafrica-256/labels/NE3503925_23400_2020-02.tif,train
NE3521950,mappingafrica,v2.0.0,NE,6.7215,14.1175,0.3924984056122449,0.6075015943877551,0.0,,mappingafrica-256/images/NE3521950_2020-07.tif,mappingafrica-256/labels/NE3521950_17169_2020-07.tif,train
NE3527655,mappingafrica,v2.0.0,NE,8.9015,14.1075,0.5101442920918368,0.4898557079081632,0.0,,mappingafrica-256/images/NE3527655_2021-12.tif,mappingafrica-256/labels/NE3527655_3369_2021-12.tif,validate
NE3532551,mappingafrica,v2.0.0,NE,7.0465,14.0975,0.2833625637755102,0.7166374362244898,0.0,,mappingafrica-256/images/NE3532551_2021-08.tif,mappingafrica-256/labels/NE3532551_5462_2021-08.tif,train
NE3542925,mappingafrica,v2.0.0,NE,6.2515,14.0775,0.7433832908163265,0.2566167091836735,0.0,,mappingafrica-256/images/NE3542925_2018-08.tif,mappingafrica-256/labels/NE3542925_18123_2018-08.tif,train
NE3548961,mappingafrica,v2.0.0,NE,10.0915,14.0675,0.949119100765306,0.0508808992346939,0.0,,mappingafrica-256/images/NE3548961_2021-08.tif,mappingafrica-256/labels/NE3548961_3372_2021-08.tif,train
NE3553641,mappingafrica,v2.0.0,NE,7.1465,14.0575,0.2956393494897959,0.704360650510204,0.0,,mappingafrica-256/images/NE3553641_2021-08.tif,mappingafrica-256/labels/NE3553641_14154_2021-08.tif,train
NE3554232,mappingafrica,v2.0.0,NE,10.1015,14.0575,0.3056242028061224,0.6943757971938775,0.0,,mappingafrica-256/images/NE3554232_2021-08.tif,mappingafrica-256/labels/NE3554232_17170_2021-08.tif,train
NE3571504,mappingafrica,v2.0.0,NE,4.2765,14.0225,0.7112563775510204,0.2887436224489795,0.0,,mappingafrica-256/images/NE3571504_2019-02.tif,mappingafrica-256/labels/NE3571504_20816_2019-02.tif,test
NE3572180,mappingafrica,v2.0.0,NE,7.6565,14.0225,0.7658442283163265,0.2341557716836735,0.0,,mappingafrica-256/images/NE3572180_2018-08.tif,mappingafrica-256/labels/NE3572180_36025_2018-08.tif,train
NE3579992,mappingafrica,v2.0.0,NE,7.2365,14.0075,0.5397401147959183,0.4602598852040817,0.0,,mappingafrica-256/images/NE3579992_2023-08.tif,mappingafrica-256/labels/NE3579992_37307_2023-08.tif,train
NE3616477,mappingafrica,v2.0.0,NE,5.8365,13.9375,0.6548947704081632,0.3451052295918367,0.0,,mappingafrica-256/images/NE3616477_2017-08.tif,mappingafrica-256/labels/NE3616477_23474_2017-08.tif,train
NE3617303,mappingafrica,v2.0.0,NE,9.9665,13.9375,0.9674545599489796,0.0325454400510204,0.0,,mappingafrica-256/images/NE3617303_2018-08.tif,mappingafrica-256/labels/NE3617303_23475_2018-08.tif,train
NE3645640,mappingafrica,v2.0.0,NE,7.5715,13.8825,0.0323660714285714,0.9676339285714286,0.0,,mappingafrica-256/images/NE3645640_2021-08.tif,mappingafrica-256/labels/NE3645640_15201_2021-08.tif,train
NE3648173,mappingafrica,v2.0.0,NE,7.2565,13.8775,0.0803970025510204,0.9196029974489796,0.0,,mappingafrica-256/images/NE3648173_2021-08.tif,mappingafrica-256/labels/NE3648173_17172_2021-08.tif,train
NE3653387,mappingafrica,v2.0.0,NE,7.4715,13.8675,1.0,0.0,0.0,,mappingafrica-256/images/NE3653387_2018-08.tif,mappingafrica-256/labels/NE3653387_8660_2018-08.tif,train
NE3653511,mappingafrica,v2.0.0,NE,8.0915,13.8675,0.0215640943877551,0.9784359056122448,0.0,,mappingafrica-256/images/NE3653511_2023-08.tif,mappingafrica-256/labels/NE3653511_30015_2023-08.tif,train
NE3668815,mappingafrica,v2.0.0,NE,7.7265,13.8375,0.9630500637755102,0.0369499362244898,0.0,,mappingafrica-256/images/NE3668815_2021-08.tif,mappingafrica-256/labels/NE3668815_23494_2021-08.tif,test
NE3718955,mappingafrica,v2.0.0,NE,10.3615,13.7375,0.1567283163265306,0.8432716836734694,0.0,,mappingafrica-256/images/NE3718955_2021-08.tif,mappingafrica-256/labels/NE3718955_25127_2021-08.tif,train
NE3727656,mappingafrica,v2.0.0,NE,7.3765,13.7175,0.1861248405612245,0.8138751594387755,0.0,,mappingafrica-256/images/NE3727656_2017-08.tif,mappingafrica-256/labels/NE3727656_14165_2017-08.tif,train
NE3730167,mappingafrica,v2.0.0,NE,8.4115,13.7125,0.7106186224489796,0.2893813775510204,0.0,,mappingafrica-256/images/NE3730167_2022-12.tif,mappingafrica-256/labels/NE3730167_25199_2022-12.tif,train
NE3748073,mappingafrica,v2.0.0,NE,9.8565,13.6725,0.2913743622448979,0.7086256377551021,0.0,,mappingafrica-256/images/NE3748073_2021-08.tif,mappingafrica-256/labels/NE3748073_25219_2021-08.tif,validate
NE3748147,mappingafrica,v2.0.0,NE,10.2265,13.6725,0.3874362244897959,0.612563775510204,0.0,,mappingafrica-256/images/NE3748147_2021-08.tif,mappingafrica-256/labels/NE3748147_37247_2021-08.tif,train
NE3759916,mappingafrica,v2.0.0,NE,3.2965,13.6425,0.7605827487244898,0.2394172512755101,0.0,,mappingafrica-256/images/NE3759916_2021-04.tif,mappingafrica-256/labels/NE3759916_23519_2021-04.tif,train
NE3764171,mappingafrica,v2.0.0,NE,3.5565,13.6325,0.9522879464285714,0.0477120535714286,0.0,,mappingafrica-256/images/NE3764171_2017-02.tif,mappingafrica-256/labels/NE3764171_30515_2017-02.tif,train
NE3765059,mappingafrica,v2.0.0,NE,9.9865,13.6325,0.0904017857142857,0.9095982142857144,0.0,,mappingafrica-256/images/NE3765059_2019-08.tif,mappingafrica-256/labels/NE3765059_13090_2019-08.tif,train
NE3766759,mappingafrica,v2.0.0,NE,8.0415,13.6275,0.9686902104591836,0.0313097895408164,0.0,,mappingafrica-256/images/NE3766759_2020-07.tif,mappingafrica-256/labels/NE3766759_25240_2020-07.tif,train
NE3787501,mappingafrica,v2.0.0,NE,9.2565,13.5775,0.9613958864795918,0.0386041135204081,0.0,,mappingafrica-256/images/NE3787501_2020-12.tif,mappingafrica-256/labels/NE3787501_23525_2020-12.tif,train
NE3791284,mappingafrica,v2.0.0,NE,7.9865,13.5675,0.8788265306122449,0.121173469387755,0.0,,mappingafrica-256/images/NE3791284_2023-08.tif,mappingafrica-256/labels/NE3791284_27361_2023-08.tif,train
NE3797935,mappingafrica,v2.0.0,NE,11.1015,13.5525,0.0652104591836734,0.9347895408163266,0.0,,mappingafrica-256/images/NE3797935_2018-08.tif,mappingafrica-256/labels/NE3797935_39202_2018-08.tif,train
NE3799751,mappingafrica,v2.0.0,NE,10.1815,13.5475,0.0902622767857142,0.9097377232142858,0.0,,mappingafrica-256/images/NE3799751_2017-08.tif,mappingafrica-256/labels/NE3799751_15211_2017-08.tif,train
NE3801186,mappingafrica,v2.0.0,NE,7.4115,13.5425,0.9580676020408164,0.0419323979591835,0.0,,mappingafrica-256/images/NE3801186_2023-08.tif,mappingafrica-256/labels/NE3801186_35897_2023-08.tif,train
NE3801401,mappingafrica,v2.0.0,NE,8.4865,13.5425,0.5559032206632653,0.4440967793367347,0.0,,mappingafrica-256/images/NE3801401_2021-12.tif,mappingafrica-256/labels/NE3801401_23531_2021-12.tif,train
NE3811051,mappingafrica,v2.0.0,NE,7.5565,13.5175,0.8286830357142857,0.1713169642857143,0.0,,mappingafrica-256/images/NE3811051_2021-08.tif,mappingafrica-256/labels/NE3811051_38554_2021-08.tif,test
NE3814807,mappingafrica,v2.0.0,NE,6.9715,13.5075,0.9160355548469388,0.0839644451530612,0.0,,mappingafrica-256/images/NE3814807_2022-08.tif,mappingafrica-256/labels/NE3814807_12005_2022-08.tif,train
NE3835695,mappingafrica,v2.0.0,NE,7.3215,13.4525,0.7762874681122449,0.223712531887755,0.0,,mappingafrica-256/images/NE3835695_2018-08.tif,mappingafrica-256/labels/NE3835695_23542_2018-08.tif,train
NE3865421,mappingafrica,v2.0.0,NE,9.0215,13.3725,0.1114277742346938,0.8885722257653061,0.0,,mappingafrica-256/images/NE3865421_2018-02.tif,mappingafrica-256/labels/NE3865421_20823_2018-02.tif,train
NE3866793,mappingafrica,v2.0.0,NE,7.2865,13.3675,0.2890625,0.7109375,0.0,,mappingafrica-256/images/NE3866793_2018-08.tif,mappingafrica-256/labels/NE3866793_23552_2018-08.tif,train
NE3878362,mappingafrica,v2.0.0,NE,7.65649999999999,13.3325,0.8392458545918368,0.1607541454081632,0.0,,mappingafrica-256/images/NE3878362_2021-08.tif,mappingafrica-256/labels/NE3878362_10837_2021-08.tif,train
NE3881407,mappingafrica,v2.0.0,NE,6.8415,13.3225,0.5650908801020408,0.4349091198979592,0.0,,mappingafrica-256/images/NE3881407_2017-02.tif,mappingafrica-256/labels/NE3881407_18139_2017-02.tif,train
NE3890476,mappingafrica,v2.0.0,NE,3.2015,13.2925,0.7393574617346939,0.2606425382653061,0.0,,mappingafrica-256/images/NE3890476_2020-02.tif,mappingafrica-256/labels/NE3890476_101407_2020-02.tif,train
NE3890677,mappingafrica,v2.0.0,NE,6.7965,13.2925,0.7404336734693877,0.2595663265306123,0.0,,mappingafrica-256/images/NE3890677_2017-02.tif,mappingafrica-256/labels/NE3890677_23560_2017-02.tif,train
NE3892395,mappingafrica,v2.0.0,NE,8.2915,13.2875,0.9994220344387756,0.0005779655612243,0.0,,mappingafrica-256/images/NE3892395_2017-08.tif,mappingafrica-256/labels/NE3892395_27370_2017-08.tif,train
NE3894176,mappingafrica,v2.0.0,NE,9.78149999999999,13.2825,0.3192562181122449,0.6807437818877551,0.0,,mappingafrica-256/images/NE3894176_2018-08.tif,mappingafrica-256/labels/NE3894176_6579_2018-08.tif,train
NE3896775,mappingafrica,v2.0.0,NE,8.3165,13.2725,0.213508450255102,0.786491549744898,0.0,,mappingafrica-256/images/NE3896775_2019-08.tif,mappingafrica-256/labels/NE3896775_35563_2019-08.tif,train
NE3920604,mappingafrica,v2.0.0,NE,9.6365,13.1825,0.9859295280612244,0.0140704719387756,0.0,,mappingafrica-256/images/NE3920604_2017-08.tif,mappingafrica-256/labels/NE3920604_23568_2017-08.tif,train
NE3945174,mappingafrica,v2.0.0,NE,3.1665,13.0725,0.1619499362244898,0.8380500637755102,0.0,,mappingafrica-256/images/NE3945174_2022-04.tif,mappingafrica-256/labels/NE3945174_23579_2022-04.tif,train
NE3947078,mappingafrica,v2.0.0,NE,2.8465,13.0625,0.2733378507653061,0.7266621492346939,0.0,,mappingafrica-256/images/NE3947078_2023-04.tif,mappingafrica-256/labels/NE3947078_35616_2023-04.tif,train
NE3956483,mappingafrica,v2.0.0,NE,3.8765,13.0125,0.8493702168367347,0.1506297831632652,0.0,,mappingafrica-256/images/NE3956483_2023-04.tif,mappingafrica-256/labels/NE3956483_33836_2023-04.tif,train
NE3957477,mappingafrica,v2.0.0,NE,8.8065,13.0075,0.891242825255102,0.1087571747448979,0.0,,mappingafrica-256/images/NE3957477_2022-08.tif,mappingafrica-256/labels/NE3957477_35791_2022-08.tif,train
NE3969487,mappingafrica,v2.0.0,NE,2.6615,12.9325,0.3607302295918367,0.6392697704081634,0.0,,mappingafrica-256/images/NE3969487_2021-04.tif,mappingafrica-256/labels/NE3969487_30820_2021-04.tif,train
NE3971483,mappingafrica,v2.0.0,NE,9.4115,12.9225,0.3194953762755102,0.6805046237244898,0.0,,mappingafrica-256/images/NE3971483_2017-08.tif,mappingafrica-256/labels/NE3971483_23582_2017-08.tif,validate
NE3978244,mappingafrica,v2.0.0,NE,9.4815,12.8775,0.3384885204081632,0.6615114795918369,0.0,,mappingafrica-256/images/NE3978244_2017-08.tif,mappingafrica-256/labels/NE3978244_18147_2017-08.tif,train
NE3980399,mappingafrica,v2.0.0,NE,9.5765,12.8625,0.6720543686224489,0.327945631377551,0.0,,mappingafrica-256/images/NE3980399_2021-08.tif,mappingafrica-256/labels/NE3980399_6586_2021-08.tif,train
NE3991651,mappingafrica,v2.0.0,NE,2.3365,12.7625,0.8362364477040817,0.1637635522959183,0.0,,mappingafrica-256/images/NE3991651_2021-04.tif,mappingafrica-256/labels/NE3991651_20139_2021-04.tif,train
NE3994093,mappingafrica,v2.0.0,NE,2.0465,12.7375,0.2263034119897959,0.7736965880102041,0.0,,mappingafrica-256/images/NE3994093_2022-04.tif,mappingafrica-256/labels/NE3994093_17197_2022-04.tif,train
NE4004090,mappingafrica,v2.0.0,NE,3.1265,12.6225,0.089485012755102,0.910514987244898,0.0,,mappingafrica-256/images/NE4004090_2023-04.tif,mappingafrica-256/labels/NE4004090_33673_2023-04.tif,train
NE4015445,mappingafrica,v2.0.0,NE,3.6215,12.4275,0.1970264668367347,0.8029735331632653,0.0,,mappingafrica-256/images/NE4015445_2019-02.tif,mappingafrica-256/labels/NE4015445_17198_2019-02.tif,train
NE4026417,mappingafrica,v2.0.0,NE,3.5565,12.2025,0.6175063775510204,0.3824936224489795,0.0,,mappingafrica-256/images/NE4026417_2021-04.tif,mappingafrica-256/labels/NE4026417_10851_2021-04.tif,train
NE4029017,mappingafrica,v2.0.0,NE,3.4715,12.1125,0.1914461096938775,0.8085538903061225,0.0,,mappingafrica-256/images/NE4029017_2017-02.tif,mappingafrica-256/labels/NE4029017_23600_2017-02.tif,train
NE4030721,mappingafrica,v2.0.0,NE,3.3765,12.0425,0.1274314413265306,0.8725685586734694,0.0,,mappingafrica-256/images/NE4030721_2018-02.tif,mappingafrica-256/labels/NE4030721_36370_2018-02.tif,train
NG0004702,mappingafrica,v2.0.0,NG,5.8915,13.7075,0.8438895089285714,0.1561104910714286,0.0,,mappingafrica-256/images/NG0004702_2022-08.tif,mappingafrica-256/labels/NG0004702_6588_2022-08.tif,train
NG0012901,mappingafrica,v2.0.0,NG,5.3215,13.6125,0.8706353635204082,0.1293646364795918,0.0,,mappingafrica-256/images/NG0012901_2017-02.tif,mappingafrica-256/labels/NG0012901_23605_2017-02.tif,train
NG0028470,mappingafrica,v2.0.0,NG,6.3215,13.4775,0.4128866390306122,0.5871133609693878,0.0,,mappingafrica-256/images/NG0028470_2023-08.tif,mappingafrica-256/labels/NG0028470_29596_2023-08.tif,train
NG0033919,mappingafrica,v2.0.0,NG,6.2565,13.4375,1.0,0.0,0.0,,mappingafrica-256/images/NG0033919_2019-08.tif,mappingafrica-256/labels/NG0033919_9793_2019-08.tif,validate
NG0040300,mappingafrica,v2.0.0,NG,6.5415,13.3925,0.1052495216836734,0.8947504783163266,0.0,,mappingafrica-256/images/NG0040300_2018-08.tif,mappingafrica-256/labels/NG0040300_23614_2018-08.tif,train
NG0055247,mappingafrica,v2.0.0,NG,6.0065,13.3075,0.5902224170918368,0.4097775829081632,0.0,,mappingafrica-256/images/NG0055247_2020-02.tif,mappingafrica-256/labels/NG0055247_12041_2020-02.tif,train
NG0056377,mappingafrica,v2.0.0,NG,6.4215,13.3025,0.6197983099489796,0.3802016900510204,0.0,,mappingafrica-256/images/NG0056377_2022-04.tif,mappingafrica-256/labels/NG0056377_38890_2022-04.tif,test
NG0060834,mappingafrica,v2.0.0,NG,8.0565,13.2825,0.6867625956632653,0.3132374043367347,0.0,,mappingafrica-256/images/NG0060834_2019-08.tif,mappingafrica-256/labels/NG0060834_30684_2019-08.tif,validate
NG0062144,mappingafrica,v2.0.0,NG,11.1865,13.2775,0.2017498405612245,0.7982501594387755,0.0,,mappingafrica-256/images/NG0062144_2023-04.tif,mappingafrica-256/labels/NG0062144_37669_2023-04.tif,train
NG0065423,mappingafrica,v2.0.0,NG,6.6015,13.2625,0.5984933035714286,0.4015066964285714,0.0,,mappingafrica-256/images/NG0065423_2023-04.tif,mappingafrica-256/labels/NG0065423_38966_2023-04.tif,train
NG0075189,mappingafrica,v2.0.0,NG,5.1215,13.2225,0.2573939732142857,0.7426060267857143,0.0,,mappingafrica-256/images/NG0075189_2018-02.tif,mappingafrica-256/labels/NG0075189_23624_2018-02.tif,train
NG0084875,mappingafrica,v2.0.0,NG,7.7915,13.1875,0.9255819515306124,0.0744180484693876,0.0,,mappingafrica-256/images/NG0084875_2018-08.tif,mappingafrica-256/labels/NG0084875_8691_2018-08.tif,test
NG0088045,mappingafrica,v2.0.0,NG,11.7415,13.1775,0.2057756696428571,0.7942243303571429,0.0,,mappingafrica-256/images/NG0088045_2018-02.tif,mappingafrica-256/labels/NG0088045_100753_2018-02.tif,train
NG0105748,mappingafrica,v2.0.0,NG,5.6315,13.1125,0.7608418367346939,0.2391581632653061,0.0,,mappingafrica-256/images/NG0105748_2019-02.tif,mappingafrica-256/labels/NG0105748_15233_2019-02.tif,train
NG0113901,mappingafrica,v2.0.0,NG,8.2915,13.0875,0.7690529336734694,0.2309470663265306,0.0,,mappingafrica-256/images/NG0113901_2020-07.tif,mappingafrica-256/labels/NG0113901_16203_2020-07.tif,train
NG0118639,mappingafrica,v2.0.0,NG,7.94149999999999,13.0725,0.5791214923469388,0.4208785076530612,0.0,,mappingafrica-256/images/NG0118639_2021-08.tif,mappingafrica-256/labels/NG0118639_6596_2021-08.tif,train
NG0121811,mappingafrica,v2.0.0,NG,7.4265,13.0625,0.3553691007653061,0.6446308992346939,0.0,,mappingafrica-256/images/NG0121811_2023-08.tif,mappingafrica-256/labels/NG0121811_37383_2023-08.tif,train
NG0122942,mappingafrica,v2.0.0,NG,4.4965,13.0575,0.4503148915816326,0.5496851084183674,0.0,,mappingafrica-256/images/NG0122942_2022-04.tif,mappingafrica-256/labels/NG0122942_25546_2022-04.tif,validate
NG0124786,mappingafrica,v2.0.0,NG,5.3765,13.0525,0.1220902423469387,0.8779097576530613,0.0,,mappingafrica-256/images/NG0124786_2017-02.tif,mappingafrica-256/labels/NG0124786_14288_2017-02.tif,train
NG0125737,mappingafrica,v2.0.0,NG,11.7565,13.0525,0.455875318877551,0.5441246811224489,0.0,,mappingafrica-256/images/NG0125737_2017-02.tif,mappingafrica-256/labels/NG0125737_20148_2017-02.tif,train
NG0129699,mappingafrica,v2.0.0,NG,4.7765,13.0375,0.9021843112244898,0.0978156887755101,0.0,,mappingafrica-256/images/NG0129699_2020-02.tif,mappingafrica-256/labels/NG0129699_10859_2020-02.tif,train
NG0132096,mappingafrica,v2.0.0,NG,8.5715,13.0325,0.5974370216836735,0.4025629783163265,0.0,,mappingafrica-256/images/NG0132096_2017-08.tif,mappingafrica-256/labels/NG0132096_23645_2017-08.tif,train
NG0132117,mappingafrica,v2.0.0,NG,9.9565,13.0325,0.2858936543367347,0.7141063456632653,0.0,,mappingafrica-256/images/NG0132117_2017-08.tif,mappingafrica-256/labels/NG0132117_29248_2017-08.tif,train
NG0132178,mappingafrica,v2.0.0,NG,10.2615,13.0325,0.3270687181122449,0.6729312818877551,0.0,,mappingafrica-256/images/NG0132178_2020-02.tif,mappingafrica-256/labels/NG0132178_23646_2020-02.tif,train
NG0143998,mappingafrica,v2.0.0,NG,8.0115,12.9975,0.0564213966836734,0.9435786033163266,0.0,,mappingafrica-256/images/NG0143998_2020-07.tif,mappingafrica-256/labels/NG0143998_14190_2020-07.tif,train
NG0150539,mappingafrica,v2.0.0,NG,5.4415,12.9775,0.2303691007653061,0.7696308992346939,0.0,,mappingafrica-256/images/NG0150539_2018-02.tif,mappingafrica-256/labels/NG0150539_3420_2018-02.tif,train
NG0155186,mappingafrica,v2.0.0,NG,12.1365,12.9675,0.9047154017857144,0.0952845982142855,0.0,,mappingafrica-256/images/NG0155186_2022-04.tif,mappingafrica-256/labels/NG0155186_36750_2022-04.tif,train
NG0161749,mappingafrica,v2.0.0,NG,8.2365,12.9475,0.2363679846938775,0.7636320153061225,0.0,,mappingafrica-256/images/NG0161749_2017-08.tif,mappingafrica-256/labels/NG0161749_23654_2017-08.tif,test
NG0165786,mappingafrica,v2.0.0,NG,11.7115,12.9375,0.6829958545918368,0.3170041454081632,0.0,,mappingafrica-256/images/NG0165786_2020-02.tif,mappingafrica-256/labels/NG0165786_101423_2020-02.tif,train
NG0172800,mappingafrica,v2.0.0,NG,10.8215,12.9175,0.1716159119897959,0.8283840880102041,0.0,,mappingafrica-256/images/NG0172800_2022-04.tif,mappingafrica-256/labels/NG0172800_30499_2022-04.tif,train
NG0175369,mappingafrica,v2.0.0,NG,4.5165,12.9075,0.4906329719387755,0.5093670280612246,0.0,,mappingafrica-256/images/NG0175369_2023-04.tif,mappingafrica-256/labels/NG0175369_37364_2023-04.tif,train
NG0188881,mappingafrica,v2.0.0,NG,7.9115,12.8725,0.6582429846938775,0.3417570153061224,0.0,,mappingafrica-256/images/NG0188881_2019-08.tif,mappingafrica-256/labels/NG0188881_6598_2019-08.tif,train
NG0194044,mappingafrica,v2.0.0,NG,5.8265,12.8575,0.9348094706632653,0.0651905293367347,0.0,,mappingafrica-256/images/NG0194044_2018-02.tif,mappingafrica-256/labels/NG0194044_5500_2018-02.tif,train
NG0197550,mappingafrica,v2.0.0,NG,4.6515,12.8475,0.8123206313775511,0.1876793686224489,0.0,,mappingafrica-256/images/NG0197550_2019-02.tif,mappingafrica-256/labels/NG0197550_25589_2019-02.tif,train
NG0198857,mappingafrica,v2.0.0,NG,11.9415,12.8475,0.4935028698979591,0.5064971301020409,0.0,,mappingafrica-256/images/NG0198857_2021-04.tif,mappingafrica-256/labels/NG0198857_23667_2021-04.tif,train
NG0205250,mappingafrica,v2.0.0,NG,5.0915,12.8275,0.035415338010204,0.964584661989796,0.0,,mappingafrica-256/images/NG0205250_2020-02.tif,mappingafrica-256/labels/NG0205250_15240_2020-02.tif,train
NG0205281,mappingafrica,v2.0.0,NG,5.2465,12.8275,0.2616988201530612,0.7383011798469388,0.0,,mappingafrica-256/images/NG0205281_2020-02.tif,mappingafrica-256/labels/NG0205281_14195_2020-02.tif,train
NG0205708,mappingafrica,v2.0.0,NG,7.3815,12.8275,0.8652543048469388,0.1347456951530612,0.0,,mappingafrica-256/images/NG0205708_2020-07.tif,mappingafrica-256/labels/NG0205708_101965_2020-07.tif,train
NG0209807,mappingafrica,v2.0.0,NG,8.3465,12.8175,0.9627311862244898,0.0372688137755101,0.0,,mappingafrica-256/images/NG0209807_2020-07.tif,mappingafrica-256/labels/NG0209807_31684_2020-07.tif,train
NG0212093,mappingafrica,v2.0.0,NG,10.0215,12.8125,0.2479272959183673,0.7520727040816327,0.0,,mappingafrica-256/images/NG0212093_2019-02.tif,mappingafrica-256/labels/NG0212093_18161_2019-02.tif,train
NG0215170,mappingafrica,v2.0.0,NG,5.0765,12.8025,0.0932517538265306,0.9067482461734694,0.0,,mappingafrica-256/images/NG0215170_2020-02.tif,mappingafrica-256/labels/NG0215170_15241_2020-02.tif,train
NG0229972,mappingafrica,v2.0.0,NG,7.7415,12.7675,0.7829639668367347,0.2170360331632652,0.0,,mappingafrica-256/images/NG0229972_2021-08.tif,mappingafrica-256/labels/NG0229972_3426_2021-08.tif,train
NG0230457,mappingafrica,v2.0.0,NG,10.1665,12.7675,0.0284598214285714,0.9715401785714286,0.0,,mappingafrica-256/images/NG0230457_2021-04.tif,mappingafrica-256/labels/NG0230457_15246_2021-04.tif,train
NG0231279,mappingafrica,v2.0.0,NG,4.0665,12.7625,0.977897799744898,0.022102200255102,0.0,,mappingafrica-256/images/NG0231279_2023-04.tif,mappingafrica-256/labels/NG0231279_36784_2023-04.tif,train
NG0234930,mappingafrica,v2.0.0,NG,12.1065,12.7575,0.6305404974489796,0.3694595025510204,0.0,,mappingafrica-256/images/NG0234930_2020-02.tif,mappingafrica-256/labels/NG0234930_9808_2020-02.tif,train
NG0236527,mappingafrica,v2.0.0,NG,9.86649999999999,12.7525,0.8950494260204082,0.1049505739795918,0.0,,mappingafrica-256/images/NG0236527_2022-04.tif,mappingafrica-256/labels/NG0236527_18165_2022-04.tif,train
NG0239906,mappingafrica,v2.0.0,NG,6.2965,12.7425,0.957130899234694,0.042869100765306,0.0,,mappingafrica-256/images/NG0239906_2023-03.tif,mappingafrica-256/labels/NG0239906_27400_2023-03.tif,validate
NG0243633,mappingafrica,v2.0.0,NG,4.4365,12.7325,0.7721221301020408,0.2278778698979592,0.0,,mappingafrica-256/images/NG0243633_2021-04.tif,mappingafrica-256/labels/NG0243633_10870_2021-04.tif,test
NG0247201,mappingafrica,v2.0.0,NG,12.0215,12.7275,0.2837412308673469,0.7162587691326531,0.0,,mappingafrica-256/images/NG0247201_2021-04.tif,mappingafrica-256/labels/NG0247201_32864_2021-04.tif,train
NG0252870,mappingafrica,v2.0.0,NG,9.5365,12.7125,0.8787268813775511,0.1212731186224489,0.0,,mappingafrica-256/images/NG0252870_2020-07.tif,mappingafrica-256/labels/NG0252870_6601_2020-07.tif,train
NG0253439,mappingafrica,v2.0.0,NG,12.3815,12.7125,0.2921516262755102,0.7078483737244898,0.0,,mappingafrica-256/images/NG0253439_2018-02.tif,mappingafrica-256/labels/NG0253439_7632_2018-02.tif,validate
NG0254483,mappingafrica,v2.0.0,NG,7.3115,12.7075,0.2318239795918367,0.7681760204081634,0.0,,mappingafrica-256/images/NG0254483_2017-08.tif,mappingafrica-256/labels/NG0254483_20834_2017-08.tif,train
NG0255225,mappingafrica,v2.0.0,NG,11.0215,12.7075,0.2719029017857143,0.7280970982142857,0.0,,mappingafrica-256/images/NG0255225_2020-02.tif,mappingafrica-256/labels/NG0255225_32582_2020-02.tif,train
NG0260656,mappingafrica,v2.0.0,NG,7.2615,12.6925,0.6823979591836735,0.3176020408163265,0.0,,mappingafrica-256/images/NG0260656_2021-08.tif,mappingafrica-256/labels/NG0260656_13131_2021-08.tif,train
NG0262348,mappingafrica,v2.0.0,NG,5.4015,12.6875,0.8319913903061225,0.1680086096938775,0.0,,mappingafrica-256/images/NG0262348_2020-02.tif,mappingafrica-256/labels/NG0262348_23702_2020-02.tif,train
NG0262865,mappingafrica,v2.0.0,NG,7.9865,12.6875,0.7576132015306123,0.2423867984693877,0.0,,mappingafrica-256/images/NG0262865_2022-08.tif,mappingafrica-256/labels/NG0262865_6603_2022-08.tif,validate
NG0264522,mappingafrica,v2.0.0,NG,5.9465,12.6825,1.0,0.0,0.0,,mappingafrica-256/images/NG0264522_2021-04.tif,mappingafrica-256/labels/NG0264522_12048_2021-04.tif,train
NG0264965,mappingafrica,v2.0.0,NG,8.1615,12.6825,0.8496691645408163,0.1503308354591837,0.0,,mappingafrica-256/images/NG0264965_2023-08.tif,mappingafrica-256/labels/NG0264965_27403_2023-08.tif,train
NG0267580,mappingafrica,v2.0.0,NG,10.9015,12.6775,0.3359175701530612,0.6640824298469388,0.0,,mappingafrica-256/images/NG0267580_2023-04.tif,mappingafrica-256/labels/NG0267580_37393_2023-04.tif,validate
NG0268713,mappingafrica,v2.0.0,NG,6.22649999999999,12.6725,0.2469507334183673,0.7530492665816327,0.0,,mappingafrica-256/images/NG0268713_2021-03.tif,mappingafrica-256/labels/NG0268713_15250_2021-03.tif,train
NG0268738,mappingafrica,v2.0.0,NG,6.35149999999999,12.6725,0.8906050701530612,0.1093949298469387,0.0,,mappingafrica-256/images/NG0268738_2017-02.tif,mappingafrica-256/labels/NG0268738_14200_2017-02.tif,train
NG0271165,mappingafrica,v2.0.0,NG,8.1315,12.6675,0.642578125,0.357421875,0.0,,mappingafrica-256/images/NG0271165_2021-08.tif,mappingafrica-256/labels/NG0271165_8710_2021-08.tif,test
NG0272982,mappingafrica,v2.0.0,NG,6.8565,12.6625,0.7218989158163265,0.2781010841836735,0.0,,mappingafrica-256/images/NG0272982_2018-02.tif,mappingafrica-256/labels/NG0272982_23708_2018-02.tif,train
NG0283452,mappingafrica,v2.0.0,NG,7.31649999999999,12.6375,0.6916254783163265,0.3083745216836735,0.0,,mappingafrica-256/images/NG0283452_2018-08.tif,mappingafrica-256/labels/NG0283452_1733_2018-08.tif,train
NG0299988,mappingafrica,v2.0.0,NG,6.6115,12.5975,0.8090322066326531,0.1909677933673469,0.0,,mappingafrica-256/images/NG0299988_2019-02.tif,mappingafrica-256/labels/NG0299988_27405_2019-02.tif,train
NG0304358,mappingafrica,v2.0.0,NG,7.5465,12.5875,0.1710977359693877,0.8289022640306123,0.0,,mappingafrica-256/images/NG0304358_2017-08.tif,mappingafrica-256/labels/NG0304358_20164_2017-08.tif,train
NG0306668,mappingafrica,v2.0.0,NG,8.6265,12.5825,0.3161471619897959,0.683852838010204,0.0,,mappingafrica-256/images/NG0306668_2022-08.tif,mappingafrica-256/labels/NG0306668_23720_2022-08.tif,train
NG0310013,mappingafrica,v2.0.0,NG,4.3965,12.5725,0.9636678890306124,0.0363321109693876,0.0,,mappingafrica-256/images/NG0310013_2019-02.tif,mappingafrica-256/labels/NG0310013_23722_2019-02.tif,train
NG0310269,mappingafrica,v2.0.0,NG,5.6765,12.5725,0.4931242028061224,0.5068757971938775,0.0,,mappingafrica-256/images/NG0310269_2020-02.tif,mappingafrica-256/labels/NG0310269_29204_2020-02.tif,train
NG0314180,mappingafrica,v2.0.0,NG,4.2565,12.5625,0.6450294961734694,0.3549705038265306,0.0,,mappingafrica-256/images/NG0314180_2019-02.tif,mappingafrica-256/labels/NG0314180_23726_2019-02.tif,train
NG0315565,mappingafrica,v2.0.0,NG,11.1815,12.5625,0.958984375,0.041015625,0.0,,mappingafrica-256/images/NG0315565_2020-02.tif,mappingafrica-256/labels/NG0315565_18172_2020-02.tif,train
NG0316946,mappingafrica,v2.0.0,NG,7.5865,12.5575,0.8997528698979592,0.1002471301020407,0.0,,mappingafrica-256/images/NG0316946_2017-08.tif,mappingafrica-256/labels/NG0316946_19534_2017-08.tif,train
NG0320940,mappingafrica,v2.0.0,NG,6.5365,12.5475,0.5540497448979592,0.4459502551020408,0.0,,mappingafrica-256/images/NG0320940_2018-02.tif,mappingafrica-256/labels/NG0320940_39830_2018-02.tif,train
NG0322939,mappingafrica,v2.0.0,NG,6.0115,12.5425,0.9246651785714286,0.0753348214285714,0.0,,mappingafrica-256/images/NG0322939_2019-02.tif,mappingafrica-256/labels/NG0322939_5507_2019-02.tif,validate
NG0326734,mappingafrica,v2.0.0,NG,3.9315,12.5325,0.8127790178571429,0.1872209821428571,0.0,,mappingafrica-256/images/NG0326734_2023-04.tif,mappingafrica-256/labels/NG0326734_31000_2023-04.tif,train
NG0327258,mappingafrica,v2.0.0,NG,6.5515,12.5325,0.4582469706632653,0.5417530293367347,0.0,,mappingafrica-256/images/NG0327258_2020-02.tif,mappingafrica-256/labels/NG0327258_100758_2020-02.tif,train
NG0327304,mappingafrica,v2.0.0,NG,6.7815,12.5325,0.9709024234693876,0.0290975765306124,0.0,,mappingafrica-256/images/NG0327304_2017-02.tif,mappingafrica-256/labels/NG0327304_25777_2017-02.tif,validate
NG0329738,mappingafrica,v2.0.0,NG,8.4115,12.5275,0.4636080994897959,0.536391900510204,0.0,,mappingafrica-256/images/NG0329738_2017-08.tif,mappingafrica-256/labels/NG0329738_32037_2017-08.tif,train
NG0332164,mappingafrica,v2.0.0,NG,9.9915,12.5225,0.6939174107142857,0.3060825892857143,0.0,,mappingafrica-256/images/NG0332164_2019-02.tif,mappingafrica-256/labels/NG0332164_39660_2019-02.tif,test
NG0333097,mappingafrica,v2.0.0,NG,4.1015,12.5175,0.7707071109693877,0.2292928890306123,0.0,,mappingafrica-256/images/NG0333097_2023-04.tif,mappingafrica-256/labels/NG0333097_36526_2023-04.tif,test
NG0337314,mappingafrica,v2.0.0,NG,4.0665,12.5075,0.6508091517857143,0.3491908482142857,0.0,,mappingafrica-256/images/NG0337314_2017-02.tif,mappingafrica-256/labels/NG0337314_15256_2017-02.tif,train
NG0346819,mappingafrica,v2.0.0,NG,9.3565,12.4875,0.9914102359693876,0.0085897640306124,0.0,,mappingafrica-256/images/NG0346819_2019-08.tif,mappingafrica-256/labels/NG0346819_28455_2019-08.tif,train
NG0346893,mappingafrica,v2.0.0,NG,9.72649999999999,12.4875,0.7521723533163265,0.2478276466836735,0.0,,mappingafrica-256/images/NG0346893_2022-04.tif,mappingafrica-256/labels/NG0346893_9812_2022-04.tif,train
NG0353919,mappingafrica,v2.0.0,NG,13.2115,12.4725,0.8840282206632653,0.1159717793367347,0.0,,mappingafrica-256/images/NG0353919_2022-04.tif,mappingafrica-256/labels/NG0353919_15596_2022-04.tif,train
NG0363412,mappingafrica,v2.0.0,NG,7.9865,12.4475,0.5706513073979592,0.4293486926020408,0.0,,mappingafrica-256/images/NG0363412_2018-08.tif,mappingafrica-256/labels/NG0363412_30976_2018-08.tif,train
NG0368331,mappingafrica,v2.0.0,NG,11.4715,12.4375,0.3482541454081632,0.6517458545918369,0.0,,mappingafrica-256/images/NG0368331_2017-02.tif,mappingafrica-256/labels/NG0368331_20838_2017-02.tif,train
NG0370284,mappingafrica,v2.0.0,NG,10.6815,12.4325,0.8928770727040817,0.1071229272959183,0.0,,mappingafrica-256/images/NG0370284_2019-02.tif,mappingafrica-256/labels/NG0370284_35779_2019-02.tif,train
NG0370998,mappingafrica,v2.0.0,NG,3.6965,12.4275,0.9423828125,0.0576171875,0.0,,mappingafrica-256/images/NG0370998_2017-02.tif,mappingafrica-256/labels/NG0370998_7637_2017-02.tif,train
NG0376977,mappingafrica,v2.0.0,NG,12.4915,12.4175,0.0625,0.9375,0.0,,mappingafrica-256/images/NG0376977_2018-02.tif,mappingafrica-256/labels/NG0376977_23743_2018-02.tif,test
NG0378078,mappingafrica,v2.0.0,NG,7.4565,12.4125,0.9525868941326532,0.0474131058673468,0.0,,mappingafrica-256/images/NG0378078_2019-08.tif,mappingafrica-256/labels/NG0378078_25806_2019-08.tif,validate
NG0379177,mappingafrica,v2.0.0,NG,12.9515,12.4125,0.260921556122449,0.7390784438775511,0.0,,mappingafrica-256/images/NG0379177_2019-02.tif,mappingafrica-256/labels/NG0379177_4846_2019-02.tif,validate
NG0379440,mappingafrica,v2.0.0,NG,3.7265,12.4075,0.0750757334183673,0.9249242665816328,0.0,,mappingafrica-256/images/NG0379440_2021-04.tif,mappingafrica-256/labels/NG0379440_6605_2021-04.tif,validate
NG0379564,mappingafrica,v2.0.0,NG,4.3465,12.4075,0.9244060905612244,0.0755939094387756,0.0,,mappingafrica-256/images/NG0379564_2017-02.tif,mappingafrica-256/labels/NG0379564_6606_2017-02.tif,validate
NG0379771,mappingafrica,v2.0.0,NG,5.3815,12.4075,0.2593470982142857,0.7406529017857143,0.0,,mappingafrica-256/images/NG0379771_2021-04.tif,mappingafrica-256/labels/NG0379771_37310_2021-04.tif,train
NG0380953,mappingafrica,v2.0.0,NG,11.2915,12.4075,0.5565409757653061,0.4434590242346938,0.0,,mappingafrica-256/images/NG0380953_2018-02.tif,mappingafrica-256/labels/NG0380953_23744_2018-02.tif,train
NG0384398,mappingafrica,v2.0.0,NG,7.44149999999999,12.3975,0.8244579081632653,0.1755420918367347,0.0,,mappingafrica-256/images/NG0384398_2021-08.tif,mappingafrica-256/labels/NG0384398_6608_2021-08.tif,test
NG0385876,mappingafrica,v2.0.0,NG,4.2865,12.3925,0.8584382971938775,0.1415617028061224,0.0,,mappingafrica-256/images/NG0385876_2019-02.tif,mappingafrica-256/labels/NG0385876_4399_2019-02.tif,test
NG0386701,mappingafrica,v2.0.0,NG,8.4115,12.3925,0.5490274234693877,0.4509725765306123,0.0,,mappingafrica-256/images/NG0386701_2020-07.tif,mappingafrica-256/labels/NG0386701_15261_2020-07.tif,validate
NG0392888,mappingafrica,v2.0.0,NG,7.6865,12.3775,0.4013073979591837,0.5986926020408163,0.0,,mappingafrica-256/images/NG0392888_2019-08.tif,mappingafrica-256/labels/NG0392888_39647_2019-08.tif,train
NG0394436,mappingafrica,v2.0.0,NG,4.8615,12.3725,0.6795679209183674,0.3204320790816326,0.0,,mappingafrica-256/images/NG0394436_2018-02.tif,mappingafrica-256/labels/NG0394436_9815_2018-02.tif,test
NG0399940,mappingafrica,v2.0.0,NG,11.1765,12.3625,0.7305683992346939,0.2694316007653061,0.0,,mappingafrica-256/images/NG0399940_2020-02.tif,mappingafrica-256/labels/NG0399940_16226_2020-02.tif,validate
NG0402303,mappingafrica,v2.0.0,NG,12.2665,12.3575,0.6871014030612245,0.3128985969387755,0.0,,mappingafrica-256/images/NG0402303_2022-04.tif,mappingafrica-256/labels/NG0402303_38747_2022-04.tif,train
NG0408270,mappingafrica,v2.0.0,NG,9.6415,12.3425,0.969826211734694,0.030173788265306,0.0,,mappingafrica-256/images/NG0408270_2018-08.tif,mappingafrica-256/labels/NG0408270_23760_2018-08.tif,train
NG0410073,mappingafrica,v2.0.0,NG,7.8165,12.3375,0.2305484693877551,0.7694515306122449,0.0,,mappingafrica-256/images/NG0410073_2023-08.tif,mappingafrica-256/labels/NG0410073_33641_2023-08.tif,train
NG0411813,mappingafrica,v2.0.0,NG,5.6665,12.3325,0.7981903698979592,0.2018096301020407,0.0,,mappingafrica-256/images/NG0411813_2020-02.tif,mappingafrica-256/labels/NG0411813_25856_2020-02.tif,train
NG0415141,mappingafrica,v2.0.0,NG,11.4615,12.3275,0.3886120854591837,0.6113879145408163,0.0,,mappingafrica-256/images/NG0415141_2018-08.tif,mappingafrica-256/labels/NG0415141_12061_2018-08.tif,test
NG0418411,mappingafrica,v2.0.0,NG,6.0765,12.3175,0.6044323979591837,0.3955676020408163,0.0,,mappingafrica-256/images/NG0418411_2018-02.tif,mappingafrica-256/labels/NG0418411_23763_2018-02.tif,train
NG0419384,mappingafrica,v2.0.0,NG,10.9415,12.3175,0.108219068877551,0.8917809311224489,0.0,,mappingafrica-256/images/NG0419384_2017-08.tif,mappingafrica-256/labels/NG0419384_14208_2017-08.tif,test
NG0422461,mappingafrica,v2.0.0,NG,4.5815,12.3075,0.7902981505102041,0.2097018494897958,0.0,,mappingafrica-256/images/NG0422461_2021-04.tif,mappingafrica-256/labels/NG0422461_39030_2021-04.tif,train
NG0425650,mappingafrica,v2.0.0,NG,9.6515,12.3025,0.8134566326530612,0.1865433673469387,0.0,,mappingafrica-256/images/NG0425650_2021-08.tif,mappingafrica-256/labels/NG0425650_1745_2021-08.tif,train
NG0427729,mappingafrica,v2.0.0,NG,9.1815,12.2975,0.2389787946428571,0.7610212053571429,0.0,,mappingafrica-256/images/NG0427729_2023-08.tif,mappingafrica-256/labels/NG0427729_36261_2023-08.tif,train
NG0428267,mappingafrica,v2.0.0,NG,11.8715,12.2975,0.181461256377551,0.8185387436224489,0.0,,mappingafrica-256/images/NG0428267_2019-02.tif,mappingafrica-256/labels/NG0428267_29830_2019-02.tif,validate
NG0428999,mappingafrica,v2.0.0,NG,4.6665,12.2925,0.732421875,0.267578125,0.0,,mappingafrica-256/images/NG0428999_2019-02.tif,mappingafrica-256/labels/NG0428999_23767_2019-02.tif,train
NG0435414,mappingafrica,v2.0.0,NG,4.0815,12.2775,0.9893773915816326,0.0106226084183673,0.0,,mappingafrica-256/images/NG0435414_2020-02.tif,mappingafrica-256/labels/NG0435414_29873_2020-02.tif,train
NG0437536,mappingafrica,v2.0.0,NG,3.7915,12.2725,0.5954440369897959,0.4045559630102041,0.0,,mappingafrica-256/images/NG0437536_2020-02.tif,mappingafrica-256/labels/NG0437536_16231_2020-02.tif,test
NG0438685,mappingafrica,v2.0.0,NG,9.5365,12.2725,0.1237842793367346,0.8762157206632654,0.0,,mappingafrica-256/images/NG0438685_2018-08.tif,mappingafrica-256/labels/NG0438685_2899_2018-08.tif,test
NG0439021,mappingafrica,v2.0.0,NG,11.2165,12.2725,0.9565927933673468,0.0434072066326531,0.0,,mappingafrica-256/images/NG0439021_2019-08.tif,mappingafrica-256/labels/NG0439021_30346_2019-08.tif,train
NG0444098,mappingafrica,v2.0.0,NG,3.8965,12.2575,0.2161591198979592,0.7838408801020408,0.0,,mappingafrica-256/images/NG0444098_2020-02.tif,mappingafrica-256/labels/NG0444098_17238_2020-02.tif,train
NG0445618,mappingafrica,v2.0.0,NG,11.4965,12.2575,0.2749521683673469,0.7250478316326531,0.0,,mappingafrica-256/images/NG0445618_2018-08.tif,mappingafrica-256/labels/NG0445618_23778_2018-08.tif,train
NG0449573,mappingafrica,v2.0.0,NG,9.4465,12.2475,0.1767777423469387,0.8232222576530613,0.0,,mappingafrica-256/images/NG0449573_2022-08.tif,mappingafrica-256/labels/NG0449573_34862_2022-08.tif,validate
NG0452843,mappingafrica,v2.0.0,NG,3.9565,12.2375,0.9574896364795918,0.0425103635204081,0.0,,mappingafrica-256/images/NG0452843_2018-02.tif,mappingafrica-256/labels/NG0452843_23783_2018-02.tif,train
NG0458456,mappingafrica,v2.0.0,NG,10.1915,12.2275,0.8582389987244898,0.1417610012755101,0.0,,mappingafrica-256/images/NG0458456_2020-07.tif,mappingafrica-256/labels/NG0458456_23785_2020-07.tif,train
NG0467699,mappingafrica,v2.0.0,NG,12.5815,12.2075,0.0409159757653061,0.959084024234694,0.0,,mappingafrica-256/images/NG0467699_2019-02.tif,mappingafrica-256/labels/NG0467699_28465_2019-02.tif,test
NG0471319,mappingafrica,v2.0.0,NG,8.7315,12.1975,0.2727000956632653,0.7272999043367347,0.0,,mappingafrica-256/images/NG0471319_2020-02.tif,mappingafrica-256/labels/NG0471319_23789_2020-02.tif,train
NG0480540,mappingafrica,v2.0.0,NG,10.7915,12.1775,0.9772002551020408,0.0227997448979592,0.0,,mappingafrica-256/images/NG0480540_2023-08.tif,mappingafrica-256/labels/NG0480540_27414_2023-08.tif,train
NG0480766,mappingafrica,v2.0.0,NG,11.9215,12.1775,0.5477718431122449,0.4522281568877551,0.0,,mappingafrica-256/images/NG0480766_2023-03.tif,mappingafrica-256/labels/NG0480766_28350_2023-03.tif,train
NG0482894,mappingafrica,v2.0.0,NG,11.5215,12.1725,0.4836973852040816,0.5163026147959184,0.0,,mappingafrica-256/images/NG0482894_2022-08.tif,mappingafrica-256/labels/NG0482894_14210_2022-08.tif,train
NG0488498,mappingafrica,v2.0.0,NG,6.4015,12.1575,0.8180205676020408,0.1819794323979592,0.0,,mappingafrica-256/images/NG0488498_2021-04.tif,mappingafrica-256/labels/NG0488498_23798_2021-04.tif,train
NG0493613,mappingafrica,v2.0.0,NG,9.8765,12.1475,0.8478356186224489,0.152164381377551,0.0,,mappingafrica-256/images/NG0493613_2018-08.tif,mappingafrica-256/labels/NG0493613_30419_2018-08.tif,train
NG0493671,mappingafrica,v2.0.0,NG,10.1665,12.1475,0.2362085459183673,0.7637914540816327,0.0,,mappingafrica-256/images/NG0493671_2022-08.tif,mappingafrica-256/labels/NG0493671_23805_2022-08.tif,train
NG0497407,mappingafrica,v2.0.0,NG,6.7565,12.1375,0.5063177614795918,0.4936822385204081,0.0,,mappingafrica-256/images/NG0497407_2018-02.tif,mappingafrica-256/labels/NG0497407_7646_2018-02.tif,validate
NG0499926,mappingafrica,v2.0.0,NG,8.31649999999999,12.1325,0.9961535395408164,0.0038464604591835,0.0,,mappingafrica-256/images/NG0499926_2019-02.tif,mappingafrica-256/labels/NG0499926_10884_2019-02.tif,train
NG0501746,mappingafrica,v2.0.0,NG,6.3865,12.1275,0.2865712691326531,0.7134287308673469,0.0,,mappingafrica-256/images/NG0501746_2022-04.tif,mappingafrica-256/labels/NG0501746_13149_2022-04.tif,train
NG0506142,mappingafrica,v2.0.0,NG,6.3065,12.1175,0.0580755739795918,0.9419244260204082,0.0,,mappingafrica-256/images/NG0506142_2017-02.tif,mappingafrica-256/labels/NG0506142_30562_2017-02.tif,train
NG0506849,mappingafrica,v2.0.0,NG,9.8415,12.1175,0.7988081951530612,0.2011918048469387,0.0,,mappingafrica-256/images/NG0506849_2021-08.tif,mappingafrica-256/labels/NG0506849_6616_2021-08.tif,validate
NG0511655,mappingafrica,v2.0.0,NG,11.8115,12.1075,0.9136838329081632,0.0863161670918367,0.0,,mappingafrica-256/images/NG0511655_2020-02.tif,mappingafrica-256/labels/NG0511655_28425_2020-02.tif,train
NG0512900,mappingafrica,v2.0.0,NG,7.0165,12.1025,0.6284080038265306,0.3715919961734694,0.0,,mappingafrica-256/images/NG0512900_2018-02.tif,mappingafrica-256/labels/NG0512900_12072_2018-02.tif,train
NG0515954,mappingafrica,v2.0.0,NG,11.2665,12.0975,0.7739158163265306,0.2260841836734693,0.0,,mappingafrica-256/images/NG0515954_2022-08.tif,mappingafrica-256/labels/NG0515954_38408_2022-08.tif,train
NG0519878,mappingafrica,v2.0.0,NG,8.8615,12.0875,0.7372249681122449,0.2627750318877551,0.0,,mappingafrica-256/images/NG0519878_2022-04.tif,mappingafrica-256/labels/NG0519878_101446_2022-04.tif,train
NG0521820,mappingafrica,v2.0.0,NG,7.56649999999999,12.0825,0.5444036989795918,0.4555963010204081,0.0,,mappingafrica-256/images/NG0521820_2021-08.tif,mappingafrica-256/labels/NG0521820_8724_2021-08.tif,train
NG0524947,mappingafrica,v2.0.0,NG,12.1965,12.0775,0.8261918048469388,0.1738081951530612,0.0,,mappingafrica-256/images/NG0524947_2017-02.tif,mappingafrica-256/labels/NG0524947_30693_2017-02.tif,train
NG0526685,mappingafrica,v2.0.0,NG,9.8765,12.0725,0.6274314413265306,0.3725685586734694,0.0,,mappingafrica-256/images/NG0526685_2019-08.tif,mappingafrica-256/labels/NG0526685_41016_2019-08.tif,train
NG0528684,mappingafrica,v2.0.0,NG,8.8615,12.0675,0.1921635841836734,0.8078364158163266,0.0,,mappingafrica-256/images/NG0528684_2020-02.tif,mappingafrica-256/labels/NG0528684_20182_2020-02.tif,train
NG0530722,mappingafrica,v2.0.0,NG,8.0415,12.0625,0.8757772640306123,0.1242227359693877,0.0,,mappingafrica-256/images/NG0530722_2022-08.tif,mappingafrica-256/labels/NG0530722_25982_2022-08.tif,train
NG0533289,mappingafrica,v2.0.0,NG,9.8665,12.0575,0.7427256058673469,0.2572743941326531,0.0,,mappingafrica-256/images/NG0533289_2019-08.tif,mappingafrica-256/labels/NG0533289_39570_2019-08.tif,train
NG0537386,mappingafrica,v2.0.0,NG,8.3515,12.0475,0.4329759247448979,0.5670240752551021,0.0,,mappingafrica-256/images/NG0537386_2022-04.tif,mappingafrica-256/labels/NG0537386_102121_2022-04.tif,train
NG0544814,mappingafrica,v2.0.0,NG,12.5515,12.0325,0.2894411670918367,0.7105588329081634,0.0,,mappingafrica-256/images/NG0544814_2023-04.tif,mappingafrica-256/labels/NG0544814_32734_2023-04.tif,train
NG0548065,mappingafrica,v2.0.0,NG,6.8615,12.0225,0.9624720982142856,0.0375279017857144,0.0,,mappingafrica-256/images/NG0548065_2018-02.tif,mappingafrica-256/labels/NG0548065_36199_2018-02.tif,train
NG0552625,mappingafrica,v2.0.0,NG,7.7215,12.0125,0.7401745854591837,0.2598254145408163,0.0,,mappingafrica-256/images/NG0552625_2023-08.tif,mappingafrica-256/labels/NG0552625_32028_2023-08.tif,validate
NG0555173,mappingafrica,v2.0.0,NG,9.49149999999999,12.0075,0.9107342155612244,0.0892657844387756,0.0,,mappingafrica-256/images/NG0555173_2020-07.tif,mappingafrica-256/labels/NG0555173_19225_2020-07.tif,train
NG0559423,mappingafrica,v2.0.0,NG,8.7965,11.9975,0.7346540178571429,0.2653459821428571,0.0,,mappingafrica-256/images/NG0559423_2017-02.tif,mappingafrica-256/labels/NG0559423_8729_2017-02.tif,train
NG0561267,mappingafrica,v2.0.0,NG,7.0415,11.9925,0.9943199936224488,0.0056800063775511,0.0,,mappingafrica-256/images/NG0561267_2022-04.tif,mappingafrica-256/labels/NG0561267_20188_2022-04.tif,train
NG0564139,mappingafrica,v2.0.0,NG,10.4265,11.9875,0.0934510522959183,0.9065489477040816,0.0,,mappingafrica-256/images/NG0564139_2017-08.tif,mappingafrica-256/labels/NG0564139_100688_2017-08.tif,train
NG0567856,mappingafrica,v2.0.0,NG,7.0515,11.9775,0.8642578125,0.1357421875,0.0,,mappingafrica-256/images/NG0567856_2018-02.tif,mappingafrica-256/labels/NG0567856_5528_2018-02.tif,train
NG0571307,mappingafrica,v2.0.0,NG,13.3165,11.9725,0.7956991390306123,0.2043008609693877,0.0,,mappingafrica-256/images/NG0571307_2022-04.tif,mappingafrica-256/labels/NG0571307_3467_2022-04.tif,test
NG0576442,mappingafrica,v2.0.0,NG,5.9715,11.9575,0.1444316007653061,0.8555683992346939,0.0,,mappingafrica-256/images/NG0576442_2017-02.tif,mappingafrica-256/labels/NG0576442_17245_2017-02.tif,train
NG0581655,mappingafrica,v2.0.0,NG,10.0015,11.9475,0.6228276466836735,0.3771723533163265,0.0,,mappingafrica-256/images/NG0581655_2022-08.tif,mappingafrica-256/labels/NG0581655_10893_2022-08.tif,validate
NG0589815,mappingafrica,v2.0.0,NG,6.7115,11.9275,0.4697664221938775,0.5302335778061225,0.0,,mappingafrica-256/images/NG0589815_2019-02.tif,mappingafrica-256/labels/NG0589815_13155_2019-02.tif,train
NG0598226,mappingafrica,v2.0.0,NG,4.6515,11.9075,0.6407844387755102,0.3592155612244898,0.0,,mappingafrica-256/images/NG0598226_2017-02.tif,mappingafrica-256/labels/NG0598226_23851_2017-02.tif,train
NG0601429,mappingafrica,v2.0.0,NG,9.6365,11.9025,0.5820113201530612,0.4179886798469387,0.0,,mappingafrica-256/images/NG0601429_2018-08.tif,mappingafrica-256/labels/NG0601429_36550_2018-08.tif,train
NG0612106,mappingafrica,v2.0.0,NG,7.9515,11.8775,0.4998604910714285,0.5001395089285715,0.0,,mappingafrica-256/images/NG0612106_2023-08.tif,mappingafrica-256/labels/NG0612106_27426_2023-08.tif,train
NG0619285,mappingafrica,v2.0.0,NG,10.8615,11.8625,0.9178491709183674,0.0821508290816326,0.0,,mappingafrica-256/images/NG0619285_2023-08.tif,mappingafrica-256/labels/NG0619285_38620_2023-08.tif,train
NG0620047,mappingafrica,v2.0.0,NG,3.6815,11.8575,0.8122209821428571,0.1877790178571429,0.0,,mappingafrica-256/images/NG0620047_2021-04.tif,mappingafrica-256/labels/NG0620047_23861_2021-04.tif,train
NG0627494,mappingafrica,v2.0.0,NG,7.9365,11.8425,0.1634845344387755,0.8365154655612245,0.0,,mappingafrica-256/images/NG0627494_2023-08.tif,mappingafrica-256/labels/NG0627494_28328_2023-08.tif,train
NG0634818,mappingafrica,v2.0.0,NG,11.6165,11.8275,0.8120017538265306,0.1879982461734693,0.0,,mappingafrica-256/images/NG0634818_2017-02.tif,mappingafrica-256/labels/NG0634818_8736_2017-02.tif,train
NG0636214,mappingafrica,v2.0.0,NG,7.6265,11.8225,0.9613958864795918,0.0386041135204081,0.0,,mappingafrica-256/images/NG0636214_2019-02.tif,mappingafrica-256/labels/NG0636214_19233_2019-02.tif,train
NG0638223,mappingafrica,v2.0.0,NG,6.7065,11.8175,0.5817522321428571,0.4182477678571429,0.0,,mappingafrica-256/images/NG0638223_2017-02.tif,mappingafrica-256/labels/NG0638223_13160_2017-02.tif,train
NG0643194,mappingafrica,v2.0.0,NG,9.6565,11.8075,0.5113799426020408,0.4886200573979592,0.0,,mappingafrica-256/images/NG0643194_2017-02.tif,mappingafrica-256/labels/NG0643194_23872_2017-02.tif,test
NG0655510,mappingafrica,v2.0.0,NG,5.5915,11.7775,0.8792251275510204,0.1207748724489795,0.0,,mappingafrica-256/images/NG0655510_2019-02.tif,mappingafrica-256/labels/NG0655510_23876_2019-02.tif,validate
NG0667208,mappingafrica,v2.0.0,NG,9.4115,11.7525,0.7144650829081632,0.2855349170918367,0.0,,mappingafrica-256/images/NG0667208_2023-04.tif,mappingafrica-256/labels/NG0667208_33393_2023-04.tif,validate
NG0676991,mappingafrica,v2.0.0,NG,3.6665,11.7275,0.2480668048469387,0.7519331951530613,0.0,,mappingafrica-256/images/NG0676991_2022-04.tif,mappingafrica-256/labels/NG0676991_17261_2022-04.tif,train
NG0680108,mappingafrica,v2.0.0,NG,8.3215,11.7225,0.3232820471938775,0.6767179528061225,0.0,,mappingafrica-256/images/NG0680108_2019-02.tif,mappingafrica-256/labels/NG0680108_7659_2019-02.tif,train
NG0683957,mappingafrica,v2.0.0,NG,5.6965,11.7125,0.9036391900510204,0.0963608099489795,0.0,,mappingafrica-256/images/NG0683957_2020-02.tif,mappingafrica-256/labels/NG0683957_35363_2020-02.tif,train
NG0686315,mappingafrica,v2.0.0,NG,6.5365,11.7075,0.9577088647959184,0.0422911352040815,0.0,,mappingafrica-256/images/NG0686315_2019-02.tif,mappingafrica-256/labels/NG0686315_29330_2019-02.tif,train
NG0688703,mappingafrica,v2.0.0,NG,7.5165,11.7025,0.578742825255102,0.421257174744898,0.0,,mappingafrica-256/images/NG0688703_2020-02.tif,mappingafrica-256/labels/NG0688703_5537_2020-02.tif,validate
NG0691287,mappingafrica,v2.0.0,NG,9.4715,11.6975,0.6143375318877551,0.3856624681122449,0.0,,mappingafrica-256/images/NG0691287_2019-02.tif,mappingafrica-256/labels/NG0691287_26224_2019-02.tif,train
NG0693239,mappingafrica,v2.0.0,NG,8.2615,11.6925,0.2931680484693877,0.7068319515306123,0.0,,mappingafrica-256/images/NG0693239_2021-04.tif,mappingafrica-256/labels/NG0693239_13163_2021-04.tif,train
NG0695298,mappingafrica,v2.0.0,NG,7.5765,11.6875,0.4653818558673469,0.5346181441326531,0.0,,mappingafrica-256/images/NG0695298_2023-04.tif,mappingafrica-256/labels/NG0695298_35337_2023-04.tif,train
NG0695916,mappingafrica,v2.0.0,NG,10.6665,11.6875,0.9714006696428572,0.0285993303571427,0.0,,mappingafrica-256/images/NG0695916_2018-08.tif,mappingafrica-256/labels/NG0695916_23908_2018-08.tif,validate
NG0697758,mappingafrica,v2.0.0,NG,8.8815,11.6825,0.743522799744898,0.256477200255102,0.0,,mappingafrica-256/images/NG0697758_2022-04.tif,mappingafrica-256/labels/NG0697758_26243_2022-04.tif,train
NG0698085,mappingafrica,v2.0.0,NG,10.5165,11.6825,0.8987165178571429,0.1012834821428571,0.0,,mappingafrica-256/images/NG0698085_2018-08.tif,mappingafrica-256/labels/NG0698085_20847_2018-08.tif,validate
NG0698594,mappingafrica,v2.0.0,NG,13.0615,11.6825,0.4533641581632653,0.5466358418367347,0.0,,mappingafrica-256/images/NG0698594_2017-02.tif,mappingafrica-256/labels/NG0698594_4424_2017-02.tif,train
NG0710607,mappingafrica,v2.0.0,NG,6.9615,11.6525,0.8170838647959183,0.1829161352040816,0.0,,mappingafrica-256/images/NG0710607_2023-04.tif,mappingafrica-256/labels/NG0710607_32017_2023-04.tif,train
NG0717940,mappingafrica,v2.0.0,NG,10.4415,11.6375,0.2889628507653061,0.7110371492346939,0.0,,mappingafrica-256/images/NG0717940_2018-08.tif,mappingafrica-256/labels/NG0717940_18200_2018-08.tif,train
NG0724626,mappingafrica,v2.0.0,NG,10.6415,11.6225,0.7183713329081632,0.2816286670918367,0.0,,mappingafrica-256/images/NG0724626_2023-08.tif,mappingafrica-256/labels/NG0724626_27443_2023-08.tif,train
NG0729284,mappingafrica,v2.0.0,NG,11.7615,11.6125,0.37109375,0.62890625,0.0,,mappingafrica-256/images/NG0729284_2022-04.tif,mappingafrica-256/labels/NG0729284_18204_2022-04.tif,test
NG0730375,mappingafrica,v2.0.0,NG,6.1265,11.6075,0.5625597895408163,0.4374402104591837,0.0,,mappingafrica-256/images/NG0730375_2021-04.tif,mappingafrica-256/labels/NG0730375_4428_2021-04.tif,train
NG0737221,mappingafrica,v2.0.0,NG,7.0815,11.5925,0.8938137755102041,0.1061862244897958,0.0,,mappingafrica-256/images/NG0737221_2018-02.tif,mappingafrica-256/labels/NG0737221_16257_2018-02.tif,train
NG0739073,mappingafrica,v2.0.0,NG,5.2465,11.5875,0.3063416772959184,0.6936583227040816,0.0,,mappingafrica-256/images/NG0739073_2021-04.tif,mappingafrica-256/labels/NG0739073_33173_2021-04.tif,train
NG0744117,mappingafrica,v2.0.0,NG,8.2865,11.5775,0.6544563137755102,0.3455436862244898,0.0,,mappingafrica-256/images/NG0744117_2018-02.tif,mappingafrica-256/labels/NG0744117_23921_2018-02.tif,train
NG0746513,mappingafrica,v2.0.0,NG,9.1765,11.5725,0.7814293686224489,0.218570631377551,0.0,,mappingafrica-256/images/NG0746513_2019-02.tif,mappingafrica-256/labels/NG0746513_23923_2019-02.tif,train
NG0750023,mappingafrica,v2.0.0,NG,4.5365,11.5625,0.3074976084183674,0.6925023915816326,0.0,,mappingafrica-256/images/NG0750023_2021-04.tif,mappingafrica-256/labels/NG0750023_18208_2021-04.tif,test
NG0756504,mappingafrica,v2.0.0,NG,3.67149999999999,11.5475,0.5588926977040817,0.4411073022959183,0.0,,mappingafrica-256/images/NG0756504_2020-02.tif,mappingafrica-256/labels/NG0756504_12096_2020-02.tif,train
NG0759101,mappingafrica,v2.0.0,NG,5.5565,11.5425,0.1279097576530612,0.8720902423469388,0.0,,mappingafrica-256/images/NG0759101_2023-04.tif,mappingafrica-256/labels/NG0759101_37563_2023-04.tif,train
NG0760801,mappingafrica,v2.0.0,NG,14.0565,11.5425,0.0957230548469387,0.9042769451530612,0.0,,mappingafrica-256/images/NG0760801_2023-04.tif,mappingafrica-256/labels/NG0760801_27447_2023-04.tif,train
NG0778211,mappingafrica,v2.0.0,NG,12.3865,11.5025,0.4668367346938775,0.5331632653061225,0.0,,mappingafrica-256/images/NG0778211_2020-02.tif,mappingafrica-256/labels/NG0778211_23937_2020-02.tif,train
NG0780363,mappingafrica,v2.0.0,NG,12.0915,11.4975,0.4717992665816326,0.5282007334183674,0.0,,mappingafrica-256/images/NG0780363_2017-02.tif,mappingafrica-256/labels/NG0780363_13171_2017-02.tif,validate
NG0783243,mappingafrica,v2.0.0,NG,4.4165,11.4875,0.1515664859693877,0.8484335140306123,0.0,,mappingafrica-256/images/NG0783243_2019-02.tif,mappingafrica-256/labels/NG0783243_15285_2019-02.tif,train
NG0785623,mappingafrica,v2.0.0,NG,5.2965,11.4825,0.1250597895408163,0.8749402104591837,0.0,,mappingafrica-256/images/NG0785623_2021-04.tif,mappingafrica-256/labels/NG0785623_13172_2021-04.tif,train
NG0785651,mappingafrica,v2.0.0,NG,5.4365,11.4825,0.3559869260204081,0.644013073979592,0.0,,mappingafrica-256/images/NG0785651_2019-02.tif,mappingafrica-256/labels/NG0785651_18210_2019-02.tif,train
NG0786535,mappingafrica,v2.0.0,NG,9.8565,11.4825,0.2762276785714285,0.7237723214285715,0.0,,mappingafrica-256/images/NG0786535_2020-02.tif,mappingafrica-256/labels/NG0786535_12098_2020-02.tif,train
NG0792649,mappingafrica,v2.0.0,NG,7.4265,11.4675,0.6280691964285714,0.3719308035714286,0.0,,mappingafrica-256/images/NG0792649_2017-02.tif,mappingafrica-256/labels/NG0792649_23944_2017-02.tif,train
NG0793633,mappingafrica,v2.0.0,NG,12.3465,11.4675,0.8330875318877551,0.1669124681122449,0.0,,mappingafrica-256/images/NG0793633_2017-02.tif,mappingafrica-256/labels/NG0793633_31845_2017-02.tif,train
NG0794102,mappingafrica,v2.0.0,NG,3.7215,11.4625,0.8474768813775511,0.1525231186224489,0.0,,mappingafrica-256/images/NG0794102_2020-02.tif,mappingafrica-256/labels/NG0794102_18211_2020-02.tif,train
NG0794634,mappingafrica,v2.0.0,NG,6.3815,11.4625,0.5838448660714286,0.4161551339285714,0.0,,mappingafrica-256/images/NG0794634_2019-02.tif,mappingafrica-256/labels/NG0794634_2375_2019-02.tif,train
NG0798621,mappingafrica,v2.0.0,NG,4.4465,11.4525,0.3164859693877551,0.6835140306122449,0.0,,mappingafrica-256/images/NG0798621_2021-04.tif,mappingafrica-256/labels/NG0798621_34817_2021-04.tif,train
NG0799808,mappingafrica,v2.0.0,NG,10.3815,11.4525,0.6607142857142857,0.3392857142857143,0.0,,mappingafrica-256/images/NG0799808_2023-08.tif,mappingafrica-256/labels/NG0799808_36123_2023-08.tif,train
NG0802721,mappingafrica,v2.0.0,NG,14.0215,11.4475,0.0456792091836734,0.9543207908163266,0.0,,mappingafrica-256/images/NG0802721_2019-02.tif,mappingafrica-256/labels/NG0802721_23949_2019-02.tif,train
NG0807956,mappingafrica,v2.0.0,NG,7.4215,11.4325,0.4434988839285714,0.5565011160714286,0.0,,mappingafrica-256/images/NG0807956_2021-04.tif,mappingafrica-256/labels/NG0807956_16261_2021-04.tif,validate
NG0817989,mappingafrica,v2.0.0,NG,13.9015,11.4125,0.0885881696428571,0.9114118303571428,0.0,,mappingafrica-256/images/NG0817989_2017-02.tif,mappingafrica-256/labels/NG0817989_40201_2017-02.tif,train
NG0832549,mappingafrica,v2.0.0,NG,10.4865,11.3775,0.4339524872448979,0.5660475127551021,0.0,,mappingafrica-256/images/NG0832549_2021-08.tif,mappingafrica-256/labels/NG0832549_12101_2021-08.tif,validate
NG0842166,mappingafrica,v2.0.0,NG,4.5015,11.3525,0.3318917410714285,0.6681082589285715,0.0,,mappingafrica-256/images/NG0842166_2017-02.tif,mappingafrica-256/labels/NG0842166_2938_2017-02.tif,validate
NG0848306,mappingafrica,v2.0.0,NG,13.6415,11.3425,0.0266661352040816,0.9733338647959184,0.0,,mappingafrica-256/images/NG0848306_2019-02.tif,mappingafrica-256/labels/NG0848306_28732_2019-02.tif,train
NG0848628,mappingafrica,v2.0.0,NG,4.4765,11.3375,0.7524513711734694,0.2475486288265306,0.0,,mappingafrica-256/images/NG0848628_2019-02.tif,mappingafrica-256/labels/NG0848628_16262_2019-02.tif,validate
NG0853440,mappingafrica,v2.0.0,NG,7.0165,11.3275,0.6658561862244898,0.3341438137755101,0.0,,mappingafrica-256/images/NG0853440_2019-02.tif,mappingafrica-256/labels/NG0853440_10918_2019-02.tif,validate
NG0858568,mappingafrica,v2.0.0,NG,11.1615,11.3175,0.5314692283163265,0.4685307716836735,0.0,,mappingafrica-256/images/NG0858568_2018-02.tif,mappingafrica-256/labels/NG0858568_23976_2018-02.tif,train
NG0859396,mappingafrica,v2.0.0,NG,4.5565,11.3125,0.7643494897959183,0.2356505102040816,0.0,,mappingafrica-256/images/NG0859396_2022-04.tif,mappingafrica-256/labels/NG0859396_31144_2022-04.tif,train
NG0863798,mappingafrica,v2.0.0,NG,5.0915,11.3025,0.2332987882653061,0.7667012117346939,0.0,,mappingafrica-256/images/NG0863798_2018-02.tif,mappingafrica-256/labels/NG0863798_16263_2018-02.tif,train
NG0867070,mappingafrica,v2.0.0,NG,10.7415,11.2975,0.9885801977040816,0.0114198022959184,0.0,,mappingafrica-256/images/NG0867070_2023-08.tif,mappingafrica-256/labels/NG0867070_35847_2023-08.tif,train
NG0868083,mappingafrica,v2.0.0,NG,5.1115,11.2925,0.6343869579081632,0.3656130420918367,0.0,,mappingafrica-256/images/NG0868083_2022-04.tif,mappingafrica-256/labels/NG0868083_16264_2022-04.tif,test
NG0871599,mappingafrica,v2.0.0,NG,12.0215,11.2875,1.0,0.0,0.0,,mappingafrica-256/images/NG0871599_2022-04.tif,mappingafrica-256/labels/NG0871599_30027_2022-04.tif,train
NG0877746,mappingafrica,v2.0.0,NG,10.9115,11.2725,0.9467873086734694,0.0532126913265306,0.0,,mappingafrica-256/images/NG0877746_2019-08.tif,mappingafrica-256/labels/NG0877746_15289_2019-08.tif,validate
NG0879374,mappingafrica,v2.0.0,NG,8.4715,11.2675,0.5277423469387755,0.4722576530612244,0.0,,mappingafrica-256/images/NG0879374_2017-02.tif,mappingafrica-256/labels/NG0879374_20209_2017-02.tif,train
NG0881238,mappingafrica,v2.0.0,NG,7.2415,11.2625,0.6409438775510204,0.3590561224489795,0.0,,mappingafrica-256/images/NG0881238_2019-02.tif,mappingafrica-256/labels/NG0881238_16265_2019-02.tif,test
NG0885310,mappingafrica,v2.0.0,NG,6.5815,11.2525,0.6250797193877551,0.3749202806122449,0.0,,mappingafrica-256/images/NG0885310_2022-04.tif,mappingafrica-256/labels/NG0885310_15290_2022-04.tif,train
NG0885549,mappingafrica,v2.0.0,NG,7.7765,11.2525,0.7670998086734694,0.2329001913265306,0.0,,mappingafrica-256/images/NG0885549_2021-04.tif,mappingafrica-256/labels/NG0885549_2385_2021-04.tif,test
NG0891043,mappingafrica,v2.0.0,NG,3.9715,11.2375,0.406070631377551,0.5939293686224489,0.0,,mappingafrica-256/images/NG0891043_2022-04.tif,mappingafrica-256/labels/NG0891043_9850_2022-04.tif,train
NG0893747,mappingafrica,v2.0.0,NG,7.1065,11.2325,0.6328125,0.3671875,0.0,,mappingafrica-256/images/NG0893747_2022-04.tif,mappingafrica-256/labels/NG0893747_9851_2022-04.tif,train
NG0897928,mappingafrica,v2.0.0,NG,7.2715,11.2225,0.5742785395408163,0.4257214604591837,0.0,,mappingafrica-256/images/NG0897928_2021-04.tif,mappingafrica-256/labels/NG0897928_4447_2021-04.tif,train
NG0901553,mappingafrica,v2.0.0,NG,4.6965,11.2125,0.1871811224489795,0.8128188775510206,0.0,,mappingafrica-256/images/NG0901553_2020-02.tif,mappingafrica-256/labels/NG0901553_101699_2020-02.tif,train
NG0901798,mappingafrica,v2.0.0,NG,5.9215,11.2125,0.8401426977040817,0.1598573022959183,0.0,,mappingafrica-256/images/NG0901798_2019-02.tif,mappingafrica-256/labels/NG0901798_36986_2019-02.tif,train
NG0910549,mappingafrica,v2.0.0,NG,8.3615,11.1925,0.4739516900510204,0.5260483099489797,0.0,,mappingafrica-256/images/NG0910549_2020-02.tif,mappingafrica-256/labels/NG0910549_100765_2020-02.tif,train
NG0911638,mappingafrica,v2.0.0,NG,13.8065,11.1925,0.4780970982142857,0.5219029017857143,0.0,,mappingafrica-256/images/NG0911638_2017-08.tif,mappingafrica-256/labels/NG0911638_4451_2017-08.tif,train
NG0916536,mappingafrica,v2.0.0,NG,7.3915,11.1775,0.8981784119897959,0.1018215880102041,0.0,,mappingafrica-256/images/NG0916536_2020-02.tif,mappingafrica-256/labels/NG0916536_20213_2020-02.tif,train
NG0924473,mappingafrica,v2.0.0,NG,5.9865,11.1575,0.2342155612244898,0.7657844387755102,0.0,,mappingafrica-256/images/NG0924473_2018-02.tif,mappingafrica-256/labels/NG0924473_14241_2018-02.tif,train
NG0929386,mappingafrica,v2.0.0,NG,10.0765,11.1475,0.7022680165816326,0.2977319834183674,0.0,,mappingafrica-256/images/NG0929386_2021-04.tif,mappingafrica-256/labels/NG0929386_23997_2021-04.tif,train
NG0942737,mappingafrica,v2.0.0,NG,5.5165,11.1125,0.3054249043367347,0.6945750956632653,0.0,,mappingafrica-256/images/NG0942737_2017-02.tif,mappingafrica-256/labels/NG0942737_9855_2017-02.tif,train
NG0947667,mappingafrica,v2.0.0,NG,9.8615,11.1025,0.3767538265306122,0.6232461734693878,0.0,,mappingafrica-256/images/NG0947667_2023-04.tif,mappingafrica-256/labels/NG0947667_36725_2023-04.tif,train
NG0948948,mappingafrica,v2.0.0,NG,6.1215,11.0975,0.9291693239795918,0.0708306760204081,0.0,,mappingafrica-256/images/NG0948948_2020-02.tif,mappingafrica-256/labels/NG0948948_10922_2020-02.tif,train
NG0949386,mappingafrica,v2.0.0,NG,8.3115,11.0975,0.1028180803571428,0.8971819196428572,0.0,,mappingafrica-256/images/NG0949386_2018-02.tif,mappingafrica-256/labels/NG0949386_18220_2018-02.tif,train
NG0956879,mappingafrica,v2.0.0,NG,5.2315,11.0775,0.7724808673469388,0.2275191326530612,0.0,,mappingafrica-256/images/NG0956879_2018-02.tif,mappingafrica-256/labels/NG0956879_27455_2018-02.tif,train
NG0959960,mappingafrica,v2.0.0,NG,10.5115,11.0725,0.1029575892857142,0.8970424107142858,0.0,,mappingafrica-256/images/NG0959960_2018-02.tif,mappingafrica-256/labels/NG0959960_9857_2018-02.tif,train
NG0961333,mappingafrica,v2.0.0,NG,7.2615,11.0675,0.9365832270408164,0.0634167729591835,0.0,,mappingafrica-256/images/NG0961333_2022-04.tif,mappingafrica-256/labels/NG0961333_13186_2022-04.tif,train
NG0966476,mappingafrica,v2.0.0,NG,12.7615,11.0575,0.5826092155612245,0.4173907844387755,0.0,,mappingafrica-256/images/NG0966476_2020-02.tif,mappingafrica-256/labels/NG0966476_9858_2020-02.tif,train
NG0966484,mappingafrica,v2.0.0,NG,12.8015,11.0575,0.3315330038265306,0.6684669961734694,0.0,,mappingafrica-256/images/NG0966484_2020-02.tif,mappingafrica-256/labels/NG0966484_39112_2020-02.tif,validate
NG0968140,mappingafrica,v2.0.0,NG,10.9815,11.0525,0.7982700892857143,0.2017299107142857,0.0,,mappingafrica-256/images/NG0968140_2019-08.tif,mappingafrica-256/labels/NG0968140_3501_2019-08.tif,train
NG0968643,mappingafrica,v2.0.0,NG,13.4965,11.0525,0.3389867665816326,0.6610132334183674,0.0,,mappingafrica-256/images/NG0968643_2021-04.tif,mappingafrica-256/labels/NG0968643_7676_2021-04.tif,train
NG0977667,mappingafrica,v2.0.0,NG,8.12149999999999,11.0275,0.2383808992346938,0.7616191007653061,0.0,,mappingafrica-256/images/NG0977667_2017-02.tif,mappingafrica-256/labels/NG0977667_20856_2017-02.tif,train
NG0990035,mappingafrica,v2.0.0,NG,9.5965,10.9975,0.9246651785714286,0.0753348214285714,0.0,,mappingafrica-256/images/NG0990035_2018-02.tif,mappingafrica-256/labels/NG0990035_24018_2018-02.tif,train
NG0997312,mappingafrica,v2.0.0,NG,5.9965,10.9775,0.0249322385204081,0.975067761479592,0.0,,mappingafrica-256/images/NG0997312_2023-04.tif,mappingafrica-256/labels/NG0997312_28851_2023-04.tif,validate
NG1005735,mappingafrica,v2.0.0,NG,8.3415,10.9575,0.8901267538265306,0.1098732461734693,0.0,,mappingafrica-256/images/NG1005735_2019-02.tif,mappingafrica-256/labels/NG1005735_9859_2019-02.tif,train
NG1005744,mappingafrica,v2.0.0,NG,8.3865,10.9575,0.3447066326530612,0.6552933673469388,0.0,,mappingafrica-256/images/NG1005744_2018-02.tif,mappingafrica-256/labels/NG1005744_14244_2018-02.tif,train
NG1013601,mappingafrica,v2.0.0,NG,7.9515,10.9375,0.230727838010204,0.769272161989796,0.0,,mappingafrica-256/images/NG1013601_2020-02.tif,mappingafrica-256/labels/NG1013601_14246_2020-02.tif,train
NG1015598,mappingafrica,v2.0.0,NG,8.0115,10.9325,0.7666414221938775,0.2333585778061224,0.0,,mappingafrica-256/images/NG1015598_2021-04.tif,mappingafrica-256/labels/NG1015598_3509_2021-04.tif,train
NG1016239,mappingafrica,v2.0.0,NG,11.2165,10.9325,0.6629862882653061,0.3370137117346938,0.0,,mappingafrica-256/images/NG1016239_2022-04.tif,mappingafrica-256/labels/NG1016239_26368_2022-04.tif,train
NG1016520,mappingafrica,v2.0.0,NG,12.6215,10.9325,0.4073262117346938,0.5926737882653061,0.0,,mappingafrica-256/images/NG1016520_2017-02.tif,mappingafrica-256/labels/NG1016520_101469_2017-02.tif,train
NG1016541,mappingafrica,v2.0.0,NG,12.7265,10.9325,0.9999601403061223,3.985969387765298e-05,0.0,,mappingafrica-256/images/NG1016541_2018-02.tif,mappingafrica-256/labels/NG1016541_6807_2018-02.tif,train
NG1021081,mappingafrica,v2.0.0,NG,5.6515,10.9175,0.5795599489795918,0.4204400510204081,0.0,,mappingafrica-256/images/NG1021081_2021-04.tif,mappingafrica-256/labels/NG1021081_24025_2021-04.tif,train
NG1025033,mappingafrica,v2.0.0,NG,5.5615,10.9075,0.6884566326530612,0.3115433673469387,0.0,,mappingafrica-256/images/NG1025033_2020-02.tif,mappingafrica-256/labels/NG1025033_24026_2020-02.tif,validate
NG1027380,mappingafrica,v2.0.0,NG,7.3715,10.9025,0.4486407844387755,0.5513592155612246,0.0,,mappingafrica-256/images/NG1027380_2018-02.tif,mappingafrica-256/labels/NG1027380_24036_2018-02.tif,train
NG1028659,mappingafrica,v2.0.0,NG,3.8365,10.8975,0.6069634885204082,0.3930365114795918,0.0,,mappingafrica-256/images/NG1028659_2017-02.tif,mappingafrica-256/labels/NG1028659_2401_2017-02.tif,test
NG1030970,mappingafrica,v2.0.0,NG,5.4615,10.8925,0.7852758290816326,0.2147241709183673,0.0,,mappingafrica-256/images/NG1030970_2023-04.tif,mappingafrica-256/labels/NG1030970_28803_2023-04.tif,test
NG1036769,mappingafrica,v2.0.0,NG,4.6665,10.8775,0.1462651466836734,0.8537348533163266,0.0,,mappingafrica-256/images/NG1036769_2017-02.tif,mappingafrica-256/labels/NG1036769_17282_2017-02.tif,train
NG1039408,mappingafrica,v2.0.0,NG,7.9365,10.8725,0.8878946109693877,0.1121053890306122,0.0,,mappingafrica-256/images/NG1039408_2023-04.tif,mappingafrica-256/labels/NG1039408_36543_2023-04.tif,train
NG1044639,mappingafrica,v2.0.0,NG,4.3065,10.8575,0.1679488201530612,0.8320511798469388,0.0,,mappingafrica-256/images/NG1044639_2017-02.tif,mappingafrica-256/labels/NG1044639_5563_2017-02.tif,train
NG1045460,mappingafrica,v2.0.0,NG,8.4115,10.8575,0.4889389349489796,0.5110610650510203,0.0,,mappingafrica-256/images/NG1045460_2017-02.tif,mappingafrica-256/labels/NG1045460_24050_2017-02.tif,train
NG1045697,mappingafrica,v2.0.0,NG,9.5965,10.8575,0.1856863839285714,0.8143136160714286,0.0,,mappingafrica-256/images/NG1045697_2019-02.tif,mappingafrica-256/labels/NG1045697_2403_2019-02.tif,validate
NG1055376,mappingafrica,v2.0.0,NG,8.3815,10.8325,1.0,0.0,0.0,,mappingafrica-256/images/NG1055376_2017-02.tif,mappingafrica-256/labels/NG1055376_24723_2017-02.tif,train
NG1060415,mappingafrica,v2.0.0,NG,3.8615,10.8175,0.8997528698979592,0.1002471301020407,0.0,,mappingafrica-256/images/NG1060415_2020-02.tif,mappingafrica-256/labels/NG1060415_7684_2020-02.tif,validate
NG1060638,mappingafrica,v2.0.0,NG,4.9765,10.8175,0.0610650510204081,0.938934948979592,0.0,,mappingafrica-256/images/NG1060638_2017-02.tif,mappingafrica-256/labels/NG1060638_24058_2017-02.tif,train
NG1065241,mappingafrica,v2.0.0,NG,8.2115,10.8075,0.3570830676020408,0.6429169323979592,0.0,,mappingafrica-256/images/NG1065241_2019-02.tif,mappingafrica-256/labels/NG1065241_16276_2019-02.tif,train
NG1073986,mappingafrica,v2.0.0,NG,12.4515,10.7875,0.1234454719387755,0.8765545280612245,0.0,,mappingafrica-256/images/NG1073986_2017-02.tif,mappingafrica-256/labels/NG1073986_14253_2017-02.tif,train
NG1077694,mappingafrica,v2.0.0,NG,11.2865,10.7775,0.8995137117346939,0.1004862882653061,0.0,,mappingafrica-256/images/NG1077694_2021-03.tif,mappingafrica-256/labels/NG1077694_24067_2021-03.tif,train
NG1082482,mappingafrica,v2.0.0,NG,5.7115,10.7625,0.6762396364795918,0.3237603635204081,0.0,,mappingafrica-256/images/NG1082482_2018-02.tif,mappingafrica-256/labels/NG1082482_20223_2018-02.tif,train
NG1082952,mappingafrica,v2.0.0,NG,8.0615,10.7625,0.2034239477040816,0.7965760522959184,0.0,,mappingafrica-256/images/NG1082952_2022-04.tif,mappingafrica-256/labels/NG1082952_18230_2022-04.tif,train
NG1085138,mappingafrica,v2.0.0,NG,9.1615,10.7575,0.4178093112244898,0.5821906887755102,0.0,,mappingafrica-256/images/NG1085138_2022-04.tif,mappingafrica-256/labels/NG1085138_40088_2022-04.tif,train
NG1094262,mappingafrica,v2.0.0,NG,5.6865,10.7325,0.4470463966836734,0.5529536033163266,0.0,,mappingafrica-256/images/NG1094262_2021-04.tif,mappingafrica-256/labels/NG1094262_9860_2021-04.tif,train
NG1094732,mappingafrica,v2.0.0,NG,8.0365,10.7325,0.9305046237244898,0.0694953762755101,0.0,,mappingafrica-256/images/NG1094732_2022-04.tif,mappingafrica-256/labels/NG1094732_24070_2022-04.tif,train
NG1095963,mappingafrica,v2.0.0,NG,4.3915,10.7275,0.8490911989795918,0.1509088010204081,0.0,,mappingafrica-256/images/NG1095963_2021-08.tif,mappingafrica-256/labels/NG1095963_3524_2021-08.tif,train
NG1108138,mappingafrica,v2.0.0,NG,6.6265,10.6975,0.5783242984693877,0.4216757015306123,0.0,,mappingafrica-256/images/NG1108138_2020-02.tif,mappingafrica-256/labels/NG1108138_1830_2020-02.tif,validate
NG1117988,mappingafrica,v2.0.0,NG,7.1565,10.6725,0.271125637755102,0.728874362244898,0.0,,mappingafrica-256/images/NG1117988_2022-04.tif,mappingafrica-256/labels/NG1117988_40655_2022-04.tif,train
NG1119889,mappingafrica,v2.0.0,NG,6.9315,10.6675,0.7915138711734694,0.2084861288265306,0.0,,mappingafrica-256/images/NG1119889_2020-02.tif,mappingafrica-256/labels/NG1119889_24084_2020-02.tif,train
NG1126576,mappingafrica,v2.0.0,NG,11.2165,10.6525,0.4830795599489796,0.5169204400510203,0.0,,mappingafrica-256/images/NG1126576_2023-03.tif,mappingafrica-256/labels/NG1126576_27465_2023-03.tif,train
NG1127574,mappingafrica,v2.0.0,NG,6.5065,10.6475,0.2659438775510204,0.7340561224489797,0.0,,mappingafrica-256/images/NG1127574_2020-02.tif,mappingafrica-256/labels/NG1127574_6666_2020-02.tif,train
NG1128032,mappingafrica,v2.0.0,NG,8.7965,10.6475,0.8464803890306123,0.1535196109693877,0.0,,mappingafrica-256/images/NG1128032_2017-02.tif,mappingafrica-256/labels/NG1128032_24089_2017-02.tif,train
NG1129442,mappingafrica,v2.0.0,NG,6.1515,10.6425,0.9651426977040816,0.0348573022959184,0.0,,mappingafrica-256/images/NG1129442_2019-02.tif,mappingafrica-256/labels/NG1129442_33760_2019-02.tif,train
NG1129808,mappingafrica,v2.0.0,NG,7.9815,10.6425,0.945571588010204,0.0544284119897959,0.0,,mappingafrica-256/images/NG1129808_2020-02.tif,mappingafrica-256/labels/NG1129808_32567_2020-02.tif,train
NG1131432,mappingafrica,v2.0.0,NG,6.4065,10.6375,0.5243542729591837,0.4756457270408163,0.0,,mappingafrica-256/images/NG1131432_2023-04.tif,mappingafrica-256/labels/NG1131432_31248_2023-04.tif,train
NG1135997,mappingafrica,v2.0.0,NG,9.8465,10.6275,0.6335897640306123,0.3664102359693877,0.0,,mappingafrica-256/images/NG1135997_2021-04.tif,mappingafrica-256/labels/NG1135997_13198_2021-04.tif,train
NG1143977,mappingafrica,v2.0.0,NG,10.9915,10.6075,0.6989198022959183,0.3010801977040817,0.0,,mappingafrica-256/images/NG1143977_2020-02.tif,mappingafrica-256/labels/NG1143977_8775_2020-02.tif,train
NG1144114,mappingafrica,v2.0.0,NG,11.6765,10.6075,0.2462531887755102,0.7537468112244898,0.0,,mappingafrica-256/images/NG1144114_2020-02.tif,mappingafrica-256/labels/NG1144114_27467_2020-02.tif,train
NG1145966,mappingafrica,v2.0.0,NG,11.2515,10.6025,0.3452845982142857,0.6547154017857143,0.0,,mappingafrica-256/images/NG1145966_2020-02.tif,mappingafrica-256/labels/NG1145966_9865_2020-02.tif,train
NG1156297,mappingafrica,v2.0.0,NG,4.7415,10.5725,0.908203125,0.091796875,0.0,,mappingafrica-256/images/NG1156297_2017-02.tif,mappingafrica-256/labels/NG1156297_24099_2017-02.tif,train
NG1157074,mappingafrica,v2.0.0,NG,8.6265,10.5725,0.835319674744898,0.164680325255102,0.0,,mappingafrica-256/images/NG1157074_2020-02.tif,mappingafrica-256/labels/NG1157074_39043_2020-02.tif,train
NG1158306,mappingafrica,v2.0.0,NG,5.0765,10.5675,0.5234175701530612,0.4765824298469387,0.0,,mappingafrica-256/images/NG1158306_2023-04.tif,mappingafrica-256/labels/NG1158306_31484_2023-04.tif,test
NG1163469,mappingafrica,v2.0.0,NG,11.4615,10.5575,0.7644292091836735,0.2355707908163264,0.0,,mappingafrica-256/images/NG1163469_2020-02.tif,mappingafrica-256/labels/NG1163469_40271_2020-02.tif,train
NG1174600,mappingafrica,v2.0.0,NG,8.7665,10.5275,0.2890824298469387,0.7109175701530612,0.0,,mappingafrica-256/images/NG1174600_2021-04.tif,mappingafrica-256/labels/NG1174600_5573_2021-04.tif,train
NG1179066,mappingafrica,v2.0.0,NG,11.6065,10.5175,0.9017657844387756,0.0982342155612243,0.0,,mappingafrica-256/images/NG1179066_2020-02.tif,mappingafrica-256/labels/NG1179066_40039_2020-02.tif,train
NG1179406,mappingafrica,v2.0.0,NG,13.3065,10.5175,0.7140664859693877,0.2859335140306123,0.0,,mappingafrica-256/images/NG1179406_2021-08.tif,mappingafrica-256/labels/NG1179406_9869_2021-08.tif,validate
NG1180966,mappingafrica,v2.0.0,NG,11.3565,10.5125,0.3548907844387755,0.6451092155612246,0.0,,mappingafrica-256/images/NG1180966_2022-03.tif,mappingafrica-256/labels/NG1180966_13200_2022-03.tif,train
NG1183447,mappingafrica,v2.0.0,NG,4.2565,10.5025,0.5614038584183674,0.4385961415816326,0.0,,mappingafrica-256/images/NG1183447_2017-08.tif,mappingafrica-256/labels/NG1183447_24108_2017-08.tif,train
NG1185677,mappingafrica,v2.0.0,NG,5.6465,10.4975,0.5226801658163265,0.4773198341836735,0.0,,mappingafrica-256/images/NG1185677_2020-02.tif,mappingafrica-256/labels/NG1185677_8777_2020-02.tif,test
NG1185842,mappingafrica,v2.0.0,NG,6.4715,10.4975,0.0909598214285714,0.9090401785714286,0.0,,mappingafrica-256/images/NG1185842_2020-02.tif,mappingafrica-256/labels/NG1185842_15302_2020-02.tif,train
NG1186561,mappingafrica,v2.0.0,NG,10.0665,10.4975,0.1149752869897959,0.8850247130102041,0.0,,mappingafrica-256/images/NG1186561_2023-04.tif,mappingafrica-256/labels/NG1186561_29307_2023-04.tif,train
NG1193139,mappingafrica,v2.0.0,NG,3.9315,10.4775,0.4193439094387755,0.5806560905612246,0.0,,mappingafrica-256/images/NG1193139_2023-04.tif,mappingafrica-256/labels/NG1193139_37970_2023-04.tif,test
NG1194993,mappingafrica,v2.0.0,NG,13.2015,10.4775,0.7282366071428571,0.2717633928571429,0.0,,mappingafrica-256/images/NG1194993_2022-08.tif,mappingafrica-256/labels/NG1194993_17291_2022-08.tif,train
NG1195010,mappingafrica,v2.0.0,NG,13.2865,10.4775,0.924186862244898,0.075813137755102,0.0,,mappingafrica-256/images/NG1195010_2018-08.tif,mappingafrica-256/labels/NG1195010_5576_2018-08.tif,validate
NG1198787,mappingafrica,v2.0.0,NG,12.6765,10.4675,0.7662029655612245,0.2337970344387755,0.0,,mappingafrica-256/images/NG1198787_2020-07.tif,mappingafrica-256/labels/NG1198787_35668_2020-07.tif,train
NG1206689,mappingafrica,v2.0.0,NG,13.1615,10.4475,0.5959422831632653,0.4040577168367347,0.0,,mappingafrica-256/images/NG1206689_2019-08.tif,mappingafrica-256/labels/NG1206689_24111_2019-08.tif,test
NG1207122,mappingafrica,v2.0.0,NG,5.5265,10.4425,0.4138432716836734,0.5861567283163266,0.0,,mappingafrica-256/images/NG1207122_2021-04.tif,mappingafrica-256/labels/NG1207122_12121_2021-04.tif,train
NG1208969,mappingafrica,v2.0.0,NG,4.9465,10.4375,0.2150829081632653,0.7849170918367347,0.0,,mappingafrica-256/images/NG1208969_2017-02.tif,mappingafrica-256/labels/NG1208969_10935_2017-02.tif,train
NG1209137,mappingafrica,v2.0.0,NG,5.7865,10.4375,0.650749362244898,0.349250637755102,0.0,,mappingafrica-256/images/NG1209137_2017-02.tif,mappingafrica-256/labels/NG1209137_24114_2017-02.tif,train
NG1214564,mappingafrica,v2.0.0,NG,13.2415,10.4275,0.9813257334183674,0.0186742665816326,0.0,,mappingafrica-256/images/NG1214564_2020-07.tif,mappingafrica-256/labels/NG1214564_18239_2020-07.tif,train
NG1214773,mappingafrica,v2.0.0,NG,4.42149999999999,10.4225,0.8094706632653061,0.1905293367346938,0.0,,mappingafrica-256/images/NG1214773_2019-08.tif,mappingafrica-256/labels/NG1214773_16286_2019-08.tif,train
NG1222641,mappingafrica,v2.0.0,NG,4.2015,10.4025,0.1693040497448979,0.8306959502551021,0.0,,mappingafrica-256/images/NG1222641_2023-04.tif,mappingafrica-256/labels/NG1222641_36979_2023-04.tif,train
NG1222886,mappingafrica,v2.0.0,NG,5.4265,10.4025,0.5350765306122449,0.4649234693877551,0.0,,mappingafrica-256/images/NG1222886_2021-04.tif,mappingafrica-256/labels/NG1222886_35755_2021-04.tif,train
NG1223559,mappingafrica,v2.0.0,NG,8.7915,10.4025,0.4199816645408163,0.5800183354591837,0.0,,mappingafrica-256/images/NG1223559_2017-02.tif,mappingafrica-256/labels/NG1223559_37360_2017-02.tif,validate
NG1229111,mappingafrica,v2.0.0,NG,6.8715,10.3875,0.4545400191326531,0.5454599808673469,0.0,,mappingafrica-256/images/NG1229111_2021-04.tif,mappingafrica-256/labels/NG1229111_34772_2021-04.tif,train
NG1229637,mappingafrica,v2.0.0,NG,9.5015,10.3875,0.5010562818877551,0.4989437181122449,0.0,,mappingafrica-256/images/NG1229637_2017-02.tif,mappingafrica-256/labels/NG1229637_4469_2017-02.tif,test
NG1231348,mappingafrica,v2.0.0,NG,8.1565,10.3825,0.9208585778061223,0.0791414221938776,0.0,,mappingafrica-256/images/NG1231348_2021-04.tif,mappingafrica-256/labels/NG1231348_40757_2021-04.tif,train
NG1232823,mappingafrica,v2.0.0,NG,5.6315,10.3775,0.4713408801020408,0.5286591198979592,0.0,,mappingafrica-256/images/NG1232823_2021-04.tif,mappingafrica-256/labels/NG1232823_14270_2021-04.tif,train
NG1236333,mappingafrica,v2.0.0,NG,13.2815,10.3725,0.3235411352040816,0.6764588647959184,0.0,,mappingafrica-256/images/NG1236333_2018-08.tif,mappingafrica-256/labels/NG1236333_36674_2018-08.tif,train
NG1237462,mappingafrica,v2.0.0,NG,9.03149999999999,10.3675,0.3890106823979591,0.6109893176020409,0.0,,mappingafrica-256/images/NG1237462_2019-02.tif,mappingafrica-256/labels/NG1237462_14271_2019-02.tif,train
NG1242721,mappingafrica,v2.0.0,NG,5.6315,10.3525,0.9513911033163264,0.0486088966836736,0.0,,mappingafrica-256/images/NG1242721_2022-04.tif,mappingafrica-256/labels/NG1242721_24131_2022-04.tif,train
NG1244933,mappingafrica,v2.0.0,NG,6.7915,10.3475,0.2508569834183674,0.7491430165816326,0.0,,mappingafrica-256/images/NG1244933_2023-04.tif,mappingafrica-256/labels/NG1244933_27477_2023-04.tif,validate
NG1245389,mappingafrica,v2.0.0,NG,9.0715,10.3475,0.3101482780612244,0.6898517219387756,0.0,,mappingafrica-256/images/NG1245389_2018-02.tif,mappingafrica-256/labels/NG1245389_4472_2018-02.tif,train
NG1246245,mappingafrica,v2.0.0,NG,13.3515,10.3475,0.128368144132653,0.871631855867347,0.0,,mappingafrica-256/images/NG1246245_2018-08.tif,mappingafrica-256/labels/NG1246245_12125_2018-08.tif,train
NG1247082,mappingafrica,v2.0.0,NG,7.6315,10.3425,0.5408561862244898,0.4591438137755101,0.0,,mappingafrica-256/images/NG1247082_2019-02.tif,mappingafrica-256/labels/NG1247082_16289_2019-02.tif,train
NG1254491,mappingafrica,v2.0.0,NG,5.0315,10.3225,1.0,0.0,0.0,,mappingafrica-256/images/NG1254491_2022-04.tif,mappingafrica-256/labels/NG1254491_34986_2022-04.tif,train
NG1254605,mappingafrica,v2.0.0,NG,5.60149999999999,10.3225,0.6611527423469388,0.3388472576530612,0.0,,mappingafrica-256/images/NG1254605_2019-02.tif,mappingafrica-256/labels/NG1254605_16292_2019-02.tif,validate
NG1259441,mappingafrica,v2.0.0,NG,9.9415,10.3125,0.419742506377551,0.5802574936224489,0.0,,mappingafrica-256/images/NG1259441_2023-04.tif,mappingafrica-256/labels/NG1259441_36825_2023-04.tif,train
NG1260101,mappingafrica,v2.0.0,NG,13.2415,10.3125,0.3332270408163265,0.6667729591836735,0.0,,mappingafrica-256/images/NG1260101_2022-08.tif,mappingafrica-256/labels/NG1260101_2991_2022-08.tif,train
NG1262545,mappingafrica,v2.0.0,NG,5.6165,10.3025,0.991928411989796,0.008071588010204,0.0,,mappingafrica-256/images/NG1262545_2020-02.tif,mappingafrica-256/labels/NG1262545_39475_2020-02.tif,train
NG1266327,mappingafrica,v2.0.0,NG,4.6815,10.2925,0.3672273596938775,0.6327726403061225,0.0,,mappingafrica-256/images/NG1266327_2021-03.tif,mappingafrica-256/labels/NG1266327_32077_2021-03.tif,train
NG1269326,mappingafrica,v2.0.0,NG,9.7515,10.2875,0.6019411670918368,0.3980588329081632,0.0,,mappingafrica-256/images/NG1269326_2020-02.tif,mappingafrica-256/labels/NG1269326_20229_2020-02.tif,test
NG1280434,mappingafrica,v2.0.0,NG,5.8115,10.2575,0.2392578125,0.7607421875,0.0,,mappingafrica-256/images/NG1280434_2017-02.tif,mappingafrica-256/labels/NG1280434_15308_2017-02.tif,train
NG1281132,mappingafrica,v2.0.0,NG,9.3015,10.2575,0.5035873724489796,0.4964126275510204,0.0,,mappingafrica-256/images/NG1281132_2020-02.tif,mappingafrica-256/labels/NG1281132_1848_2020-02.tif,test
NG1287481,mappingafrica,v2.0.0,NG,11.3765,10.2425,0.9987842793367347,0.0012157206632652,0.0,,mappingafrica-256/images/NG1287481_2019-08.tif,mappingafrica-256/labels/NG1287481_7696_2019-08.tif,train
NG1289608,mappingafrica,v2.0.0,NG,12.1365,10.2375,0.3635204081632653,0.6364795918367347,0.0,,mappingafrica-256/images/NG1289608_2023-08.tif,mappingafrica-256/labels/NG1289608_30042_2023-08.tif,validate
NG1297574,mappingafrica,v2.0.0,NG,12.5315,10.2175,0.7140664859693877,0.2859335140306123,0.0,,mappingafrica-256/images/NG1297574_2022-08.tif,mappingafrica-256/labels/NG1297574_26614_2022-08.tif,train
NG1304718,mappingafrica,v2.0.0,NG,8.8865,10.1975,0.0786431760204081,0.921356823979592,0.0,,mappingafrica-256/images/NG1304718_2023-04.tif,mappingafrica-256/labels/NG1304718_30766_2023-04.tif,train
NG1309077,mappingafrica,v2.0.0,NG,11.0315,10.1875,0.1743463010204081,0.825653698979592,0.0,,mappingafrica-256/images/NG1309077_2022-08.tif,mappingafrica-256/labels/NG1309077_24140_2022-08.tif,test
NG1313302,mappingafrica,v2.0.0,NG,12.5565,10.1775,0.8693399234693877,0.1306600765306123,0.0,,mappingafrica-256/images/NG1313302_2018-08.tif,mappingafrica-256/labels/NG1313302_39580_2018-08.tif,test
NG1316086,mappingafrica,v2.0.0,NG,6.9265,10.1675,0.9774792729591836,0.0225207270408164,0.0,,mappingafrica-256/images/NG1316086_2023-04.tif,mappingafrica-256/labels/NG1316086_28482_2023-04.tif,train
NG1319722,mappingafrica,v2.0.0,NG,5.5865,10.1575,0.6920440051020408,0.3079559948979592,0.0,,mappingafrica-256/images/NG1319722_2022-04.tif,mappingafrica-256/labels/NG1319722_6682_2022-04.tif,train
NG1319834,mappingafrica,v2.0.0,NG,6.1465,10.1575,0.7880062181122449,0.211993781887755,0.0,,mappingafrica-256/images/NG1319834_2018-02.tif,mappingafrica-256/labels/NG1319834_4477_2018-02.tif,test
NG1325754,mappingafrica,v2.0.0,NG,6.4815,10.1425,0.1615513392857142,0.8384486607142858,0.0,,mappingafrica-256/images/NG1325754_2019-02.tif,mappingafrica-256/labels/NG1325754_100770_2019-02.tif,train
NG1329711,mappingafrica,v2.0.0,NG,6.7565,10.1325,0.0718670280612244,0.9281329719387756,0.0,,mappingafrica-256/images/NG1329711_2017-02.tif,mappingafrica-256/labels/NG1329711_10941_2017-02.tif,train
NG1333534,mappingafrica,v2.0.0,NG,6.3665,10.1225,0.3100884885204081,0.689911511479592,0.0,,mappingafrica-256/images/NG1333534_2021-04.tif,mappingafrica-256/labels/NG1333534_9877_2021-04.tif,train
NG1333965,mappingafrica,v2.0.0,NG,8.5215,10.1225,0.4252232142857143,0.5747767857142857,0.0,,mappingafrica-256/images/NG1333965_2021-04.tif,mappingafrica-256/labels/NG1333965_19305_2021-04.tif,train
NG1339140,mappingafrica,v2.0.0,NG,5.2815,10.1075,0.8152104591836735,0.1847895408163264,0.0,,mappingafrica-256/images/NG1339140_2019-02.tif,mappingafrica-256/labels/NG1339140_6683_2019-02.tif,train
NG1339306,mappingafrica,v2.0.0,NG,6.1115,10.1075,0.7641701211734694,0.2358298788265306,0.0,,mappingafrica-256/images/NG1339306_2020-02.tif,mappingafrica-256/labels/NG1339306_20231_2020-02.tif,test
NG1343813,mappingafrica,v2.0.0,NG,9.2815,10.0975,0.7499003507653061,0.2500996492346938,0.0,,mappingafrica-256/images/NG1343813_2017-02.tif,mappingafrica-256/labels/NG1343813_24154_2017-02.tif,train
NG1344594,mappingafrica,v2.0.0,NG,13.1865,10.0975,0.6774553571428571,0.3225446428571429,0.0,,mappingafrica-256/images/NG1344594_2022-08.tif,mappingafrica-256/labels/NG1344594_30814_2022-08.tif,train
NG1346507,mappingafrica,v2.0.0,NG,13.0665,10.0925,0.7822265625,0.2177734375,0.0,,mappingafrica-256/images/NG1346507_2018-08.tif,mappingafrica-256/labels/NG1346507_614_2018-08.tif,train
NG1350126,mappingafrica,v2.0.0,NG,11.7865,10.0825,0.0824896364795918,0.9175103635204082,0.0,,mappingafrica-256/images/NG1350126_2023-08.tif,mappingafrica-256/labels/NG1350126_32776_2023-08.tif,train
NG1357403,mappingafrica,v2.0.0,NG,9.4365,10.0625,0.2759685905612244,0.7240314094387756,0.0,,mappingafrica-256/images/NG1357403_2023-04.tif,mappingafrica-256/labels/NG1357403_31784_2023-04.tif,train
NG1365258,mappingafrica,v2.0.0,NG,10.0115,10.0425,0.2636320153061224,0.7363679846938775,0.0,,mappingafrica-256/images/NG1365258_2019-02.tif,mappingafrica-256/labels/NG1365258_26658_2019-02.tif,train
NG1367013,mappingafrica,v2.0.0,NG,9.12149999999999,10.0375,0.4114118303571428,0.5885881696428572,0.0,,mappingafrica-256/images/NG1367013_2019-02.tif,mappingafrica-256/labels/NG1367013_7708_2019-02.tif,train
NG1373891,mappingafrica,v2.0.0,NG,4.9015,10.0175,0.9846540178571428,0.0153459821428572,0.0,,mappingafrica-256/images/NG1373891_2020-02.tif,mappingafrica-256/labels/NG1373891_18251_2020-02.tif,train
NG1386772,mappingafrica,v2.0.0,NG,11.4365,9.9875,0.7701690051020408,0.2298309948979592,0.0,,mappingafrica-256/images/NG1386772_2017-08.tif,mappingafrica-256/labels/NG1386772_20237_2017-08.tif,train
NG1392860,mappingafrica,v2.0.0,NG,12.8765,9.9725,0.485969387755102,0.514030612244898,0.0,,mappingafrica-256/images/NG1392860_2021-08.tif,mappingafrica-256/labels/NG1392860_12136_2021-08.tif,train
NG1397139,mappingafrica,v2.0.0,NG,5.2365,9.9575,0.130141900510204,0.869858099489796,0.0,,mappingafrica-256/images/NG1397139_2023-04.tif,mappingafrica-256/labels/NG1397139_33688_2023-04.tif,train
NG1400261,mappingafrica,v2.0.0,NG,11.1615,9.9525,0.9883609693877552,0.0116390306122448,0.0,,mappingafrica-256/images/NG1400261_2023-08.tif,mappingafrica-256/labels/NG1400261_37346_2023-08.tif,train
NG1403240,mappingafrica,v2.0.0,NG,6.6865,9.9425,0.8964445153061225,0.1035554846938775,0.0,,mappingafrica-256/images/NG1403240_2023-04.tif,mappingafrica-256/labels/NG1403240_30531_2023-04.tif,train
NG1404176,mappingafrica,v2.0.0,NG,11.3665,9.9425,0.2378627232142857,0.7621372767857143,0.0,,mappingafrica-256/images/NG1404176_2017-08.tif,mappingafrica-256/labels/NG1404176_17304_2017-08.tif,train
NG1411896,mappingafrica,v2.0.0,NG,11.1765,9.9225,0.3083147321428571,0.6916852678571429,0.0,,mappingafrica-256/images/NG1411896_2021-08.tif,mappingafrica-256/labels/NG1411896_2447_2021-08.tif,train
NG1419813,mappingafrica,v2.0.0,NG,11.9965,9.9025,0.3430325255102041,0.656967474489796,0.0,,mappingafrica-256/images/NG1419813_2020-07.tif,mappingafrica-256/labels/NG1419813_20240_2020-07.tif,train
NG1420000,mappingafrica,v2.0.0,NG,12.9315,9.9025,0.0717873086734693,0.9282126913265308,0.0,,mappingafrica-256/images/NG1420000_2022-08.tif,mappingafrica-256/labels/NG1420000_24189_2022-08.tif,train
NG1424574,mappingafrica,v2.0.0,NG,6.7715,9.8875,0.5290178571428571,0.4709821428571429,0.0,,mappingafrica-256/images/NG1424574_2017-02.tif,mappingafrica-256/labels/NG1424574_24191_2017-02.tif,train
NG1425398,mappingafrica,v2.0.0,NG,10.8915,9.8875,0.907126913265306,0.0928730867346939,0.0,,mappingafrica-256/images/NG1425398_2023-03.tif,mappingafrica-256/labels/NG1425398_27495_2023-03.tif,train
NG1430448,mappingafrica,v2.0.0,NG,7.0815,9.8725,0.9284119897959184,0.0715880102040815,0.0,,mappingafrica-256/images/NG1430448_2023-04.tif,mappingafrica-256/labels/NG1430448_31731_2023-04.tif,test
NG1430786,mappingafrica,v2.0.0,NG,8.7715,9.8725,0.5952248086734694,0.4047751913265306,0.0,,mappingafrica-256/images/NG1430786_2021-04.tif,mappingafrica-256/labels/NG1430786_20241_2021-04.tif,train
NG1430994,mappingafrica,v2.0.0,NG,9.8115,9.8725,0.7835419323979592,0.2164580676020407,0.0,,mappingafrica-256/images/NG1430994_2020-02.tif,mappingafrica-256/labels/NG1430994_24193_2020-02.tif,train
NG1450005,mappingafrica,v2.0.0,NG,6.4865,9.82250000000001,0.6259765625,0.3740234375,0.0,,mappingafrica-256/images/NG1450005_2018-02.tif,mappingafrica-256/labels/NG1450005_8789_2018-02.tif,validate
NG1451592,mappingafrica,v2.0.0,NG,4.4765,9.8175,0.4464086415816326,0.5535913584183674,0.0,,mappingafrica-256/images/NG1451592_2023-04.tif,mappingafrica-256/labels/NG1451592_27496_2023-04.tif,train
NG1460632,mappingafrica,v2.0.0,NG,9.8165,9.7975,0.3349808673469387,0.6650191326530612,0.0,,mappingafrica-256/images/NG1460632_2023-04.tif,mappingafrica-256/labels/NG1460632_37047_2023-04.tif,train
NG1463149,mappingafrica,v2.0.0,NG,12.4265,9.7925,0.5515784438775511,0.4484215561224489,0.0,,mappingafrica-256/images/NG1463149_2022-03.tif,mappingafrica-256/labels/NG1463149_9883_2022-03.tif,train
NG1473022,mappingafrica,v2.0.0,NG,11.9315,9.7675,0.1926618303571428,0.8073381696428572,0.0,,mappingafrica-256/images/NG1473022_2018-02.tif,mappingafrica-256/labels/NG1473022_24202_2018-02.tif,train
NG1477834,mappingafrica,v2.0.0,NG,6.1265,9.7525,0.3695790816326531,0.6304209183673469,0.0,,mappingafrica-256/images/NG1477834_2017-02.tif,mappingafrica-256/labels/NG1477834_29242_2017-02.tif,validate
NG1494690,mappingafrica,v2.0.0,NG,10.9565,9.7125,0.2637914540816326,0.7362085459183674,0.0,,mappingafrica-256/images/NG1494690_2022-03.tif,mappingafrica-256/labels/NG1494690_28391_2022-03.tif,train
NG1497118,mappingafrica,v2.0.0,NG,13.1765,9.7075,0.3820352359693877,0.6179647640306123,0.0,,mappingafrica-256/images/NG1497118_2020-02.tif,mappingafrica-256/labels/NG1497118_24206_2020-02.tif,train
NG1499479,mappingafrica,v2.0.0,NG,5.1565,9.69750000000001,0.3756576849489796,0.6243423150510203,0.0,,mappingafrica-256/images/NG1499479_2018-02.tif,mappingafrica-256/labels/NG1499479_18260_2018-02.tif,train
NG1500427,mappingafrica,v2.0.0,NG,9.8965,9.69750000000001,0.2316047512755102,0.7683952487244898,0.0,,mappingafrica-256/images/NG1500427_2018-02.tif,mappingafrica-256/labels/NG1500427_13227_2018-02.tif,train
NG1504551,mappingafrica,v2.0.0,NG,10.6965,9.6875,0.4012675382653061,0.5987324617346939,0.0,,mappingafrica-256/images/NG1504551_2023-03.tif,mappingafrica-256/labels/NG1504551_28352_2023-03.tif,train
NG1506448,mappingafrica,v2.0.0,NG,10.2665,9.6825,0.0786232461734693,0.9213767538265308,0.0,,mappingafrica-256/images/NG1506448_2022-04.tif,mappingafrica-256/labels/NG1506448_14294_2022-04.tif,train
NG1516531,mappingafrica,v2.0.0,NG,10.9265,9.6575,0.3862005739795918,0.6137994260204083,0.0,,mappingafrica-256/images/NG1516531_2023-03.tif,mappingafrica-256/labels/NG1516531_32399_2023-03.tif,test
NG1516877,mappingafrica,v2.0.0,NG,12.6565,9.6575,0.1044124681122449,0.8955875318877551,0.0,,mappingafrica-256/images/NG1516877_2022-03.tif,mappingafrica-256/labels/NG1516877_12145_2022-03.tif,train
NG1517219,mappingafrica,v2.0.0,NG,4.3765,9.6525,0.5885283801020408,0.4114716198979592,0.0,,mappingafrica-256/images/NG1517219_2018-02.tif,mappingafrica-256/labels/NG1517219_5599_2018-02.tif,test
NG1519519,mappingafrica,v2.0.0,NG,5.8915,9.6475,0.407405931122449,0.5925940688775511,0.0,,mappingafrica-256/images/NG1519519_2023-04.tif,mappingafrica-256/labels/NG1519519_30243_2023-04.tif,train
NG1524894,mappingafrica,v2.0.0,NG,12.7865,9.6375,0.4143215880102041,0.585678411989796,0.0,,mappingafrica-256/images/NG1524894_2019-02.tif,mappingafrica-256/labels/NG1524894_27501_2019-02.tif,train
NG1524907,mappingafrica,v2.0.0,NG,12.8515,9.6375,0.4820033482142857,0.5179966517857143,0.0,,mappingafrica-256/images/NG1524907_2022-03.tif,mappingafrica-256/labels/NG1524907_36529_2022-03.tif,test
NG1525583,mappingafrica,v2.0.0,NG,6.2365,9.6325,0.6047712053571429,0.3952287946428571,0.0,,mappingafrica-256/images/NG1525583_2022-04.tif,mappingafrica-256/labels/NG1525583_101994_2022-04.tif,train
NG1551411,mappingafrica,v2.0.0,NG,5.3215,9.5675,0.4559351084183674,0.5440648915816326,0.0,,mappingafrica-256/images/NG1551411_2021-04.tif,mappingafrica-256/labels/NG1551411_19319_2021-04.tif,train
NG1562958,mappingafrica,v2.0.0,NG,12.9465,9.5425,0.3894292091836734,0.6105707908163266,0.0,,mappingafrica-256/images/NG1562958_2021-03.tif,mappingafrica-256/labels/NG1562958_24221_2021-03.tif,train
NG1564894,mappingafrica,v2.0.0,NG,12.6015,9.5375,0.8573620854591837,0.1426379145408163,0.0,,mappingafrica-256/images/NG1564894_2021-03.tif,mappingafrica-256/labels/NG1564894_24223_2021-03.tif,validate
NG1565476,mappingafrica,v2.0.0,NG,5.5065,9.5325,0.3869977678571428,0.6130022321428572,0.0,,mappingafrica-256/images/NG1565476_2019-02.tif,mappingafrica-256/labels/NG1565476_637_2019-02.tif,validate
NG1568856,mappingafrica,v2.0.0,NG,12.4065,9.5275,0.0855986926020408,0.9144013073979592,0.0,,mappingafrica-256/images/NG1568856_2019-02.tif,mappingafrica-256/labels/NG1568856_24227_2019-02.tif,train
NG1570439,mappingafrica,v2.0.0,NG,10.3215,9.5225,0.3889708227040816,0.6110291772959184,0.0,,mappingafrica-256/images/NG1570439_2017-02.tif,mappingafrica-256/labels/NG1570439_33894_2017-02.tif,validate
NG1577168,mappingafrica,v2.0.0,NG,4.2015,9.5025,0.4775589923469387,0.5224410076530612,0.0,,mappingafrica-256/images/NG1577168_2018-02.tif,mappingafrica-256/labels/NG1577168_18262_2018-02.tif,validate
NG1578081,mappingafrica,v2.0.0,NG,8.7665,9.5025,0.5985132334183674,0.4014867665816326,0.0,,mappingafrica-256/images/NG1578081_2018-02.tif,mappingafrica-256/labels/NG1578081_24230_2018-02.tif,train
NG1594454,mappingafrica,v2.0.0,NG,11.6365,9.4625,0.69921875,0.30078125,0.0,,mappingafrica-256/images/NG1594454_2020-02.tif,mappingafrica-256/labels/NG1594454_16314_2020-02.tif,validate
NG1600720,mappingafrica,v2.0.0,NG,3.6265,9.4425,0.4832987882653061,0.5167012117346939,0.0,,mappingafrica-256/images/NG1600720_2022-04.tif,mappingafrica-256/labels/NG1600720_9886_2022-04.tif,test
NG1607257,mappingafrica,v2.0.0,NG,6.8815,9.4275,0.3047672193877551,0.6952327806122449,0.0,,mappingafrica-256/images/NG1607257_2020-02.tif,mappingafrica-256/labels/NG1607257_15332_2020-02.tif,validate
NG1612075,mappingafrica,v2.0.0,NG,11.3715,9.4175,0.9743901466836736,0.0256098533163263,0.0,,mappingafrica-256/images/NG1612075_2021-08.tif,mappingafrica-256/labels/NG1612075_8802_2021-08.tif,train
NG1613101,mappingafrica,v2.0.0,NG,6.7115,9.4125,0.4551777742346938,0.5448222257653061,0.0,,mappingafrica-256/images/NG1613101_2023-04.tif,mappingafrica-256/labels/NG1613101_34150_2023-04.tif,train
NG1613831,mappingafrica,v2.0.0,NG,10.3615,9.4125,0.1337292729591837,0.8662707270408163,0.0,,mappingafrica-256/images/NG1613831_2018-02.tif,mappingafrica-256/labels/NG1613831_3023_2018-02.tif,train
NG1616481,mappingafrica,v2.0.0,NG,4.0765,9.4025,0.6823580994897959,0.3176419005102041,0.0,,mappingafrica-256/images/NG1616481_2021-04.tif,mappingafrica-256/labels/NG1616481_7721_2021-04.tif,validate
NG1618404,mappingafrica,v2.0.0,NG,3.9415,9.3975,0.4365433673469387,0.5634566326530612,0.0,,mappingafrica-256/images/NG1618404_2021-04.tif,mappingafrica-256/labels/NG1618404_101499_2021-04.tif,train
NG1618763,mappingafrica,v2.0.0,NG,5.7365,9.3975,0.3148716517857143,0.6851283482142857,0.0,,mappingafrica-256/images/NG1618763_2019-02.tif,mappingafrica-256/labels/NG1618763_3582_2019-02.tif,train
NG1624663,mappingafrica,v2.0.0,NG,6.0465,9.3825,0.5999282525510204,0.4000717474489795,0.0,,mappingafrica-256/images/NG1624663_2018-02.tif,mappingafrica-256/labels/NG1624663_5605_2018-02.tif,train
NG1625588,mappingafrica,v2.0.0,NG,10.6715,9.3825,0.5164620535714286,0.4835379464285714,0.0,,mappingafrica-256/images/NG1625588_2023-04.tif,mappingafrica-256/labels/NG1625588_28380_2023-04.tif,train
NG1625901,mappingafrica,v2.0.0,NG,12.2365,9.3825,0.7305484693877551,0.2694515306122449,0.0,,mappingafrica-256/images/NG1625901_2018-02.tif,mappingafrica-256/labels/NG1625901_12156_2018-02.tif,train
NG1627866,mappingafrica,v2.0.0,NG,12.3515,9.3775,0.1501315369897959,0.8498684630102041,0.0,,mappingafrica-256/images/NG1627866_2021-03.tif,mappingafrica-256/labels/NG1627866_24259_2021-03.tif,test
NG1640113,mappingafrica,v2.0.0,NG,5.4765,9.3425,0.4468072385204081,0.553192761479592,0.0,,mappingafrica-256/images/NG1640113_2018-02.tif,mappingafrica-256/labels/NG1640113_27512_2018-02.tif,train
NG1649547,mappingafrica,v2.0.0,NG,3.8715,9.3175,0.4902543048469387,0.5097456951530612,0.0,,mappingafrica-256/images/NG1649547_2017-02.tif,mappingafrica-256/labels/NG1649547_13242_2017-02.tif,train
NG1652513,mappingafrica,v2.0.0,NG,8.9465,9.3125,0.7995455994897959,0.2004544005102041,0.0,,mappingafrica-256/images/NG1652513_2022-04.tif,mappingafrica-256/labels/NG1652513_2465_2022-04.tif,validate
NG1655162,mappingafrica,v2.0.0,NG,12.4365,9.3075,0.6840720663265306,0.3159279336734694,0.0,,mappingafrica-256/images/NG1655162_2017-02.tif,mappingafrica-256/labels/NG1655162_35399_2017-02.tif,train
NG1655216,mappingafrica,v2.0.0,NG,12.7065,9.3075,0.0557437818877551,0.9442562181122448,0.0,,mappingafrica-256/images/NG1655216_2023-03.tif,mappingafrica-256/labels/NG1655216_34855_2023-03.tif,train
NG1661682,mappingafrica,v2.0.0,NG,6.0365,9.2875,0.2553013392857143,0.7446986607142857,0.0,,mappingafrica-256/images/NG1661682_2020-02.tif,mappingafrica-256/labels/NG1661682_9892_2020-02.tif,train
NG1664196,mappingafrica,v2.0.0,NG,8.8565,9.2825,0.2772640306122449,0.7227359693877551,0.0,,mappingafrica-256/images/NG1664196_2021-04.tif,mappingafrica-256/labels/NG1664196_9893_2021-04.tif,train
NG1664612,mappingafrica,v2.0.0,NG,10.9365,9.2825,0.0389030612244898,0.9610969387755102,0.0,,mappingafrica-256/images/NG1664612_2018-02.tif,mappingafrica-256/labels/NG1664612_37901_2018-02.tif,train
NG1676409,mappingafrica,v2.0.0,NG,11.2965,9.2525,0.0393813775510204,0.9606186224489796,0.0,,mappingafrica-256/images/NG1676409_2023-08.tif,mappingafrica-256/labels/NG1676409_28897_2023-08.tif,train
NG1679415,mappingafrica,v2.0.0,NG,6.7515,9.2425,0.6188616071428571,0.3811383928571429,0.0,,mappingafrica-256/images/NG1679415_2020-02.tif,mappingafrica-256/labels/NG1679415_20253_2020-02.tif,train
NG1679609,mappingafrica,v2.0.0,NG,7.7215,9.2425,0.409797512755102,0.590202487244898,0.0,,mappingafrica-256/images/NG1679609_2021-04.tif,mappingafrica-256/labels/NG1679609_36724_2021-04.tif,train
NG1680505,mappingafrica,v2.0.0,NG,12.2015,9.2425,0.1976642219387755,0.8023357780612245,0.0,,mappingafrica-256/images/NG1680505_2020-02.tif,mappingafrica-256/labels/NG1680505_33645_2020-02.tif,train
NG1685285,mappingafrica,v2.0.0,NG,6.7315,9.2275,0.8730668048469388,0.1269331951530612,0.0,,mappingafrica-256/images/NG1685285_2019-02.tif,mappingafrica-256/labels/NG1685285_2469_2019-02.tif,train
NG1687955,mappingafrica,v2.0.0,NG,10.2965,9.2225,0.2388592155612245,0.7611407844387755,0.0,,mappingafrica-256/images/NG1687955_2022-04.tif,mappingafrica-256/labels/NG1687955_14303_2022-04.tif,train
NG1691131,mappingafrica,v2.0.0,NG,6.6215,9.2125,0.6481186224489796,0.3518813775510204,0.0,,mappingafrica-256/images/NG1691131_2022-12.tif,mappingafrica-256/labels/NG1691131_29663_2022-12.tif,validate
NG1695914,mappingafrica,v2.0.0,NG,10.9865,9.2025,0.4232302295918367,0.5767697704081634,0.0,,mappingafrica-256/images/NG1695914_2019-02.tif,mappingafrica-256/labels/NG1695914_3590_2019-02.tif,train
NG1700504,mappingafrica,v2.0.0,NG,4.6165,9.1875,0.1604352678571428,0.8395647321428572,0.0,,mappingafrica-256/images/NG1700504_2018-02.tif,mappingafrica-256/labels/NG1700504_39159_2018-02.tif,train
NG1702497,mappingafrica,v2.0.0,NG,4.8065,9.1825,0.4452925701530612,0.5547074298469388,0.0,,mappingafrica-256/images/NG1702497_2022-03.tif,mappingafrica-256/labels/NG1702497_36554_2022-03.tif,train
NG1709887,mappingafrica,v2.0.0,NG,12.4215,9.1675,0.2346739477040816,0.7653260522959184,0.0,,mappingafrica-256/images/NG1709887_2021-03.tif,mappingafrica-256/labels/NG1709887_28374_2021-03.tif,train
NG1711887,mappingafrica,v2.0.0,NG,12.6415,9.1625,0.7297313456632653,0.2702686543367347,0.0,,mappingafrica-256/images/NG1711887_2019-02.tif,mappingafrica-256/labels/NG1711887_27052_2019-02.tif,train
NG1719949,mappingafrica,v2.0.0,NG,4.0065,9.1375,0.5114795918367347,0.4885204081632652,0.0,,mappingafrica-256/images/NG1719949_2020-02.tif,mappingafrica-256/labels/NG1719949_29528_2020-02.tif,train
NG1725387,mappingafrica,v2.0.0,NG,11.5965,9.1275,0.4059709821428571,0.5940290178571429,0.0,,mappingafrica-256/images/NG1725387_2020-07.tif,mappingafrica-256/labels/NG1725387_6712_2020-07.tif,validate
NG1726369,mappingafrica,v2.0.0,NG,6.7015,9.1225,0.8012396364795918,0.1987603635204081,0.0,,mappingafrica-256/images/NG1726369_2022-12.tif,mappingafrica-256/labels/NG1726369_12167_2022-12.tif,train
NG1733893,mappingafrica,v2.0.0,NG,5.0965,9.1025,0.4441764987244898,0.5558235012755102,0.0,,mappingafrica-256/images/NG1733893_2022-03.tif,mappingafrica-256/labels/NG1733893_24292_2022-03.tif,train
NG1735951,mappingafrica,v2.0.0,NG,5.5665,9.0975,0.4805285395408163,0.5194714604591837,0.0,,mappingafrica-256/images/NG1735951_2019-02.tif,mappingafrica-256/labels/NG1735951_9901_2019-02.tif,train
NG1738875,mappingafrica,v2.0.0,NG,10.3215,9.0925,0.4606385522959184,0.5393614477040816,0.0,,mappingafrica-256/images/NG1738875_2019-02.tif,mappingafrica-256/labels/NG1738875_18268_2019-02.tif,train
NG1745550,mappingafrica,v2.0.0,NG,3.8615,9.07250000000001,0.0054607780612244,0.9945392219387756,0.0,,mappingafrica-256/images/NG1745550_2019-02.tif,mappingafrica-256/labels/NG1745550_18269_2019-02.tif,train
NG1745971,mappingafrica,v2.0.0,NG,5.9665,9.0725,0.2166374362244898,0.7833625637755102,0.0,,mappingafrica-256/images/NG1745971_2023-03.tif,mappingafrica-256/labels/NG1745971_37849_2023-03.tif,train
NG1751682,mappingafrica,v2.0.0,NG,4.29649999999999,9.0575,0.0586336096938775,0.9413663903061223,0.0,,mappingafrica-256/images/NG1751682_2021-04.tif,mappingafrica-256/labels/NG1751682_12024_2021-04.tif,train
NG1755553,mappingafrica,v2.0.0,NG,3.4465,9.0475,0.6534996811224489,0.346500318877551,0.0,,mappingafrica-256/images/NG1755553_2017-08.tif,mappingafrica-256/labels/NG1755553_2480_2017-08.tif,train
NG1759871,mappingafrica,v2.0.0,NG,4.8365,9.0375,0.6108099489795918,0.3891900510204081,0.0,,mappingafrica-256/images/NG1759871_2020-02.tif,mappingafrica-256/labels/NG1759871_27088_2020-02.tif,train
NG1761384,mappingafrica,v2.0.0,NG,12.4015,9.0375,0.6489357461734694,0.3510642538265306,0.0,,mappingafrica-256/images/NG1761384_2018-02.tif,mappingafrica-256/labels/NG1761384_1894_2018-02.tif,train
NG1765016,mappingafrica,v2.0.0,NG,10.3565,9.0275,0.5141900510204082,0.4858099489795918,0.0,,mappingafrica-256/images/NG1765016_2020-02.tif,mappingafrica-256/labels/NG1765016_29940_2020-02.tif,validate
NG1766850,mappingafrica,v2.0.0,NG,9.42149999999999,9.0225,0.2725207270408163,0.7274792729591837,0.0,,mappingafrica-256/images/NG1766850_2018-02.tif,mappingafrica-256/labels/NG1766850_16329_2018-02.tif,train
NG1772591,mappingafrica,v2.0.0,NG,7.8215,9.0075,0.2870894451530612,0.7129105548469388,0.0,,mappingafrica-256/images/NG1772591_2023-04.tif,mappingafrica-256/labels/NG1772591_31613_2023-04.tif,train
NG1775589,mappingafrica,v2.0.0,NG,12.7215,9.0025,0.7177734375,0.2822265625,0.0,,mappingafrica-256/images/NG1775589_2023-03.tif,mappingafrica-256/labels/NG1775589_36377_2023-03.tif,train
NG1776358,mappingafrica,v2.0.0,NG,6.4765,8.9975,0.7639508928571429,0.2360491071428571,0.0,,mappingafrica-256/images/NG1776358_2023-12.tif,mappingafrica-256/labels/NG1776358_31274_2023-12.tif,validate
NG1776458,mappingafrica,v2.0.0,NG,6.9765,8.9975,0.7145448022959183,0.2854551977040817,0.0,,mappingafrica-256/images/NG1776458_2023-12.tif,mappingafrica-256/labels/NG1776458_37525_2023-12.tif,train
NG1782456,mappingafrica,v2.0.0,NG,6.7265,8.9825,0.5290776466836735,0.4709223533163265,0.0,,mappingafrica-256/images/NG1782456_2021-12.tif,mappingafrica-256/labels/NG1782456_37552_2021-12.tif,train
NG1791170,mappingafrica,v2.0.0,NG,10.0215,8.9625,0.981186224489796,0.018813775510204,0.0,,mappingafrica-256/images/NG1791170_2023-04.tif,mappingafrica-256/labels/NG1791170_35946_2023-04.tif,train
NG1792740,mappingafrica,v2.0.0,NG,7.7965,8.9575,0.5997688137755102,0.4002311862244898,0.0,,mappingafrica-256/images/NG1792740_2023-04.tif,mappingafrica-256/labels/NG1792740_37942_2023-04.tif,train
NG1800526,mappingafrica,v2.0.0,NG,6.4965,8.9375,0.974350286989796,0.025649713010204,0.0,,mappingafrica-256/images/NG1800526_2021-12.tif,mappingafrica-256/labels/NG1800526_12175_2021-12.tif,train
NG1812885,mappingafrica,v2.0.0,NG,8.0415,8.9075,0.3888711734693877,0.6111288265306123,0.0,,mappingafrica-256/images/NG1812885_2021-04.tif,mappingafrica-256/labels/NG1812885_14320_2021-04.tif,train
NG1816862,mappingafrica,v2.0.0,NG,7.8615,8.8975,0.8726084183673469,0.127391581632653,0.0,,mappingafrica-256/images/NG1816862_2023-04.tif,mappingafrica-256/labels/NG1816862_27525_2023-04.tif,train
NG1817228,mappingafrica,v2.0.0,NG,9.69149999999999,8.8975,0.6385722257653061,0.3614277742346938,0.0,,mappingafrica-256/images/NG1817228_2022-04.tif,mappingafrica-256/labels/NG1817228_3047_2022-04.tif,train
NG1819654,mappingafrica,v2.0.0,NG,11.7915,8.8925,0.8157684948979592,0.1842315051020407,0.0,,mappingafrica-256/images/NG1819654_2020-02.tif,mappingafrica-256/labels/NG1819654_4509_2020-02.tif,train
NG1821562,mappingafrica,v2.0.0,NG,11.2965,8.8875,0.2853754783163265,0.7146245216836735,0.0,,mappingafrica-256/images/NG1821562_2023-04.tif,mappingafrica-256/labels/NG1821562_35186_2023-04.tif,validate
NG1823354,mappingafrica,v2.0.0,NG,10.2215,8.8825,0.6719547193877551,0.3280452806122449,0.0,,mappingafrica-256/images/NG1823354_2018-02.tif,mappingafrica-256/labels/NG1823354_15335_2018-02.tif,validate
NG1832970,mappingafrica,v2.0.0,NG,8.1065,8.8575,0.8327686543367347,0.1672313456632652,0.0,,mappingafrica-256/images/NG1832970_2020-02.tif,mappingafrica-256/labels/NG1832970_37801_2020-02.tif,test
NG1835048,mappingafrica,v2.0.0,NG,8.4615,8.8525,0.2451769770408163,0.7548230229591837,0.0,,mappingafrica-256/images/NG1835048_2019-02.tif,mappingafrica-256/labels/NG1835048_27140_2019-02.tif,validate
NG1838780,mappingafrica,v2.0.0,NG,7.0565,8.8425,0.1111686862244897,0.8888313137755103,0.0,,mappingafrica-256/images/NG1838780_2017-02.tif,mappingafrica-256/labels/NG1838780_30091_2017-02.tif,train
NG1839054,mappingafrica,v2.0.0,NG,8.4265,8.8425,0.7909757653061225,0.2090242346938775,0.0,,mappingafrica-256/images/NG1839054_2021-04.tif,mappingafrica-256/labels/NG1839054_37822_2021-04.tif,train
NG1843262,mappingafrica,v2.0.0,NG,9.3815,8.8325,0.1032166772959183,0.8967833227040817,0.0,,mappingafrica-256/images/NG1843262_2020-02.tif,mappingafrica-256/labels/NG1843262_4512_2020-02.tif,validate
NG1852486,mappingafrica,v2.0.0,NG,5.2565,8.80750000000001,0.9030811543367347,0.0969188456632652,0.0,,mappingafrica-256/images/NG1852486_2022-03.tif,mappingafrica-256/labels/NG1852486_4513_2022-03.tif,train
NG1856877,mappingafrica,v2.0.0,NG,7.0765,8.7975,0.0724649234693877,0.9275350765306124,0.0,,mappingafrica-256/images/NG1856877_2023-03.tif,mappingafrica-256/labels/NG1856877_31112_2023-03.tif,train
NG1861201,mappingafrica,v2.0.0,NG,8.5465,8.78750000000001,0.4412069515306122,0.5587930484693878,0.0,,mappingafrica-256/images/NG1861201_2021-04.tif,mappingafrica-256/labels/NG1861201_4514_2021-04.tif,train
NG1863123,mappingafrica,v2.0.0,NG,8.0765,8.7825,0.4150988520408163,0.5849011479591837,0.0,,mappingafrica-256/images/NG1863123_2021-04.tif,mappingafrica-256/labels/NG1863123_14324_2021-04.tif,test
NG1865712,mappingafrica,v2.0.0,NG,10.9415,8.7775,0.8962053571428571,0.1037946428571429,0.0,,mappingafrica-256/images/NG1865712_2018-02.tif,mappingafrica-256/labels/NG1865712_18272_2018-02.tif,train
NG1873293,mappingafrica,v2.0.0,NG,8.5415,8.7575,0.010562818877551,0.989437181122449,0.0,,mappingafrica-256/images/NG1873293_2021-04.tif,mappingafrica-256/labels/NG1873293_24339_2021-04.tif,train
NG1885013,mappingafrica,v2.0.0,NG,7.1415,8.7275,0.1210140306122449,0.8789859693877551,0.0,,mappingafrica-256/images/NG1885013_2018-02.tif,mappingafrica-256/labels/NG1885013_7752_2018-02.tif,train
NG1885325,mappingafrica,v2.0.0,NG,8.7015,8.7275,0.23828125,0.76171875,0.0,,mappingafrica-256/images/NG1885325_2017-02.tif,mappingafrica-256/labels/NG1885325_20886_2017-02.tif,train
NG1889219,mappingafrica,v2.0.0,NG,8.2315,8.7175,0.1818000637755102,0.8181999362244898,0.0,,mappingafrica-256/images/NG1889219_2023-04.tif,mappingafrica-256/labels/NG1889219_29013_2023-04.tif,train
NG1889497,mappingafrica,v2.0.0,NG,9.6215,8.7175,0.8223254145408163,0.1776745854591837,0.0,,mappingafrica-256/images/NG1889497_2021-04.tif,mappingafrica-256/labels/NG1889497_37130_2021-04.tif,train
NG1891693,mappingafrica,v2.0.0,NG,10.6265,8.7125,0.435726243622449,0.5642737563775511,0.0,,mappingafrica-256/images/NG1891693_2018-02.tif,mappingafrica-256/labels/NG1891693_3610_2018-02.tif,train
NG1892445,mappingafrica,v2.0.0,NG,4.4115,8.7075,0.1608139349489795,0.8391860650510206,0.0,,mappingafrica-256/images/NG1892445_2018-02.tif,mappingafrica-256/labels/NG1892445_37257_2018-02.tif,train
NG1893433,mappingafrica,v2.0.0,NG,9.35149999999999,8.7075,0.4532246492346938,0.5467753507653061,0.0,,mappingafrica-256/images/NG1893433_2017-02.tif,mappingafrica-256/labels/NG1893433_4517_2017-02.tif,test
NG1895106,mappingafrica,v2.0.0,NG,7.7415,8.7025,0.1726921237244898,0.8273078762755102,0.0,,mappingafrica-256/images/NG1895106_2023-04.tif,mappingafrica-256/labels/NG1895106_36194_2023-04.tif,validate
NG1898859,mappingafrica,v2.0.0,NG,6.5615,8.6925,0.9509327168367347,0.0490672831632652,0.0,,mappingafrica-256/images/NG1898859_2020-02.tif,mappingafrica-256/labels/NG1898859_9920_2020-02.tif,train
NG1900306,mappingafrica,v2.0.0,NG,3.8215,8.6875,0.7080676020408163,0.2919323979591837,0.0,,mappingafrica-256/images/NG1900306_2020-02.tif,mappingafrica-256/labels/NG1900306_31229_2020-02.tif,train
NG1925820,mappingafrica,v2.0.0,NG,12.0515,8.6275,0.1174266581632653,0.8825733418367347,0.0,,mappingafrica-256/images/NG1925820_2019-02.tif,mappingafrica-256/labels/NG1925820_24348_2019-02.tif,train
NG1927150,mappingafrica,v2.0.0,NG,8.8165,8.6225,0.8737842793367347,0.1262157206632652,0.0,,mappingafrica-256/images/NG1927150_2023-04.tif,mappingafrica-256/labels/NG1927150_36994_2023-04.tif,train
NG1927593,mappingafrica,v2.0.0,NG,11.0315,8.6225,0.3658123405612244,0.6341876594387756,0.0,,mappingafrica-256/images/NG1927593_2021-04.tif,mappingafrica-256/labels/NG1927593_20887_2021-04.tif,train
NG1941192,mappingafrica,v2.0.0,NG,10.4415,8.5875,0.8543526785714286,0.1456473214285714,0.0,,mappingafrica-256/images/NG1941192_2021-04.tif,mappingafrica-256/labels/NG1941192_18280_2021-04.tif,train
NG1952776,mappingafrica,v2.0.0,NG,10.1065,8.5575,0.234992825255102,0.765007174744898,0.0,,mappingafrica-256/images/NG1952776_2018-02.tif,mappingafrica-256/labels/NG1952776_24352_2018-02.tif,train
NG1956506,mappingafrica,v2.0.0,NG,9.3665,8.5475,0.6669124681122449,0.3330875318877551,0.0,,mappingafrica-256/images/NG1956506_2022-04.tif,mappingafrica-256/labels/NG1956506_40029_2022-04.tif,validate
NG1956676,mappingafrica,v2.0.0,NG,10.2165,8.5475,0.0108219068877551,0.9891780931122448,0.0,,mappingafrica-256/images/NG1956676_2017-02.tif,mappingafrica-256/labels/NG1956676_24354_2017-02.tif,train
NG1958275,mappingafrica,v2.0.0,NG,8.5165,8.5425,0.6579041772959183,0.3420958227040817,0.0,,mappingafrica-256/images/NG1958275_2022-04.tif,mappingafrica-256/labels/NG1958275_19343_2022-04.tif,train
NG1958498,mappingafrica,v2.0.0,NG,9.6315,8.5425,0.9411272321428572,0.0588727678571427,0.0,,mappingafrica-256/images/NG1958498_2018-02.tif,mappingafrica-256/labels/NG1958498_27250_2018-02.tif,train
NG1960721,mappingafrica,v2.0.0,NG,11.0515,8.5375,0.9251235650510204,0.0748764349489795,0.0,,mappingafrica-256/images/NG1960721_2023-04.tif,mappingafrica-256/labels/NG1960721_30451_2023-04.tif,train
NG1970247,mappingafrica,v2.0.0,NG,10.2565,8.5125,0.1773357780612245,0.8226642219387755,0.0,,mappingafrica-256/images/NG1970247_2021-04.tif,mappingafrica-256/labels/NG1970247_14330_2021-04.tif,train
NG1983893,mappingafrica,v2.0.0,NG,10.7815,8.4775,0.5506816007653061,0.4493183992346938,0.0,,mappingafrica-256/images/NG1983893_2022-04.tif,mappingafrica-256/labels/NG1983893_37654_2022-04.tif,test
NG1987111,mappingafrica,v2.0.0,NG,7.5815,8.46750000000001,0.4437579719387755,0.5562420280612246,0.0,,mappingafrica-256/images/NG1987111_2019-02.tif,mappingafrica-256/labels/NG1987111_6730_2019-02.tif,train
NG1987494,mappingafrica,v2.0.0,NG,9.49649999999999,8.46750000000001,0.0723453443877551,0.9276546556122448,0.0,,mappingafrica-256/images/NG1987494_2022-04.tif,mappingafrica-256/labels/NG1987494_17337_2022-04.tif,train
NG1987828,mappingafrica,v2.0.0,NG,11.1665,8.46750000000001,0.5585140306122449,0.4414859693877551,0.0,,mappingafrica-256/images/NG1987828_2017-02.tif,mappingafrica-256/labels/NG1987828_8826_2017-02.tif,test
NG1990927,mappingafrica,v2.0.0,NG,7.44149999999999,8.4575,0.2191685267857142,0.7808314732142858,0.0,,mappingafrica-256/images/NG1990927_2022-03.tif,mappingafrica-256/labels/NG1990927_14331_2022-03.tif,validate
NG1992964,mappingafrica,v2.0.0,NG,8.06649999999999,8.4525,0.0528140943877551,0.9471859056122448,0.0,,mappingafrica-256/images/NG1992964_2019-02.tif,mappingafrica-256/labels/NG1992964_4523_2019-02.tif,train
NG2002908,mappingafrica,v2.0.0,NG,10.0565,8.4275,0.3056042729591837,0.6943957270408163,0.0,,mappingafrica-256/images/NG2002908_2017-02.tif,mappingafrica-256/labels/NG2002908_24364_2017-02.tif,train
NG2005401,mappingafrica,v2.0.0,NG,3.4515,8.4175,0.1235849808673469,0.8764150191326531,0.0,,mappingafrica-256/images/NG2005401_2021-04.tif,mappingafrica-256/labels/NG2005401_10988_2021-04.tif,test
NG2010601,mappingafrica,v2.0.0,NG,10.3915,8.4075,0.8858019770408163,0.1141980229591836,0.0,,mappingafrica-256/images/NG2010601_2018-02.tif,mappingafrica-256/labels/NG2010601_6731_2018-02.tif,train
NG2014060,mappingafrica,v2.0.0,NG,8.6365,8.3975,0.4232900191326531,0.5767099808673469,0.0,,mappingafrica-256/images/NG2014060_2017-02.tif,mappingafrica-256/labels/NG2014060_33255_2017-02.tif,train
NG2040859,mappingafrica,v2.0.0,NG,9.1865,8.3275,0.8256138392857143,0.1743861607142857,0.0,,mappingafrica-256/images/NG2040859_2020-02.tif,mappingafrica-256/labels/NG2040859_8832_2020-02.tif,train
NG2045239,mappingafrica,v2.0.0,NG,11.9915,8.3175,0.275211256377551,0.7247887436224489,0.0,,mappingafrica-256/images/NG2045239_2018-02.tif,mappingafrica-256/labels/NG2045239_18284_2018-02.tif,train
NG2054147,mappingafrica,v2.0.0,NG,8.78149999999999,8.2925,0.5111607142857143,0.4888392857142857,0.0,,mappingafrica-256/images/NG2054147_2017-02.tif,mappingafrica-256/labels/NG2054147_7764_2017-02.tif,train
NG2066640,mappingafrica,v2.0.0,NG,4.4365,8.2575,0.7205436862244898,0.2794563137755101,0.0,,mappingafrica-256/images/NG2066640_2022-03.tif,mappingafrica-256/labels/NG2066640_6734_2022-03.tif,train
NG2071252,mappingafrica,v2.0.0,NG,8.4215,8.2475,0.0563815369897959,0.943618463010204,0.0,,mappingafrica-256/images/NG2071252_2023-04.tif,mappingafrica-256/labels/NG2071252_36246_2023-04.tif,train
NG2075503,mappingafrica,v2.0.0,NG,10.6115,8.2375,0.7919722576530612,0.2080277423469387,0.0,,mappingafrica-256/images/NG2075503_2017-02.tif,mappingafrica-256/labels/NG2075503_33203_2017-02.tif,train
NG2078072,mappingafrica,v2.0.0,NG,4.4015,8.2275,0.3915218431122449,0.6084781568877551,0.0,,mappingafrica-256/images/NG2078072_2022-03.tif,mappingafrica-256/labels/NG2078072_5630_2022-03.tif,train
NG2079308,mappingafrica,v2.0.0,NG,10.5815,8.2275,0.7076092155612245,0.2923907844387755,0.0,,mappingafrica-256/images/NG2079308_2020-02.tif,mappingafrica-256/labels/NG2079308_40282_2020-02.tif,train
NG2090388,mappingafrica,v2.0.0,NG,8.90649999999999,8.19750000000001,0.2739556760204081,0.726044323979592,0.0,,mappingafrica-256/images/NG2090388_2019-02.tif,mappingafrica-256/labels/NG2090388_17342_2019-02.tif,train
NG2103988,mappingafrica,v2.0.0,NG,10.3215,8.1625,0.3864198022959184,0.6135801977040816,0.0,,mappingafrica-256/images/NG2103988_2017-02.tif,mappingafrica-256/labels/NG2103988_24394_2017-02.tif,train
NG2109666,mappingafrica,v2.0.0,NG,10.1715,8.1475,0.7100605867346939,0.2899394132653061,0.0,,mappingafrica-256/images/NG2109666_2019-02.tif,mappingafrica-256/labels/NG2109666_24397_2019-02.tif,test
NG2117083,mappingafrica,v2.0.0,NG,9.2115,8.1275,0.0074338329081632,0.9925661670918368,0.0,,mappingafrica-256/images/NG2117083_2022-04.tif,mappingafrica-256/labels/NG2117083_27354_2022-04.tif,validate
NG2124684,mappingafrica,v2.0.0,NG,9.2365,8.10750000000001,0.8130381058673469,0.186961894132653,0.0,,mappingafrica-256/images/NG2124684_2019-02.tif,mappingafrica-256/labels/NG2124684_19347_2019-02.tif,train
NG2126271,mappingafrica,v2.0.0,NG,7.6815,8.1025,0.1673708545918367,0.8326291454081634,0.0,,mappingafrica-256/images/NG2126271_2022-04.tif,mappingafrica-256/labels/NG2126271_34141_2022-04.tif,train
NG2138103,mappingafrica,v2.0.0,NG,9.9165,8.07250000000001,0.1144770408163265,0.8855229591836735,0.0,,mappingafrica-256/images/NG2138103_2017-02.tif,mappingafrica-256/labels/NG2138103_4527_2017-02.tif,train
NG2142578,mappingafrica,v2.0.0,NG,3.8065,8.05750000000001,0.4481823979591837,0.5518176020408163,0.0,,mappingafrica-256/images/NG2142578_2019-02.tif,mappingafrica-256/labels/NG2142578_16357_2019-02.tif,validate
NG2142597,mappingafrica,v2.0.0,NG,3.9015,8.05750000000001,0.7183514030612245,0.2816485969387755,0.0,,mappingafrica-256/images/NG2142597_2020-02.tif,mappingafrica-256/labels/NG2142597_14338_2020-02.tif,test
NG2145108,mappingafrica,v2.0.0,NG,6.9565,8.0525,0.3375119579081632,0.6624880420918369,0.0,,mappingafrica-256/images/NG2145108_2020-02.tif,mappingafrica-256/labels/NG2145108_18291_2020-02.tif,train
NG2145824,mappingafrica,v2.0.0,NG,10.5365,8.0525,0.3919005102040816,0.6080994897959184,0.0,,mappingafrica-256/images/NG2145824_2022-04.tif,mappingafrica-256/labels/NG2145824_3640_2022-04.tif,test
NG2147627,mappingafrica,v2.0.0,NG,10.0465,8.0475,0.0700733418367346,0.9299266581632654,0.0,,mappingafrica-256/images/NG2147627_2022-04.tif,mappingafrica-256/labels/NG2147627_34816_2022-04.tif,train
NG2151241,mappingafrica,v2.0.0,NG,9.1065,8.03750000000001,0.720085299744898,0.279914700255102,0.0,,mappingafrica-256/images/NG2151241_2018-02.tif,mappingafrica-256/labels/NG2151241_15356_2018-02.tif,train
NG2154696,mappingafrica,v2.0.0,NG,7.3665,8.0275,0.3254145408163265,0.6745854591836735,0.0,,mappingafrica-256/images/NG2154696_2020-02.tif,mappingafrica-256/labels/NG2154696_24405_2020-02.tif,train
NG2157761,mappingafrica,v2.0.0,NG,3.6715,8.0175,0.2393375318877551,0.7606624681122449,0.0,,mappingafrica-256/images/NG2157761_2019-02.tif,mappingafrica-256/labels/NG2157761_24407_2019-02.tif,train
NG2160281,mappingafrica,v2.0.0,NG,6.7615,8.0125,0.3687021683673469,0.6312978316326531,0.0,,mappingafrica-256/images/NG2160281_2023-03.tif,mappingafrica-256/labels/NG2160281_30803_2023-03.tif,train
NG2161299,mappingafrica,v2.0.0,NG,11.8515,8.0125,0.9930046237244898,0.0069953762755101,0.0,,mappingafrica-256/images/NG2161299_2019-02.tif,mappingafrica-256/labels/NG2161299_12196_2019-02.tif,train
NG2162958,mappingafrica,v2.0.0,NG,10.6265,8.0075,0.8076969068877551,0.1923030931122449,0.0,,mappingafrica-256/images/NG2162958_2023-04.tif,mappingafrica-256/labels/NG2162958_35813_2023-04.tif,train
NG2167246,mappingafrica,v2.0.0,NG,3.5065,7.9925,0.8755381058673469,0.124461894132653,0.0,,mappingafrica-256/images/NG2167246_2020-02.tif,mappingafrica-256/labels/NG2167246_7772_2020-02.tif,train
NG2168595,mappingafrica,v2.0.0,NG,10.2515,7.9925,0.0739995216836734,0.9260004783163266,0.0,,mappingafrica-256/images/NG2168595_2023-04.tif,mappingafrica-256/labels/NG2168595_30068_2023-04.tif,train
NG2170226,mappingafrica,v2.0.0,NG,8.8865,7.9875,0.3668088329081632,0.6331911670918369,0.0,,mappingafrica-256/images/NG2170226_2022-04.tif,mappingafrica-256/labels/NG2170226_9941_2022-04.tif,train
NG2176150,mappingafrica,v2.0.0,NG,9.9565,7.9725,0.8656927614795918,0.1343072385204081,0.0,,mappingafrica-256/images/NG2176150_2018-02.tif,mappingafrica-256/labels/NG2176150_27545_2018-02.tif,train
NG2191981,mappingafrica,v2.0.0,NG,3.54649999999999,7.9275,0.6863839285714286,0.3136160714285714,0.0,,mappingafrica-256/images/NG2191981_2019-02.tif,mappingafrica-256/labels/NG2191981_19348_2019-02.tif,train
NG2195141,mappingafrica,v2.0.0,NG,9.8565,7.9225,0.8190569196428571,0.1809430803571429,0.0,,mappingafrica-256/images/NG2195141_2021-04.tif,mappingafrica-256/labels/NG2195141_14340_2021-04.tif,train
NG2202140,mappingafrica,v2.0.0,NG,6.8865,7.9025,0.1930604272959183,0.8069395727040817,0.0,,mappingafrica-256/images/NG2202140_2018-02.tif,mappingafrica-256/labels/NG2202140_10998_2018-02.tif,train
NG2219373,mappingafrica,v2.0.0,NG,7.7615,7.8575,0.9021444515306124,0.0978555484693876,0.0,,mappingafrica-256/images/NG2219373_2022-03.tif,mappingafrica-256/labels/NG2219373_36426_2022-03.tif,train
NG2220390,mappingafrica,v2.0.0,NG,3.4165,7.8525,0.7304886798469388,0.2695113201530612,0.0,,mappingafrica-256/images/NG2220390_2020-02.tif,mappingafrica-256/labels/NG2220390_7773_2020-02.tif,test
NG2221555,mappingafrica,v2.0.0,NG,9.24149999999999,7.8525,0.0113201530612244,0.9886798469387756,0.0,,mappingafrica-256/images/NG2221555_2019-02.tif,mappingafrica-256/labels/NG2221555_4532_2019-02.tif,validate
NG2253684,mappingafrica,v2.0.0,NG,10.5165,7.76750000000001,0.3079161352040816,0.6920838647959184,0.0,,mappingafrica-256/images/NG2253684_2020-02.tif,mappingafrica-256/labels/NG2253684_15361_2020-02.tif,train
NG2257125,mappingafrica,v2.0.0,NG,9.0515,7.7575,0.1981026785714285,0.8018973214285715,0.0,,mappingafrica-256/images/NG2257125_2017-02.tif,mappingafrica-256/labels/NG2257125_15635_2017-02.tif,train
NG2270393,mappingafrica,v2.0.0,NG,10.0865,7.7225,0.7083067602040817,0.2916932397959183,0.0,,mappingafrica-256/images/NG2270393_2023-04.tif,mappingafrica-256/labels/NG2270393_28474_2023-04.tif,train
NG2283272,mappingafrica,v2.0.0,NG,9.2915,7.6875,0.8036910076530612,0.1963089923469387,0.0,,mappingafrica-256/images/NG2283272_2022-04.tif,mappingafrica-256/labels/NG2283272_27452_2022-04.tif,train
NG2285785,mappingafrica,v2.0.0,NG,3.2265,7.6775,0.5279416454081632,0.4720583545918367,0.0,,mappingafrica-256/images/NG2285785_2023-12.tif,mappingafrica-256/labels/NG2285785_31778_2023-12.tif,train
NG2287704,mappingafrica,v2.0.0,NG,3.5065,7.6725,0.3743423150510204,0.6256576849489797,0.0,,mappingafrica-256/images/NG2287704_2020-12.tif,mappingafrica-256/labels/NG2287704_28786_2020-12.tif,train
NG2288686,mappingafrica,v2.0.0,NG,8.4165,7.6725,0.773078762755102,0.226921237244898,0.0,,mappingafrica-256/images/NG2288686_2020-02.tif,mappingafrica-256/labels/NG2288686_7776_2020-02.tif,train
NG2290075,mappingafrica,v2.0.0,NG,6.0465,7.6675,0.2114756058673469,0.7885243941326531,0.0,,mappingafrica-256/images/NG2290075_2022-03.tif,mappingafrica-256/labels/NG2290075_14344_2022-03.tif,train
NG2294343,mappingafrica,v2.0.0,NG,8.7715,7.6575,0.3828125,0.6171875,0.0,,mappingafrica-256/images/NG2294343_2017-02.tif,mappingafrica-256/labels/NG2294343_17354_2017-02.tif,train
NG2310586,mappingafrica,v2.0.0,NG,6.2815,7.6125,0.0847018494897959,0.915298150510204,0.0,,mappingafrica-256/images/NG2310586_2018-02.tif,mappingafrica-256/labels/NG2310586_15365_2018-02.tif,train
NG2315966,mappingafrica,v2.0.0,NG,5.2665,7.5975,0.0251713966836734,0.9748286033163266,0.0,,mappingafrica-256/images/NG2315966_2023-03.tif,mappingafrica-256/labels/NG2315966_29127_2023-03.tif,train
NG2316409,mappingafrica,v2.0.0,NG,7.4815,7.5975,0.0475725446428571,0.9524274553571428,0.0,,mappingafrica-256/images/NG2316409_2023-03.tif,mappingafrica-256/labels/NG2316409_32293_2023-03.tif,train
NG2322400,mappingafrica,v2.0.0,NG,9.5365,7.5825,0.2798947704081632,0.7201052295918369,0.0,,mappingafrica-256/images/NG2322400_2021-04.tif,mappingafrica-256/labels/NG2322400_13273_2021-04.tif,train
NG2329810,mappingafrica,v2.0.0,NG,9.3965,7.5625,0.8098294005102041,0.1901705994897958,0.0,,mappingafrica-256/images/NG2329810_2020-02.tif,mappingafrica-256/labels/NG2329810_7778_2020-02.tif,train
NG2331670,mappingafrica,v2.0.0,NG,9.4065,7.5575,0.8712133290816326,0.1287866709183673,0.0,,mappingafrica-256/images/NG2331670_2017-02.tif,mappingafrica-256/labels/NG2331670_24441_2017-02.tif,train
NG2341049,mappingafrica,v2.0.0,NG,9.8565,7.5325,0.6918447066326531,0.3081552933673469,0.0,,mappingafrica-256/images/NG2341049_2020-02.tif,mappingafrica-256/labels/NG2341049_40238_2020-02.tif,train
NG2349918,mappingafrica,v2.0.0,NG,7.7965,7.5075,0.7417091836734694,0.2582908163265306,0.0,,mappingafrica-256/images/NG2349918_2021-03.tif,mappingafrica-256/labels/NG2349918_35821_2021-03.tif,train
NG2354602,mappingafrica,v2.0.0,NG,3.5515,7.4925,0.3563456632653061,0.6436543367346939,0.0,,mappingafrica-256/images/NG2354602_2022-12.tif,mappingafrica-256/labels/NG2354602_27508_2022-12.tif,train
NG2357688,mappingafrica,v2.0.0,NG,9.8115,7.4875,0.9038982780612244,0.0961017219387756,0.0,,mappingafrica-256/images/NG2357688_2023-04.tif,mappingafrica-256/labels/NG2357688_35898_2023-04.tif,validate
NG2371567,mappingafrica,v2.0.0,NG,6.0365,7.44750000000001,0.8133370535714286,0.1866629464285714,0.0,,mappingafrica-256/images/NG2371567_2021-03.tif,mappingafrica-256/labels/NG2371567_6749_2021-03.tif,test
NG2380106,mappingafrica,v2.0.0,NG,3.1365,7.4225,0.063915019132653,0.936084980867347,0.0,,mappingafrica-256/images/NG2380106_2021-12.tif,mappingafrica-256/labels/NG2380106_24451_2021-12.tif,train
NG2380165,mappingafrica,v2.0.0,NG,3.4315,7.4225,0.3218869579081632,0.6781130420918369,0.0,,mappingafrica-256/images/NG2380165_2020-12.tif,mappingafrica-256/labels/NG2380165_101547_2020-12.tif,train
NG2386976,mappingafrica,v2.0.0,NG,10.0315,7.4075,0.5676020408163265,0.4323979591836735,0.0,,mappingafrica-256/images/NG2386976_2022-04.tif,mappingafrica-256/labels/NG2386976_821_2022-04.tif,train
NG2390290,mappingafrica,v2.0.0,NG,8.3265,7.3975,0.9464285714285714,0.0535714285714286,0.0,,mappingafrica-256/images/NG2390290_2019-02.tif,mappingafrica-256/labels/NG2390290_27588_2019-02.tif,test
NG2397882,mappingafrica,v2.0.0,NG,9.7815,7.3775,0.1967075892857142,0.8032924107142858,0.0,,mappingafrica-256/images/NG2397882_2023-04.tif,mappingafrica-256/labels/NG2397882_33397_2023-04.tif,train
NG2410673,mappingafrica,v2.0.0,NG,10.0215,7.34250000000001,0.7675980548469388,0.2324019451530612,0.0,,mappingafrica-256/images/NG2410673_2017-02.tif,mappingafrica-256/labels/NG2410673_9954_2017-02.tif,test
NG2412604,mappingafrica,v2.0.0,NG,10.5865,7.3375,0.132633131377551,0.8673668686224489,0.0,,mappingafrica-256/images/NG2412604_2021-08.tif,mappingafrica-256/labels/NG2412604_24452_2021-08.tif,test
NG2434221,mappingafrica,v2.0.0,NG,9.8215,7.2775,0.1208346619897959,0.8791653380102041,0.0,,mappingafrica-256/images/NG2434221_2018-02.tif,mappingafrica-256/labels/NG2434221_13274_2018-02.tif,train
NG2435852,mappingafrica,v2.0.0,NG,8.9165,7.2725,0.3999123086734694,0.6000876913265306,0.0,,mappingafrica-256/images/NG2435852_2021-04.tif,mappingafrica-256/labels/NG2435852_31687_2021-04.tif,train
NG2441172,mappingafrica,v2.0.0,NG,8.3515,7.2575,0.1512476084183673,0.8487523915816327,0.0,,mappingafrica-256/images/NG2441172_2021-04.tif,mappingafrica-256/labels/NG2441172_30210_2021-04.tif,train
NG2513582,mappingafrica,v2.0.0,NG,8.7165,7.05750000000001,0.4849728954081632,0.5150271045918369,0.0,,mappingafrica-256/images/NG2513582_2020-02.tif,mappingafrica-256/labels/NG2513582_16372_2020-02.tif,train
NG2520601,mappingafrica,v2.0.0,NG,8.2965,7.03750000000001,0.901267538265306,0.0987324617346939,0.0,,mappingafrica-256/images/NG2520601_2020-02.tif,mappingafrica-256/labels/NG2520601_15372_2020-02.tif,train
NG2534692,mappingafrica,v2.0.0,NG,8.3115,6.9975,0.7000558035714286,0.2999441964285714,0.0,,mappingafrica-256/images/NG2534692_2019-02.tif,mappingafrica-256/labels/NG2534692_29149_2019-02.tif,test
NG2546925,mappingafrica,v2.0.0,NG,8.7165,6.9625,0.2261240433673469,0.7738759566326531,0.0,,mappingafrica-256/images/NG2546925_2020-02.tif,mappingafrica-256/labels/NG2546925_1118_2020-02.tif,train
NG2550403,mappingafrica,v2.0.0,NG,8.9365,6.9525,0.074039381377551,0.9259606186224488,0.0,,mappingafrica-256/images/NG2550403_2022-04.tif,mappingafrica-256/labels/NG2550403_1965_2022-04.tif,train
NG2600905,mappingafrica,v2.0.0,NG,9.1665,6.7975,0.5649713010204082,0.4350286989795918,0.0,,mappingafrica-256/images/NG2600905_2020-02.tif,mappingafrica-256/labels/NG2600905_20291_2020-02.tif,train
NG2643482,mappingafrica,v2.0.0,NG,7.9515,6.6575,0.4851124043367347,0.5148875956632653,0.0,,mappingafrica-256/images/NG2643482_2023-03.tif,mappingafrica-256/labels/NG2643482_28373_2023-03.tif,train
NG2643770,mappingafrica,v2.0.0,NG,9.3915,6.6575,0.0941087372448979,0.905891262755102,0.0,,mappingafrica-256/images/NG2643770_2017-02.tif,mappingafrica-256/labels/NG2643770_18304_2017-02.tif,train
NG2645037,mappingafrica,v2.0.0,NG,8.2515,6.6525,0.5124960140306123,0.4875039859693877,0.0,,mappingafrica-256/images/NG2645037_2022-04.tif,mappingafrica-256/labels/NG2645037_24484_2022-04.tif,train
NG2661059,mappingafrica,v2.0.0,NG,6.4965,6.5975,0.161750637755102,0.838249362244898,0.0,,mappingafrica-256/images/NG2661059_2017-02.tif,mappingafrica-256/labels/NG2661059_20901_2017-02.tif,test
NG2695478,mappingafrica,v2.0.0,NG,6.9515,6.4775,0.3143534757653061,0.6856465242346939,0.0,,mappingafrica-256/images/NG2695478_2023-03.tif,mappingafrica-256/labels/NG2695478_32828_2023-03.tif,train
NG2697078,mappingafrica,v2.0.0,NG,8.0765,6.4725,0.0794204400510204,0.9205795599489796,0.0,,mappingafrica-256/images/NG2697078_2017-02.tif,mappingafrica-256/labels/NG2697078_3666_2017-02.tif,train
NG2700856,mappingafrica,v2.0.0,NG,6.3515,6.4575,0.0503627232142857,0.9496372767857144,0.0,,mappingafrica-256/images/NG2700856_2022-03.tif,mappingafrica-256/labels/NG2700856_37417_2022-03.tif,train
NG2701258,mappingafrica,v2.0.0,NG,8.3615,6.4575,0.3329081632653061,0.6670918367346939,0.0,,mappingafrica-256/images/NG2701258_2019-02.tif,mappingafrica-256/labels/NG2701258_19369_2019-02.tif,train
NG2725231,mappingafrica,v2.0.0,NG,7.9265,6.3575,0.8411989795918368,0.1588010204081632,0.0,,mappingafrica-256/images/NG2725231_2023-03.tif,mappingafrica-256/labels/NG2725231_34227_2023-03.tif,train
NG2732284,mappingafrica,v2.0.0,NG,8.3865,6.3225,0.7222177933673469,0.2777822066326531,0.0,,mappingafrica-256/images/NG2732284_2021-03.tif,mappingafrica-256/labels/NG2732284_24500_2021-03.tif,train
NG2763216,mappingafrica,v2.0.0,NG,8.1265,6.1575,0.0498246173469387,0.9501753826530612,0.0,,mappingafrica-256/images/NG2763216_2019-02.tif,mappingafrica-256/labels/NG2763216_31013_2019-02.tif,train
NG2765004,mappingafrica,v2.0.0,NG,8.1065,6.1475,0.0395607461734693,0.9604392538265308,0.0,,mappingafrica-256/images/NG2765004_2019-02.tif,mappingafrica-256/labels/NG2765004_24504_2019-02.tif,train
NG2768563,mappingafrica,v2.0.0,NG,8.1265,6.1275,0.6770567602040817,0.3229432397959183,0.0,,mappingafrica-256/images/NG2768563_2022-03.tif,mappingafrica-256/labels/NG2768563_35191_2022-03.tif,train
NG2769436,mappingafrica,v2.0.0,NG,8.0765,6.1225,0.0418327487244898,0.9581672512755102,0.0,,mappingafrica-256/images/NG2769436_2020-02.tif,mappingafrica-256/labels/NG2769436_20902_2020-02.tif,train
NG2772767,mappingafrica,v2.0.0,NG,7.1315,6.1025,0.4982661033163265,0.5017338966836735,0.0,,mappingafrica-256/images/NG2772767_2018-02.tif,mappingafrica-256/labels/NG2772767_41024_2018-02.tif,train
NG2777271,mappingafrica,v2.0.0,NG,7.7965,6.0775,0.4579081632653061,0.5420918367346939,0.0,,mappingafrica-256/images/NG2777271_2017-02.tif,mappingafrica-256/labels/NG2777271_13285_2017-02.tif,train
NG2814309,mappingafrica,v2.0.0,NG,8.1565,5.8525,0.4021245216836734,0.5978754783163266,0.0,,mappingafrica-256/images/NG2814309_2021-12.tif,mappingafrica-256/labels/NG2814309_24511_2021-12.tif,train
RW0001735,mappingafrica,v2.0.0,RW,30.1815,-1.28749999999999,0.6201570471938775,0.3798429528061224,0.0,,mappingafrica-256/images/RW0001735_2017-08.tif,mappingafrica-256/labels/RW0001735_6759_2017-08.tif,train
RW0004092,mappingafrica,v2.0.0,RW,30.5365,-1.39749999999999,0.0829679528061224,0.9170320471938777,0.0,,mappingafrica-256/images/RW0004092_2018-08.tif,mappingafrica-256/labels/RW0004092_100080_2018-08.tif,train
RW0009162,mappingafrica,v2.0.0,RW,29.3715,-1.5125,0.7143654336734694,0.2856345663265306,0.0,,mappingafrica-256/images/RW0009162_2019-08.tif,mappingafrica-256/labels/RW0009162_6761_2019-08.tif,test
RW0009264,mappingafrica,v2.0.0,RW,29.8815,-1.5125,0.3623445471938775,0.6376554528061225,0.0,,mappingafrica-256/images/RW0009264_2022-11.tif,mappingafrica-256/labels/RW0009264_16383_2022-11.tif,train
RW0009620,mappingafrica,v2.0.0,RW,30.2765,-1.5175,0.6753228635204082,0.3246771364795918,0.0,,mappingafrica-256/images/RW0009620_2021-11.tif,mappingafrica-256/labels/RW0009620_2026_2021-11.tif,validate
RW0011166,mappingafrica,v2.0.0,RW,29.6165,-1.5475,0.9202407525510204,0.0797592474489795,0.0,,mappingafrica-256/images/RW0011166_2020-11.tif,mappingafrica-256/labels/RW0011166_24515_2020-11.tif,train
RW0015069,mappingafrica,v2.0.0,RW,30.0965,-1.6125,0.0491270727040816,0.9508729272959184,0.0,,mappingafrica-256/images/RW0015069_2022-11.tif,mappingafrica-256/labels/RW0015069_13288_2022-11.tif,train
RW0027963,mappingafrica,v2.0.0,RW,30.6465,-1.8125,0.9797114158163264,0.0202885841836736,0.0,,mappingafrica-256/images/RW0027963_2022-11.tif,mappingafrica-256/labels/RW0027963_27574_2022-11.tif,train
RW0032070,mappingafrica,v2.0.0,RW,29.3165,-1.8775,0.0436662946428571,0.9563337053571428,0.0,,mappingafrica-256/images/RW0032070_2019-08.tif,mappingafrica-256/labels/RW0032070_20299_2019-08.tif,train
RW0035802,mappingafrica,v2.0.0,RW,29.5215,-1.9325,0.3784478635204081,0.621552136479592,0.0,,mappingafrica-256/images/RW0035802_2018-08.tif,mappingafrica-256/labels/RW0035802_4563_2018-08.tif,train
RW0040523,mappingafrica,v2.0.0,RW,29.5815,-2.0025,0.1350645727040816,0.8649354272959184,0.0,,mappingafrica-256/images/RW0040523_2019-08.tif,mappingafrica-256/labels/RW0040523_13293_2019-08.tif,train
RW0043949,mappingafrica,v2.0.0,RW,29.6715,-2.0525,0.3089325573979591,0.6910674426020409,0.0,,mappingafrica-256/images/RW0043949_2022-11.tif,mappingafrica-256/labels/RW0043949_1176_2022-11.tif,test
RW0053211,mappingafrica,v2.0.0,RW,29.8215,-2.18749999999999,0.6775749362244898,0.3224250637755101,0.0,,mappingafrica-256/images/RW0053211_2019-08.tif,mappingafrica-256/labels/RW0053211_20301_2019-08.tif,train
RW0061241,mappingafrica,v2.0.0,RW,29.7115,-2.3025,0.0223413584183673,0.9776586415816328,0.0,,mappingafrica-256/images/RW0061241_2018-08.tif,mappingafrica-256/labels/RW0061241_4569_2018-08.tif,train
RW0065508,mappingafrica,v2.0.0,RW,29.6165,-2.3625,0.3801817602040816,0.6198182397959184,0.0,,mappingafrica-256/images/RW0065508_2022-11.tif,mappingafrica-256/labels/RW0065508_15385_2022-11.tif,validate
RW0065981,mappingafrica,v2.0.0,RW,30.6665,-2.3675,0.6000079719387755,0.3999920280612244,0.0,,mappingafrica-256/images/RW0065981_2023-11.tif,mappingafrica-256/labels/RW0065981_37732_2023-11.tif,train
RW0074299,mappingafrica,v2.0.0,RW,29.4965,-2.5475,0.3226442920918367,0.6773557079081634,0.0,,mappingafrica-256/images/RW0074299_2023-11.tif,mappingafrica-256/labels/RW0074299_36778_2023-11.tif,train
RW0076620,mappingafrica,v2.0.0,RW,29.7715,-2.60249999999999,0.0395806760204081,0.960419323979592,0.0,,mappingafrica-256/images/RW0076620_2019-08.tif,mappingafrica-256/labels/RW0076620_2037_2019-08.tif,train
SD2577555,mappingafrica,v2.0.0,SD,33.7015,17.1875,0.0151267538265306,0.9848732461734694,0.0,,mappingafrica-256/images/SD2577555_2020-02.tif,mappingafrica-256/labels/SD2577555_33598_2020-02.tif,train
SD2652500,mappingafrica,v2.0.0,SD,33.6915,17.0475,0.8310347576530612,0.1689652423469387,0.0,,mappingafrica-256/images/SD2652500_2023-12.tif,mappingafrica-256/labels/SD2652500_38870_2023-12.tif,validate
SD2805999,mappingafrica,v2.0.0,SD,33.5865,16.7525,0.4716597576530612,0.5283402423469388,0.0,,mappingafrica-256/images/SD2805999_2021-05.tif,mappingafrica-256/labels/SD2805999_24534_2021-05.tif,train
SD2860446,mappingafrica,v2.0.0,SD,33.6415,16.6475,0.8381297831632653,0.1618702168367347,0.0,,mappingafrica-256/images/SD2860446_2022-05.tif,mappingafrica-256/labels/SD2860446_34747_2022-05.tif,train
SD3340063,mappingafrica,v2.0.0,SD,35.5715,15.7175,0.9757254464285714,0.0242745535714286,0.0,,mappingafrica-256/images/SD3340063_2018-08.tif,mappingafrica-256/labels/SD3340063_622_2018-08.tif,train
SD3358887,mappingafrica,v2.0.0,SD,35.5715,15.6825,0.9891382334183674,0.0108617665816326,0.0,,mappingafrica-256/images/SD3358887_2021-08.tif,mappingafrica-256/labels/SD3358887_8867_2021-08.tif,train
SD3519731,mappingafrica,v2.0.0,SD,33.0065,15.3875,0.7784797512755102,0.2215202487244898,0.0,,mappingafrica-256/images/SD3519731_2022-08.tif,mappingafrica-256/labels/SD3519731_100083_2022-08.tif,train
SD3546937,mappingafrica,v2.0.0,SD,32.9715,15.3375,0.9998206313775512,0.0001793686224488,0.0,,mappingafrica-256/images/SD3546937_2021-08.tif,mappingafrica-256/labels/SD3546937_38525_2021-08.tif,validate
SD3584924,mappingafrica,v2.0.0,SD,32.7665,15.2675,0.8065409757653061,0.1934590242346938,0.0,,mappingafrica-256/images/SD3584924_2022-08.tif,mappingafrica-256/labels/SD3584924_30554_2022-08.tif,train
SD3633711,mappingafrica,v2.0.0,SD,32.8565,15.1775,0.6483179209183674,0.3516820790816326,0.0,,mappingafrica-256/images/SD3633711_2017-08.tif,mappingafrica-256/labels/SD3633711_6769_2017-08.tif,train
SD3644574,mappingafrica,v2.0.0,SD,33.0765,15.1575,0.9711216517857144,0.0288783482142855,0.0,,mappingafrica-256/images/SD3644574_2022-08.tif,mappingafrica-256/labels/SD3644574_12234_2022-08.tif,train
SD3666179,mappingafrica,v2.0.0,SD,33.0115,15.1175,0.8718112244897959,0.1281887755102041,0.0,,mappingafrica-256/images/SD3666179_2020-07.tif,mappingafrica-256/labels/SD3666179_24556_2020-07.tif,train
SD3668864,mappingafrica,v2.0.0,SD,32.9215,15.1125,0.6820591517857143,0.3179408482142857,0.0,,mappingafrica-256/images/SD3668864_2020-07.tif,mappingafrica-256/labels/SD3668864_33440_2020-07.tif,train
SD3669057,mappingafrica,v2.0.0,SD,33.8865,15.1125,0.9620735012755102,0.0379264987244898,0.0,,mappingafrica-256/images/SD3669057_2019-08.tif,mappingafrica-256/labels/SD3669057_40026_2019-08.tif,train
SD3704556,mappingafrica,v2.0.0,SD,34.8165,15.0475,0.2162986288265306,0.7837013711734694,0.0,,mappingafrica-256/images/SD3704556_2022-08.tif,mappingafrica-256/labels/SD3704556_2222_2022-08.tif,train
SD3707154,mappingafrica,v2.0.0,SD,34.1715,15.0425,0.9993223852040816,0.0006776147959184,0.0,,mappingafrica-256/images/SD3707154_2018-08.tif,mappingafrica-256/labels/SD3707154_12235_2018-08.tif,train
SD3723803,mappingafrica,v2.0.0,SD,35.4915,15.0125,0.9604591836734694,0.0395408163265306,0.0,,mappingafrica-256/images/SD3723803_2019-02.tif,mappingafrica-256/labels/SD3723803_5669_2019-02.tif,validate
SD3783562,mappingafrica,v2.0.0,SD,32.6465,14.9025,0.9210578762755102,0.0789421237244898,0.0,,mappingafrica-256/images/SD3783562_2022-08.tif,mappingafrica-256/labels/SD3783562_6772_2022-08.tif,test
SD3794826,mappingafrica,v2.0.0,SD,33.8665,14.8825,0.9306042729591836,0.0693957270408164,0.0,,mappingafrica-256/images/SD3794826_2020-07.tif,mappingafrica-256/labels/SD3794826_9973_2020-07.tif,train
SD3808662,mappingafrica,v2.0.0,SD,34.0565,14.8575,0.8468191964285714,0.1531808035714286,0.0,,mappingafrica-256/images/SD3808662_2023-08.tif,mappingafrica-256/labels/SD3808662_28869_2023-08.tif,train
SD3855976,mappingafrica,v2.0.0,SD,36.0415,14.7725,1.0,0.0,0.0,,mappingafrica-256/images/SD3855976_2021-03.tif,mappingafrica-256/labels/SD3855976_9981_2021-03.tif,train
SD3896976,mappingafrica,v2.0.0,SD,34.2965,14.6975,0.872429049744898,0.127570950255102,0.0,,mappingafrica-256/images/SD3896976_2019-02.tif,mappingafrica-256/labels/SD3896976_12239_2019-02.tif,train
SD3899487,mappingafrica,v2.0.0,SD,33.0765,14.6925,0.939811862244898,0.060188137755102,0.0,,mappingafrica-256/images/SD3899487_2017-08.tif,mappingafrica-256/labels/SD3899487_9982_2017-08.tif,validate
SD3902207,mappingafrica,v2.0.0,SD,32.8915,14.6875,0.8593351403061225,0.1406648596938775,0.0,,mappingafrica-256/images/SD3902207_2018-08.tif,mappingafrica-256/labels/SD3902207_100087_2018-08.tif,train
SD3902653,mappingafrica,v2.0.0,SD,35.1215,14.6875,0.4813058035714285,0.5186941964285715,0.0,,mappingafrica-256/images/SD3902653_2018-02.tif,mappingafrica-256/labels/SD3902653_8885_2018-02.tif,train
SD3921783,mappingafrica,v2.0.0,SD,33.8915,14.6525,1.0,0.0,0.0,,mappingafrica-256/images/SD3921783_2017-02.tif,mappingafrica-256/labels/SD3921783_34078_2017-02.tif,train
SD3927744,mappingafrica,v2.0.0,SD,35.8415,14.6425,0.9999800701530612,1.992984693877098e-05,0.0,,mappingafrica-256/images/SD3927744_2018-02.tif,mappingafrica-256/labels/SD3927744_13306_2018-02.tif,train
SD3930618,mappingafrica,v2.0.0,SD,36.2415,14.6375,0.9990234375,0.0009765625,0.0,,mappingafrica-256/images/SD3930618_2020-02.tif,mappingafrica-256/labels/SD3930618_27592_2020-02.tif,test
SD3941790,mappingafrica,v2.0.0,SD,36.0265,14.6175,0.8163066007653061,0.1836933992346938,0.0,,mappingafrica-256/images/SD3941790_2020-02.tif,mappingafrica-256/labels/SD3941790_5676_2020-02.tif,train
SD3949799,mappingafrica,v2.0.0,SD,33.8965,14.6025,0.73046875,0.26953125,0.0,,mappingafrica-256/images/SD3949799_2023-03.tif,mappingafrica-256/labels/SD3949799_36739_2023-03.tif,train
SD3953025,mappingafrica,v2.0.0,SD,35.9315,14.5975,0.9994220344387756,0.0005779655612243,0.0,,mappingafrica-256/images/SD3953025_2020-02.tif,mappingafrica-256/labels/SD3953025_9984_2020-02.tif,validate
SD3969602,mappingafrica,v2.0.0,SD,34.2115,14.5675,1.0,0.0,0.0,,mappingafrica-256/images/SD3969602_2017-02.tif,mappingafrica-256/labels/SD3969602_27593_2017-02.tif,train
SD3972335,mappingafrica,v2.0.0,SD,33.7715,14.5625,1.0,0.0,0.0,,mappingafrica-256/images/SD3972335_2023-03.tif,mappingafrica-256/labels/SD3972335_33266_2023-03.tif,train
SD3975691,mappingafrica,v2.0.0,SD,36.4415,14.5575,0.8569036989795918,0.1430963010204081,0.0,,mappingafrica-256/images/SD3975691_2021-03.tif,mappingafrica-256/labels/SD3975691_24597_2021-03.tif,train
SD3980828,mappingafrica,v2.0.0,SD,33.9065,14.5475,0.9733338647959184,0.0266661352040815,0.0,,mappingafrica-256/images/SD3980828_2023-03.tif,mappingafrica-256/labels/SD3980828_35374_2023-03.tif,train
SD4000550,mappingafrica,v2.0.0,SD,33.6715,14.5125,0.9235291772959184,0.0764708227040815,0.0,,mappingafrica-256/images/SD4000550_2022-03.tif,mappingafrica-256/labels/SD4000550_29759_2022-03.tif,train
SD4003768,mappingafrica,v2.0.0,SD,35.6365,14.5075,0.2206831951530612,0.7793168048469388,0.0,,mappingafrica-256/images/SD4003768_2021-03.tif,mappingafrica-256/labels/SD4003768_27594_2021-03.tif,train
SD4020242,mappingafrica,v2.0.0,SD,33.5015,14.4775,0.200992506377551,0.7990074936224489,0.0,,mappingafrica-256/images/SD4020242_2022-03.tif,mappingafrica-256/labels/SD4020242_24609_2022-03.tif,train
SD4025668,mappingafrica,v2.0.0,SD,32.4965,14.4675,0.9989038584183674,0.0010961415816326,0.0,,mappingafrica-256/images/SD4025668_2023-05.tif,mappingafrica-256/labels/SD4025668_27595_2023-05.tif,train
SD4028785,mappingafrica,v2.0.0,SD,34.0115,14.4625,1.0,0.0,0.0,,mappingafrica-256/images/SD4028785_2020-02.tif,mappingafrica-256/labels/SD4028785_24610_2020-02.tif,train
SD4037493,mappingafrica,v2.0.0,SD,35.3415,14.4475,0.9733139349489796,0.0266860650510204,0.0,,mappingafrica-256/images/SD4037493_2023-03.tif,mappingafrica-256/labels/SD4037493_30592_2023-03.tif,validate
SD4045914,mappingafrica,v2.0.0,SD,35.2165,14.4325,0.8708147321428571,0.1291852678571429,0.0,,mappingafrica-256/images/SD4045914_2018-02.tif,mappingafrica-256/labels/SD4045914_5681_2018-02.tif,validate
SD4050695,mappingafrica,v2.0.0,SD,30.9615,14.4225,0.8840082908163265,0.1159917091836735,0.0,,mappingafrica-256/images/SD4050695_2023-08.tif,mappingafrica-256/labels/SD4050695_33699_2023-08.tif,train
SD4053890,mappingafrica,v2.0.0,SD,32.8565,14.4175,0.6838926977040817,0.3161073022959183,0.0,,mappingafrica-256/images/SD4053890_2022-05.tif,mappingafrica-256/labels/SD4053890_11041_2022-05.tif,validate
SD4054315,mappingafrica,v2.0.0,SD,34.9815,14.4175,0.7714046556122449,0.228595344387755,0.0,,mappingafrica-256/images/SD4054315_2022-03.tif,mappingafrica-256/labels/SD4054315_5683_2022-03.tif,validate
SD4060169,mappingafrica,v2.0.0,SD,36.0915,14.4075,0.9702048788265306,0.0297951211734693,0.0,,mappingafrica-256/images/SD4060169_2017-02.tif,mappingafrica-256/labels/SD4060169_13308_2017-02.tif,train
SD4110752,mappingafrica,v2.0.0,SD,35.5515,14.3175,0.3571229272959184,0.6428770727040816,0.0,,mappingafrica-256/images/SD4110752_2019-08.tif,mappingafrica-256/labels/SD4110752_397_2019-08.tif,train
SD4127165,mappingafrica,v2.0.0,SD,32.9365,14.2875,0.945412149234694,0.054587850765306,0.0,,mappingafrica-256/images/SD4127165_2023-03.tif,mappingafrica-256/labels/SD4127165_29440_2023-03.tif,test
SD4130263,mappingafrica,v2.0.0,SD,34.3115,14.2825,1.0,0.0,0.0,,mappingafrica-256/images/SD4130263_2019-02.tif,mappingafrica-256/labels/SD4130263_27996_2019-02.tif,train
SD4144511,mappingafrica,v2.0.0,SD,34.9865,14.2575,0.7045599489795918,0.2954400510204081,0.0,,mappingafrica-256/images/SD4144511_2017-02.tif,mappingafrica-256/labels/SD4144511_14373_2017-02.tif,train
SD4144729,mappingafrica,v2.0.0,SD,36.0765,14.2575,0.3789261798469387,0.6210738201530612,0.0,,mappingafrica-256/images/SD4144729_2020-02.tif,mappingafrica-256/labels/SD4144729_100099_2020-02.tif,train
SD4152232,mappingafrica,v2.0.0,SD,31.2765,14.2425,0.0706313775510204,0.9293686224489796,0.0,,mappingafrica-256/images/SD4152232_2023-08.tif,mappingafrica-256/labels/SD4152232_37656_2023-08.tif,train
SD4155637,mappingafrica,v2.0.0,SD,34.2365,14.2375,0.9629703443877552,0.0370296556122448,0.0,,mappingafrica-256/images/SD4155637_2021-03.tif,mappingafrica-256/labels/SD4155637_1582_2021-03.tif,test
SD4188344,mappingafrica,v2.0.0,SD,29.8565,14.1775,0.8937539859693877,0.1062460140306122,0.0,,mappingafrica-256/images/SD4188344_2023-08.tif,mappingafrica-256/labels/SD4188344_35938_2023-08.tif,train
SD4194310,mappingafrica,v2.0.0,SD,31.7415,14.1675,0.8957868303571429,0.1042131696428571,0.0,,mappingafrica-256/images/SD4194310_2017-02.tif,mappingafrica-256/labels/SD4194310_32738_2017-02.tif,test
SD4197312,mappingafrica,v2.0.0,SD,32.7765,14.1625,0.7058753188775511,0.2941246811224489,0.0,,mappingafrica-256/images/SD4197312_2019-02.tif,mappingafrica-256/labels/SD4197312_100102_2019-02.tif,train
SD4197947,mappingafrica,v2.0.0,SD,35.9515,14.1625,1.0,0.0,0.0,,mappingafrica-256/images/SD4197947_2018-02.tif,mappingafrica-256/labels/SD4197947_24641_2018-02.tif,train
SD4222531,mappingafrica,v2.0.0,SD,33.0215,14.1175,1.0,0.0,0.0,,mappingafrica-256/images/SD4222531_2017-02.tif,mappingafrica-256/labels/SD4222531_12252_2017-02.tif,train
SD4230241,mappingafrica,v2.0.0,SD,29.5115,14.1025,0.2263034119897959,0.7736965880102041,0.0,,mappingafrica-256/images/SD4230241_2019-08.tif,mappingafrica-256/labels/SD4230241_17382_2019-08.tif,train
SD4231222,mappingafrica,v2.0.0,SD,34.4165,14.1025,0.4992825255102041,0.500717474489796,0.0,,mappingafrica-256/images/SD4231222_2022-03.tif,mappingafrica-256/labels/SD4231222_6788_2022-03.tif,train
SD4253481,mappingafrica,v2.0.0,SD,33.3615,14.0625,0.9192841198979592,0.0807158801020407,0.0,,mappingafrica-256/images/SD4253481_2017-08.tif,mappingafrica-256/labels/SD4253481_20322_2017-08.tif,train
SD4264575,mappingafrica,v2.0.0,SD,32.4615,14.0425,0.9265784438775512,0.0734215561224488,0.0,,mappingafrica-256/images/SD4264575_2021-03.tif,mappingafrica-256/labels/SD4264575_8903_2021-03.tif,train
SD4295724,mappingafrica,v2.0.0,SD,32.5765,13.9875,0.9928451849489796,0.0071548150510204,0.0,,mappingafrica-256/images/SD4295724_2019-02.tif,mappingafrica-256/labels/SD4295724_34715_2019-02.tif,train
SD4310074,mappingafrica,v2.0.0,SD,33.4215,13.9625,0.9996014030612244,0.0003985969387756,0.0,,mappingafrica-256/images/SD4310074_2017-08.tif,mappingafrica-256/labels/SD4310074_24670_2017-08.tif,train
SD4310168,mappingafrica,v2.0.0,SD,33.8915,13.9625,1.0,0.0,0.0,,mappingafrica-256/images/SD4310168_2017-02.tif,mappingafrica-256/labels/SD4310168_32313_2017-02.tif,train
SD4310336,mappingafrica,v2.0.0,SD,34.7315,13.9625,1.0,0.0,0.0,,mappingafrica-256/images/SD4310336_2020-02.tif,mappingafrica-256/labels/SD4310336_27613_2020-02.tif,validate
SD4321782,mappingafrica,v2.0.0,SD,35.0615,13.9425,0.5535315688775511,0.4464684311224489,0.0,,mappingafrica-256/images/SD4321782_2019-02.tif,mappingafrica-256/labels/SD4321782_5700_2019-02.tif,train
SD4323836,mappingafrica,v2.0.0,SD,31.0915,13.9375,0.6671316964285714,0.3328683035714286,0.0,,mappingafrica-256/images/SD4323836_2020-07.tif,mappingafrica-256/labels/SD4323836_27614_2020-07.tif,train
SD4324078,mappingafrica,v2.0.0,SD,32.3015,13.9375,0.9417251275510204,0.0582748724489795,0.0,,mappingafrica-256/images/SD4324078_2017-02.tif,mappingafrica-256/labels/SD4324078_7814_2017-02.tif,train
SD4324622,mappingafrica,v2.0.0,SD,35.0215,13.9375,0.7934470663265306,0.2065529336734693,0.0,,mappingafrica-256/images/SD4324622_2020-02.tif,mappingafrica-256/labels/SD4324622_15408_2020-02.tif,train
SD4329992,mappingafrica,v2.0.0,SD,33.3765,13.9275,0.9350087691326532,0.0649912308673468,0.0,,mappingafrica-256/images/SD4329992_2018-08.tif,mappingafrica-256/labels/SD4329992_100408_2018-08.tif,train
SD4332763,mappingafrica,v2.0.0,SD,32.9715,13.9225,0.9462492028061223,0.0537507971938776,0.0,,mappingafrica-256/images/SD4332763_2020-02.tif,mappingafrica-256/labels/SD4332763_100409_2020-02.tif,train
SD4343579,mappingafrica,v2.0.0,SD,29.9315,13.9025,0.9965720663265306,0.0034279336734693,0.0,,mappingafrica-256/images/SD4343579_2020-07.tif,mappingafrica-256/labels/SD4343579_31923_2020-07.tif,train
SD4346616,mappingafrica,v2.0.0,SD,30.8215,13.8975,0.9999202806122448,7.971938775519494e-05,0.0,,mappingafrica-256/images/SD4346616_2021-04.tif,mappingafrica-256/labels/SD4346616_16420_2021-04.tif,train
SD4350394,mappingafrica,v2.0.0,SD,35.4065,13.8925,0.6389907525510204,0.3610092474489795,0.0,,mappingafrica-256/images/SD4350394_2022-08.tif,mappingafrica-256/labels/SD4350394_29640_2022-08.tif,train
SD4355583,mappingafrica,v2.0.0,SD,32.7265,13.8825,0.6765784438775511,0.3234215561224489,0.0,,mappingafrica-256/images/SD4355583_2021-03.tif,mappingafrica-256/labels/SD4355583_24682_2021-03.tif,train
SD4358354,mappingafrica,v2.0.0,SD,32.2615,13.8775,0.4450534119897959,0.554946588010204,0.0,,mappingafrica-256/images/SD4358354_2022-03.tif,mappingafrica-256/labels/SD4358354_13322_2022-03.tif,train
SD4358978,mappingafrica,v2.0.0,SD,35.3815,13.8775,0.9082230548469388,0.0917769451530612,0.0,,mappingafrica-256/images/SD4358978_2022-08.tif,mappingafrica-256/labels/SD4358978_3378_2022-08.tif,train
SD4361735,mappingafrica,v2.0.0,SD,34.8365,13.8725,0.3272680165816326,0.6727319834183674,0.0,,mappingafrica-256/images/SD4361735_2017-02.tif,mappingafrica-256/labels/SD4361735_15409_2017-02.tif,train
SD4364720,mappingafrica,v2.0.0,SD,35.4265,13.8675,0.171157525510204,0.828842474489796,0.0,,mappingafrica-256/images/SD4364720_2018-08.tif,mappingafrica-256/labels/SD4364720_13323_2018-08.tif,train
SD4367621,mappingafrica,v2.0.0,SD,35.5915,13.8625,0.5648915816326531,0.4351084183673469,0.0,,mappingafrica-256/images/SD4367621_2020-07.tif,mappingafrica-256/labels/SD4367621_100109_2020-07.tif,train
SD4370553,mappingafrica,v2.0.0,SD,35.9015,13.8575,1.0,0.0,0.0,,mappingafrica-256/images/SD4370553_2020-02.tif,mappingafrica-256/labels/SD4370553_28119_2020-02.tif,train
SD4386477,mappingafrica,v2.0.0,SD,29.3165,13.8275,0.9158163265306124,0.0841836734693876,0.0,,mappingafrica-256/images/SD4386477_2021-04.tif,mappingafrica-256/labels/SD4386477_6793_2021-04.tif,train
SD4387428,mappingafrica,v2.0.0,SD,34.0715,13.8275,0.9996014030612244,0.0003985969387756,0.0,,mappingafrica-256/images/SD4387428_2018-02.tif,mappingafrica-256/labels/SD4387428_24687_2018-02.tif,train
SD4390291,mappingafrica,v2.0.0,SD,34.0065,13.8225,0.9592036033163264,0.0407963966836736,0.0,,mappingafrica-256/images/SD4390291_2023-03.tif,mappingafrica-256/labels/SD4390291_27616_2023-03.tif,train
SD4395920,mappingafrica,v2.0.0,SD,33.3965,13.8125,0.6300023915816326,0.3699976084183674,0.0,,mappingafrica-256/images/SD4395920_2021-03.tif,mappingafrica-256/labels/SD4395920_2822_2021-03.tif,train
SD4404745,mappingafrica,v2.0.0,SD,34.3765,13.7975,0.0770288584183673,0.9229711415816328,0.0,,mappingafrica-256/images/SD4404745_2021-03.tif,mappingafrica-256/labels/SD4404745_17387_2021-03.tif,train
SD4410161,mappingafrica,v2.0.0,SD,32.6965,13.7875,1.0,0.0,0.0,,mappingafrica-256/images/SD4410161_2022-03.tif,mappingafrica-256/labels/SD4410161_8908_2022-03.tif,train
SD4418738,mappingafrica,v2.0.0,SD,32.4515,13.7725,0.8764748086734694,0.1235251913265306,0.0,,mappingafrica-256/images/SD4418738_2022-03.tif,mappingafrica-256/labels/SD4418738_15410_2022-03.tif,train
SD4425028,mappingafrica,v2.0.0,SD,35.1565,13.7625,0.9412866709183674,0.0587133290816326,0.0,,mappingafrica-256/images/SD4425028_2022-03.tif,mappingafrica-256/labels/SD4425028_28156_2022-03.tif,train
SD4438902,mappingafrica,v2.0.0,SD,32.8015,13.7375,1.0,0.0,0.0,,mappingafrica-256/images/SD4438902_2023-03.tif,mappingafrica-256/labels/SD4438902_33596_2023-03.tif,train
SD4442387,mappingafrica,v2.0.0,SD,35.9115,13.7325,0.9941206951530612,0.0058793048469387,0.0,,mappingafrica-256/images/SD4442387_2022-01.tif,mappingafrica-256/labels/SD4442387_6796_2022-01.tif,test
SD4461433,mappingafrica,v2.0.0,SD,31.0415,13.6975,0.5397799744897959,0.4602200255102041,0.0,,mappingafrica-256/images/SD4461433_2020-12.tif,mappingafrica-256/labels/SD4461433_18341_2020-12.tif,train
SD4462108,mappingafrica,v2.0.0,SD,34.4165,13.6975,0.7931481186224489,0.206851881377551,0.0,,mappingafrica-256/images/SD4462108_2022-03.tif,mappingafrica-256/labels/SD4462108_24700_2022-03.tif,train
SD4465024,mappingafrica,v2.0.0,SD,34.6965,13.6925,1.0,0.0,0.0,,mappingafrica-256/images/SD4465024_2023-03.tif,mappingafrica-256/labels/SD4465024_29326_2023-03.tif,train
SD4478509,mappingafrica,v2.0.0,SD,30.6365,13.6675,0.223891900510204,0.776108099489796,0.0,,mappingafrica-256/images/SD4478509_2017-02.tif,mappingafrica-256/labels/SD4478509_24705_2017-02.tif,train
SD4487709,mappingafrica,v2.0.0,SD,33.7915,13.6525,0.87109375,0.12890625,0.0,,mappingafrica-256/images/SD4487709_2018-02.tif,mappingafrica-256/labels/SD4487709_13327_2018-02.tif,validate
SD4498349,mappingafrica,v2.0.0,SD,29.9365,13.6325,0.4617147640306122,0.5382852359693878,0.0,,mappingafrica-256/images/SD4498349_2021-03.tif,mappingafrica-256/labels/SD4498349_16428_2021-03.tif,test
SD4501205,mappingafrica,v2.0.0,SD,29.9565,13.6275,0.2005939094387755,0.7994060905612245,0.0,,mappingafrica-256/images/SD4501205_2019-02.tif,mappingafrica-256/labels/SD4501205_24710_2019-02.tif,train
SD4502136,mappingafrica,v2.0.0,SD,34.6115,13.6275,0.9926458864795918,0.0073541135204081,0.0,,mappingafrica-256/images/SD4502136_2022-03.tif,mappingafrica-256/labels/SD4502136_24712_2022-03.tif,train
SD4504107,mappingafrica,v2.0.0,SD,30.2165,13.6225,0.4035993303571428,0.5964006696428572,0.0,,mappingafrica-256/images/SD4504107_2019-02.tif,mappingafrica-256/labels/SD4504107_24713_2019-02.tif,train
SD4512802,mappingafrica,v2.0.0,SD,30.9865,13.6075,0.6567283163265306,0.3432716836734694,0.0,,mappingafrica-256/images/SD4512802_2021-12.tif,mappingafrica-256/labels/SD4512802_24714_2021-12.tif,validate
SD4513220,mappingafrica,v2.0.0,SD,33.0765,13.6075,1.0,0.0,0.0,,mappingafrica-256/images/SD4513220_2023-03.tif,mappingafrica-256/labels/SD4513220_35154_2023-03.tif,validate
SD4519318,mappingafrica,v2.0.0,SD,35.1215,13.5975,1.0,0.0,0.0,,mappingafrica-256/images/SD4519318_2018-02.tif,mappingafrica-256/labels/SD4519318_16430_2018-02.tif,train
SD4539531,mappingafrica,v2.0.0,SD,22.7065,13.5575,0.9919882015306124,0.0080117984693875,0.0,,mappingafrica-256/images/SD4539531_2017-02.tif,mappingafrica-256/labels/SD4539531_24717_2017-02.tif,train
SD4546918,mappingafrica,v2.0.0,SD,31.3165,13.5475,0.2514150191326531,0.7485849808673469,0.0,,mappingafrica-256/images/SD4546918_2018-02.tif,mappingafrica-256/labels/SD4546918_262_2018-02.tif,test
SD4559313,mappingafrica,v2.0.0,SD,22.4865,13.5225,0.2582509566326531,0.7417490433673469,0.0,,mappingafrica-256/images/SD4559313_2020-02.tif,mappingafrica-256/labels/SD4559313_7978_2020-02.tif,train
SD4590419,mappingafrica,v2.0.0,SD,22.3915,13.4675,0.0737603635204081,0.926239636479592,0.0,,mappingafrica-256/images/SD4590419_2022-04.tif,mappingafrica-256/labels/SD4590419_14388_2022-04.tif,train
SD4598063,mappingafrica,v2.0.0,SD,32.3465,13.4575,0.4039580676020408,0.5960419323979592,0.0,,mappingafrica-256/images/SD4598063_2021-03.tif,mappingafrica-256/labels/SD4598063_14389_2021-03.tif,train
SD4600402,mappingafrica,v2.0.0,SD,29.9165,13.4525,0.9626913265306124,0.0373086734693876,0.0,,mappingafrica-256/images/SD4600402_2018-02.tif,mappingafrica-256/labels/SD4600402_18343_2018-02.tif,train
SD4609882,mappingafrica,v2.0.0,SD,34.9765,13.4375,0.0661272321428571,0.9338727678571428,0.0,,mappingafrica-256/images/SD4609882_2017-02.tif,mappingafrica-256/labels/SD4609882_17392_2017-02.tif,train
SD4612606,mappingafrica,v2.0.0,SD,34.4965,13.4325,0.7371053890306123,0.2628946109693877,0.0,,mappingafrica-256/images/SD4612606_2021-03.tif,mappingafrica-256/labels/SD4612606_6805_2021-03.tif,train
SD4621048,mappingafrica,v2.0.0,SD,34.4165,13.4175,0.9536830357142856,0.0463169642857144,0.0,,mappingafrica-256/images/SD4621048_2023-03.tif,mappingafrica-256/labels/SD4621048_37191_2023-03.tif,train
SD4623710,mappingafrica,v2.0.0,SD,33.6365,13.4125,0.9441565688775512,0.0558434311224488,0.0,,mappingafrica-256/images/SD4623710_2022-03.tif,mappingafrica-256/labels/SD4623710_24746_2022-03.tif,train
SD4628505,mappingafrica,v2.0.0,SD,29.4615,13.4025,0.4276945153061224,0.5723054846938775,0.0,,mappingafrica-256/images/SD4628505_2018-08.tif,mappingafrica-256/labels/SD4628505_274_2018-08.tif,train
SD4629098,mappingafrica,v2.0.0,SD,32.4265,13.4025,0.2706074617346938,0.7293925382653061,0.0,,mappingafrica-256/images/SD4629098_2019-02.tif,mappingafrica-256/labels/SD4629098_10014_2019-02.tif,train
SD4639852,mappingafrica,v2.0.0,SD,29.9965,13.3825,0.9580277423469388,0.0419722576530612,0.0,,mappingafrica-256/images/SD4639852_2023-03.tif,mappingafrica-256/labels/SD4639852_31364_2023-03.tif,train
SD4643131,mappingafrica,v2.0.0,SD,32.3515,13.3775,0.999740911989796,0.000259088010204,0.0,,mappingafrica-256/images/SD4643131_2017-02.tif,mappingafrica-256/labels/SD4643131_24748_2017-02.tif,train
SD4643586,mappingafrica,v2.0.0,SD,34.6265,13.3775,0.1159917091836734,0.8840082908163266,0.0,,mappingafrica-256/images/SD4643586_2021-03.tif,mappingafrica-256/labels/SD4643586_24749_2021-03.tif,train
SD4648278,mappingafrica,v2.0.0,SD,30.0165,13.3675,0.8669084821428571,0.1330915178571429,0.0,,mappingafrica-256/images/SD4648278_2021-03.tif,mappingafrica-256/labels/SD4648278_8922_2021-03.tif,train
SD4651221,mappingafrica,v2.0.0,SD,30.7015,13.3625,0.995834661989796,0.004165338010204,0.0,,mappingafrica-256/images/SD4651221_2018-02.tif,mappingafrica-256/labels/SD4651221_24751_2018-02.tif,train
SD4659787,mappingafrica,v2.0.0,SD,31.4415,13.3475,0.809211575255102,0.190788424744898,0.0,,mappingafrica-256/images/SD4659787_2018-02.tif,mappingafrica-256/labels/SD4659787_7824_2018-02.tif,train
SD4665123,mappingafrica,v2.0.0,SD,30.0465,13.3375,1.0,0.0,0.0,,mappingafrica-256/images/SD4665123_2017-02.tif,mappingafrica-256/labels/SD4665123_16436_2017-02.tif,test
SD4671084,mappingafrica,v2.0.0,SD,31.7715,13.3275,1.0,0.0,0.0,,mappingafrica-256/images/SD4671084_2018-02.tif,mappingafrica-256/labels/SD4671084_15418_2018-02.tif,train
SD4671385,mappingafrica,v2.0.0,SD,33.2765,13.3275,0.4421037946428571,0.5578962053571429,0.0,,mappingafrica-256/images/SD4671385_2022-03.tif,mappingafrica-256/labels/SD4671385_24765_2022-03.tif,train
SD4676653,mappingafrica,v2.0.0,SD,31.5265,13.3175,0.9832190688775512,0.0167809311224488,0.0,,mappingafrica-256/images/SD4676653_2022-03.tif,mappingafrica-256/labels/SD4676653_6808_2022-03.tif,train
SD4687810,mappingafrica,v2.0.0,SD,31.1015,13.2975,0.9970105229591836,0.0029894770408164,0.0,,mappingafrica-256/images/SD4687810_2022-03.tif,mappingafrica-256/labels/SD4687810_29672_2022-03.tif,train
SD4710148,mappingafrica,v2.0.0,SD,30.4065,13.2575,0.6232860331632653,0.3767139668367347,0.0,,mappingafrica-256/images/SD4710148_2021-03.tif,mappingafrica-256/labels/SD4710148_3406_2021-03.tif,train
SD4713908,mappingafrica,v2.0.0,SD,35.1465,13.2525,0.6850486288265306,0.3149513711734694,0.0,,mappingafrica-256/images/SD4713908_2019-08.tif,mappingafrica-256/labels/SD4713908_36542_2019-08.tif,test
SD4721976,mappingafrica,v2.0.0,SD,33.2965,13.2375,0.999900350765306,9.964923469396592e-05,0.0,,mappingafrica-256/images/SD4721976_2019-02.tif,mappingafrica-256/labels/SD4721976_12278_2019-02.tif,train
SD4726955,mappingafrica,v2.0.0,SD,30.0565,13.2275,0.7650271045918368,0.2349728954081632,0.0,,mappingafrica-256/images/SD4726955_2019-02.tif,mappingafrica-256/labels/SD4726955_29959_2019-02.tif,train
SD4733385,mappingafrica,v2.0.0,SD,34.0715,13.2175,0.3876953125,0.6123046875,0.0,,mappingafrica-256/images/SD4733385_2021-03.tif,mappingafrica-256/labels/SD4733385_8927_2021-03.tif,test
SD4733678,mappingafrica,v2.0.0,SD,35.5365,13.2175,0.9331552933673468,0.0668447066326531,0.0,,mappingafrica-256/images/SD4733678_2021-08.tif,mappingafrica-256/labels/SD4733678_100420_2021-08.tif,train
SD4735331,mappingafrica,v2.0.0,SD,29.7315,13.2125,0.7716836734693877,0.2283163265306123,0.0,,mappingafrica-256/images/SD4735331_2018-02.tif,mappingafrica-256/labels/SD4735331_20335_2018-02.tif,train
SD4744309,mappingafrica,v2.0.0,SD,32.3865,13.1975,0.9262794961734694,0.0737205038265306,0.0,,mappingafrica-256/images/SD4744309_2017-02.tif,mappingafrica-256/labels/SD4744309_15424_2017-02.tif,train
SD4745146,mappingafrica,v2.0.0,SD,22.4865,13.1925,0.9654217155612244,0.0345782844387756,0.0,,mappingafrica-256/images/SD4745146_2020-02.tif,mappingafrica-256/labels/SD4745146_6812_2020-02.tif,train
SD4756318,mappingafrica,v2.0.0,SD,36.0815,13.1775,0.1506297831632653,0.8493702168367347,0.0,,mappingafrica-256/images/SD4756318_2020-02.tif,mappingafrica-256/labels/SD4756318_1688_2020-02.tif,train
SD4764493,mappingafrica,v2.0.0,SD,34.6315,13.1625,0.5354751275510204,0.4645248724489795,0.0,,mappingafrica-256/images/SD4764493_2018-02.tif,mappingafrica-256/labels/SD4764493_40156_2018-02.tif,validate
SD4767502,mappingafrica,v2.0.0,SD,35.5315,13.1575,0.9953563456632653,0.0046436543367347,0.0,,mappingafrica-256/images/SD4767502_2019-08.tif,mappingafrica-256/labels/SD4767502_37276_2019-08.tif,train
SD4780210,mappingafrica,v2.0.0,SD,28.1965,13.1325,0.6317362882653061,0.3682637117346938,0.0,,mappingafrica-256/images/SD4780210_2020-07.tif,mappingafrica-256/labels/SD4780210_16445_2020-07.tif,validate
SD4798093,mappingafrica,v2.0.0,SD,32.3665,13.1025,0.8552295918367347,0.1447704081632652,0.0,,mappingafrica-256/images/SD4798093_2022-03.tif,mappingafrica-256/labels/SD4798093_11648_2022-03.tif,train
SD4813057,mappingafrica,v2.0.0,SD,36.0465,13.0775,0.4375199298469387,0.5624800701530612,0.0,,mappingafrica-256/images/SD4813057_2018-02.tif,mappingafrica-256/labels/SD4813057_11078_2018-02.tif,train
SD4818214,mappingafrica,v2.0.0,SD,33.3315,13.0675,0.3102479272959184,0.6897520727040816,0.0,,mappingafrica-256/images/SD4818214_2023-03.tif,mappingafrica-256/labels/SD4818214_29007_2023-03.tif,train
SD4828964,mappingafrica,v2.0.0,SD,30.0315,13.0475,0.4914899553571428,0.5085100446428572,0.0,,mappingafrica-256/images/SD4828964_2017-02.tif,mappingafrica-256/labels/SD4828964_14400_2017-02.tif,train
SD4829069,mappingafrica,v2.0.0,SD,30.5565,13.0475,0.5159638073979592,0.4840361926020408,0.0,,mappingafrica-256/images/SD4829069_2020-02.tif,mappingafrica-256/labels/SD4829069_6815_2020-02.tif,train
SD4846734,mappingafrica,v2.0.0,SD,33.3265,13.0175,0.9999402104591836,5.978954081642396e-05,0.0,,mappingafrica-256/images/SD4846734_2018-02.tif,mappingafrica-256/labels/SD4846734_16447_2018-02.tif,test
SD4851763,mappingafrica,v2.0.0,SD,29.9415,13.0075,0.7410315688775511,0.2589684311224489,0.0,,mappingafrica-256/images/SD4851763_2019-02.tif,mappingafrica-256/labels/SD4851763_24807_2019-02.tif,train
SD4855469,mappingafrica,v2.0.0,SD,34.1965,13.0025,1.0,0.0,0.0,,mappingafrica-256/images/SD4855469_2018-02.tif,mappingafrica-256/labels/SD4855469_28354_2018-02.tif,train
SD4857680,mappingafrica,v2.0.0,SD,30.9765,12.9975,0.0193718112244897,0.9806281887755104,0.0,,mappingafrica-256/images/SD4857680_2017-02.tif,mappingafrica-256/labels/SD4857680_18357_2017-02.tif,train
SD4863477,mappingafrica,v2.0.0,SD,31.4065,12.9875,0.8687619579081632,0.1312380420918367,0.0,,mappingafrica-256/images/SD4863477_2023-03.tif,mappingafrica-256/labels/SD4863477_29257_2023-03.tif,test
SD4869994,mappingafrica,v2.0.0,SD,35.4315,12.9775,0.1415816326530612,0.8584183673469388,0.0,,mappingafrica-256/images/SD4869994_2018-08.tif,mappingafrica-256/labels/SD4869994_606_2018-08.tif,train
SD4875228,mappingafrica,v2.0.0,SD,33.0415,12.9675,0.0903419961734693,0.9096580038265308,0.0,,mappingafrica-256/images/SD4875228_2018-02.tif,mappingafrica-256/labels/SD4875228_6818_2018-02.tif,train
SD4875473,mappingafrica,v2.0.0,SD,34.2665,12.9675,0.6451092155612245,0.3548907844387755,0.0,,mappingafrica-256/images/SD4875473_2017-02.tif,mappingafrica-256/labels/SD4875473_6819_2017-02.tif,train
SD4884089,mappingafrica,v2.0.0,SD,34.5165,12.9525,0.8475566007653061,0.1524433992346938,0.0,,mappingafrica-256/images/SD4884089_2022-03.tif,mappingafrica-256/labels/SD4884089_32441_2022-03.tif,train
SD4894867,mappingafrica,v2.0.0,SD,31.3015,12.9325,0.8979392538265306,0.1020607461734693,0.0,,mappingafrica-256/images/SD4894867_2022-03.tif,mappingafrica-256/labels/SD4894867_13357_2022-03.tif,validate
SD4907094,mappingafrica,v2.0.0,SD,35.2915,12.9125,0.9584861288265306,0.0415138711734693,0.0,,mappingafrica-256/images/SD4907094_2021-08.tif,mappingafrica-256/labels/SD4907094_11081_2021-08.tif,train
SD4907164,mappingafrica,v2.0.0,SD,35.6415,12.9125,0.9560546875,0.0439453125,0.0,,mappingafrica-256/images/SD4907164_2018-08.tif,mappingafrica-256/labels/SD4907164_11082_2018-08.tif,validate
SD4912124,mappingafrica,v2.0.0,SD,31.8265,12.9025,0.8455835459183674,0.1544164540816326,0.0,,mappingafrica-256/images/SD4912124_2022-03.tif,mappingafrica-256/labels/SD4912124_5720_2022-03.tif,train
SD4916054,mappingafrica,v2.0.0,SD,22.8315,12.8925,0.8045479910714286,0.1954520089285714,0.0,,mappingafrica-256/images/SD4916054_2020-02.tif,mappingafrica-256/labels/SD4916054_18359_2020-02.tif,train
SD4923834,mappingafrica,v2.0.0,SD,33.0665,12.8825,0.9849728954081632,0.0150271045918367,0.0,,mappingafrica-256/images/SD4923834_2021-03.tif,mappingafrica-256/labels/SD4923834_24822_2021-03.tif,train
SD4937849,mappingafrica,v2.0.0,SD,31.4715,12.8575,0.1791095344387755,0.8208904655612245,0.0,,mappingafrica-256/images/SD4937849_2023-03.tif,mappingafrica-256/labels/SD4937849_29090_2023-03.tif,train
SD4949646,mappingafrica,v2.0.0,SD,33.1265,12.8375,0.9964724170918368,0.0035275829081632,0.0,,mappingafrica-256/images/SD4949646_2018-02.tif,mappingafrica-256/labels/SD4949646_16449_2018-02.tif,train
SD4957794,mappingafrica,v2.0.0,SD,30.8565,12.8225,0.0876713966836734,0.9123286033163266,0.0,,mappingafrica-256/images/SD4957794_2021-03.tif,mappingafrica-256/labels/SD4957794_37717_2021-03.tif,train
SD4963455,mappingafrica,v2.0.0,SD,30.4815,12.8125,0.6983219068877551,0.3016780931122449,0.0,,mappingafrica-256/images/SD4963455_2021-03.tif,mappingafrica-256/labels/SD4963455_2869_2021-03.tif,train
SD4964142,mappingafrica,v2.0.0,SD,33.9165,12.8125,0.8489317602040817,0.1510682397959183,0.0,,mappingafrica-256/images/SD4964142_2017-02.tif,mappingafrica-256/labels/SD4964142_7838_2017-02.tif,train
SD4970236,mappingafrica,v2.0.0,SD,35.7065,12.8025,1.0,0.0,0.0,,mappingafrica-256/images/SD4970236_2018-08.tif,mappingafrica-256/labels/SD4970236_10027_2018-08.tif,train
SD4975354,mappingafrica,v2.0.0,SD,32.6115,12.7925,0.0408761160714285,0.9591238839285716,0.0,,mappingafrica-256/images/SD4975354_2017-02.tif,mappingafrica-256/labels/SD4975354_18363_2017-02.tif,train
SD4975691,mappingafrica,v2.0.0,SD,34.2965,12.7925,0.9820033482142856,0.0179966517857144,0.0,,mappingafrica-256/images/SD4975691_2023-03.tif,mappingafrica-256/labels/SD4975691_37792_2023-03.tif,test
SD4978325,mappingafrica,v2.0.0,SD,33.1265,12.7875,1.0,0.0,0.0,,mappingafrica-256/images/SD4978325_2022-03.tif,mappingafrica-256/labels/SD4978325_27634_2022-03.tif,test
SD4981159,mappingafrica,v2.0.0,SD,32.9565,12.7825,1.0,0.0,0.0,,mappingafrica-256/images/SD4981159_2018-02.tif,mappingafrica-256/labels/SD4981159_34255_2018-02.tif,test
SD4985504,mappingafrica,v2.0.0,SD,26.0165,12.7725,0.9999402104591836,5.978954081642396e-05,0.0,,mappingafrica-256/images/SD4985504_2021-08.tif,mappingafrica-256/labels/SD4985504_11087_2021-08.tif,validate
SD4992197,mappingafrica,v2.0.0,SD,30.8265,12.7625,0.8735451211734694,0.1264548788265306,0.0,,mappingafrica-256/images/SD4992197_2018-02.tif,mappingafrica-256/labels/SD4992197_41089_2018-02.tif,train
SD4992751,mappingafrica,v2.0.0,SD,33.5965,12.7625,1.0,0.0,0.0,,mappingafrica-256/images/SD4992751_2022-03.tif,mappingafrica-256/labels/SD4992751_5724_2022-03.tif,test
SD5000995,mappingafrica,v2.0.0,SD,31.8465,12.7475,0.8118423150510204,0.1881576849489795,0.0,,mappingafrica-256/images/SD5000995_2023-03.tif,mappingafrica-256/labels/SD5000995_33714_2023-03.tif,train
SD5020905,mappingafrica,v2.0.0,SD,31.4965,12.7125,0.5415935905612245,0.4584064094387755,0.0,,mappingafrica-256/images/SD5020905_2021-03.tif,mappingafrica-256/labels/SD5020905_35516_2021-03.tif,test
SD5021069,mappingafrica,v2.0.0,SD,32.3165,12.7125,0.1423389668367347,0.8576610331632653,0.0,,mappingafrica-256/images/SD5021069_2019-02.tif,mappingafrica-256/labels/SD5021069_4627_2019-02.tif,train
SD5026658,mappingafrica,v2.0.0,SD,32.0915,12.7025,0.0566804846938775,0.9433195153061223,0.0,,mappingafrica-256/images/SD5026658_2021-03.tif,mappingafrica-256/labels/SD5026658_13363_2021-03.tif,train
SD5048840,mappingafrica,v2.0.0,SD,32.0415,12.6625,0.2914939413265306,0.7085060586734694,0.0,,mappingafrica-256/images/SD5048840_2023-03.tif,mappingafrica-256/labels/SD5048840_29511_2023-03.tif,train
SD5054568,mappingafrica,v2.0.0,SD,33.6165,12.6525,0.9937420280612244,0.0062579719387756,0.0,,mappingafrica-256/images/SD5054568_2022-03.tif,mappingafrica-256/labels/SD5054568_16452_2022-03.tif,train
SD5072174,mappingafrica,v2.0.0,SD,28.3565,12.6175,0.2331592793367347,0.7668407206632653,0.0,,mappingafrica-256/images/SD5072174_2020-02.tif,mappingafrica-256/labels/SD5072174_15439_2020-02.tif,train
SD5081018,mappingafrica,v2.0.0,SD,32.8665,12.6025,0.8124800701530612,0.1875199298469387,0.0,,mappingafrica-256/images/SD5081018_2019-02.tif,mappingafrica-256/labels/SD5081018_17406_2019-02.tif,test
SD5082667,mappingafrica,v2.0.0,SD,27.8815,12.5975,0.4551179846938775,0.5448820153061225,0.0,,mappingafrica-256/images/SD5082667_2017-08.tif,mappingafrica-256/labels/SD5082667_18367_2017-08.tif,test
SD5087497,mappingafrica,v2.0.0,SD,25.6415,12.5875,0.5083705357142857,0.4916294642857143,0.0,,mappingafrica-256/images/SD5087497_2018-02.tif,mappingafrica-256/labels/SD5087497_28447_2018-02.tif,train
SD5096358,mappingafrica,v2.0.0,SD,30.3715,12.5725,0.4428611288265306,0.5571388711734694,0.0,,mappingafrica-256/images/SD5096358_2017-02.tif,mappingafrica-256/labels/SD5096358_2331_2017-02.tif,train
SD5107039,mappingafrica,v2.0.0,SD,31.0265,12.5525,0.7241509885204082,0.2758490114795918,0.0,,mappingafrica-256/images/SD5107039_2018-02.tif,mappingafrica-256/labels/SD5107039_24856_2018-02.tif,train
SD5109123,mappingafrica,v2.0.0,SD,28.2615,12.5475,0.6699418048469388,0.3300581951530612,0.0,,mappingafrica-256/images/SD5109123_2017-02.tif,mappingafrica-256/labels/SD5109123_8941_2017-02.tif,train
SD5114434,mappingafrica,v2.0.0,SD,28.4465,12.5375,0.6656768176020408,0.3343231823979592,0.0,,mappingafrica-256/images/SD5114434_2021-03.tif,mappingafrica-256/labels/SD5114434_100434_2021-03.tif,train
SD5115027,mappingafrica,v2.0.0,SD,31.4115,12.5375,0.5267059948979592,0.4732940051020408,0.0,,mappingafrica-256/images/SD5115027_2017-02.tif,mappingafrica-256/labels/SD5115027_12487_2017-02.tif,train
SD5125987,mappingafrica,v2.0.0,SD,33.4865,12.5175,0.2286949936224489,0.7713050063775511,0.0,,mappingafrica-256/images/SD5125987_2020-02.tif,mappingafrica-256/labels/SD5125987_1741_2020-02.tif,train
SD5155112,mappingafrica,v2.0.0,SD,34.1265,12.4625,0.9698461415816326,0.0301538584183673,0.0,,mappingafrica-256/images/SD5155112_2023-03.tif,mappingafrica-256/labels/SD5155112_31443_2023-03.tif,train
SD5206583,mappingafrica,v2.0.0,SD,28.6815,12.3625,0.804069674744898,0.195930325255102,0.0,,mappingafrica-256/images/SD5206583_2020-02.tif,mappingafrica-256/labels/SD5206583_24869_2020-02.tif,train
SD5217733,mappingafrica,v2.0.0,SD,32.1165,12.3425,0.9894571109693876,0.0105428890306124,0.0,,mappingafrica-256/images/SD5217733_2019-02.tif,mappingafrica-256/labels/SD5217733_24872_2019-02.tif,train
SD5228348,mappingafrica,v2.0.0,SD,32.9465,12.3225,1.0,0.0,0.0,,mappingafrica-256/images/SD5228348_2023-08.tif,mappingafrica-256/labels/SD5228348_34808_2023-08.tif,test
SD5236011,mappingafrica,v2.0.0,SD,32.1265,12.3075,0.9711615114795918,0.0288384885204081,0.0,,mappingafrica-256/images/SD5236011_2018-02.tif,mappingafrica-256/labels/SD5236011_18371_2018-02.tif,test
SD5239641,mappingafrica,v2.0.0,SD,24.2115,12.2975,0.911033163265306,0.0889668367346939,0.0,,mappingafrica-256/images/SD5239641_2017-02.tif,mappingafrica-256/labels/SD5239641_8949_2017-02.tif,validate
SD5241648,mappingafrica,v2.0.0,SD,34.2465,12.2975,0.9986846301020408,0.0013153698979592,0.0,,mappingafrica-256/images/SD5241648_2021-03.tif,mappingafrica-256/labels/SD5241648_101144_2021-03.tif,train
SD5250633,mappingafrica,v2.0.0,SD,27.0915,12.2775,0.9857501594387756,0.0142498405612243,0.0,,mappingafrica-256/images/SD5250633_2023-03.tif,mappingafrica-256/labels/SD5250633_37858_2023-03.tif,train
SD5256842,mappingafrica,v2.0.0,SD,32.1165,12.2675,1.0,0.0,0.0,,mappingafrica-256/images/SD5256842_2017-02.tif,mappingafrica-256/labels/SD5256842_5732_2017-02.tif,train
SD5269019,mappingafrica,v2.0.0,SD,28.0565,12.2425,0.9096978635204082,0.0903021364795918,0.0,,mappingafrica-256/images/SD5269019_2023-03.tif,mappingafrica-256/labels/SD5269019_38866_2023-03.tif,train
SD5279357,mappingafrica,v2.0.0,SD,27.8465,12.2225,0.6303810586734694,0.3696189413265306,0.0,,mappingafrica-256/images/SD5279357_2019-02.tif,mappingafrica-256/labels/SD5279357_17418_2019-02.tif,train
SD5282779,mappingafrica,v2.0.0,SD,31.9915,12.2175,1.0,0.0,0.0,,mappingafrica-256/images/SD5282779_2017-02.tif,mappingafrica-256/labels/SD5282779_27646_2017-02.tif,validate
SD5290775,mappingafrica,v2.0.0,SD,33.0765,12.2025,1.0,0.0,0.0,,mappingafrica-256/images/SD5290775_2019-08.tif,mappingafrica-256/labels/SD5290775_28497_2019-08.tif,train
SD5293173,mappingafrica,v2.0.0,SD,32.1015,12.1975,0.9255819515306124,0.0744180484693876,0.0,,mappingafrica-256/images/SD5293173_2022-03.tif,mappingafrica-256/labels/SD5293173_17419_2022-03.tif,test
SD5300672,mappingafrica,v2.0.0,SD,30.7365,12.1825,0.486507493622449,0.5134925063775511,0.0,,mappingafrica-256/images/SD5300672_2018-02.tif,mappingafrica-256/labels/SD5300672_24890_2018-02.tif,train
SD5303947,mappingafrica,v2.0.0,SD,34.1915,12.1775,0.4087213010204081,0.591278698979592,0.0,,mappingafrica-256/images/SD5303947_2023-03.tif,mappingafrica-256/labels/SD5303947_28633_2023-03.tif,train
SD5311264,mappingafrica,v2.0.0,SD,32.0565,12.1625,0.985610650510204,0.0143893494897959,0.0,,mappingafrica-256/images/SD5311264_2019-02.tif,mappingafrica-256/labels/SD5311264_27647_2019-02.tif,train
SD5313524,mappingafrica,v2.0.0,SD,30.4565,12.1575,0.9628109056122448,0.0371890943877551,0.0,,mappingafrica-256/images/SD5313524_2017-02.tif,mappingafrica-256/labels/SD5313524_3461_2017-02.tif,train
SD5318342,mappingafrica,v2.0.0,SD,28.7565,12.1475,0.3069595025510204,0.6930404974489797,0.0,,mappingafrica-256/images/SD5318342_2022-03.tif,mappingafrica-256/labels/SD5318342_28501_2022-03.tif,train
SD5325708,mappingafrica,v2.0.0,SD,26.9265,12.1325,0.7888432716836735,0.2111567283163264,0.0,,mappingafrica-256/images/SD5325708_2022-03.tif,mappingafrica-256/labels/SD5325708_11108_2022-03.tif,test
SD5334778,mappingafrica,v2.0.0,SD,33.6415,12.1175,0.7549426020408163,0.2450573979591837,0.0,,mappingafrica-256/images/SD5334778_2022-08.tif,mappingafrica-256/labels/SD5334778_30834_2022-08.tif,train
SD5346352,mappingafrica,v2.0.0,SD,27.1665,12.0925,0.9723573022959184,0.0276426977040815,0.0,,mappingafrica-256/images/SD5346352_2021-03.tif,mappingafrica-256/labels/SD5346352_36902_2021-03.tif,train
SD5354207,mappingafrica,v2.0.0,SD,27.8565,12.0775,0.8205117984693877,0.1794882015306123,0.0,,mappingafrica-256/images/SD5354207_2022-03.tif,mappingafrica-256/labels/SD5354207_30992_2022-03.tif,train
SD5360239,mappingafrica,v2.0.0,SD,32.2965,12.0675,0.6140784438775511,0.3859215561224489,0.0,,mappingafrica-256/images/SD5360239_2022-03.tif,mappingafrica-256/labels/SD5360239_100131_2022-03.tif,train
SD5363967,mappingafrica,v2.0.0,SD,25.2065,12.0575,0.9892179528061223,0.0107820471938776,0.0,,mappingafrica-256/images/SD5363967_2023-08.tif,mappingafrica-256/labels/SD5363967_33685_2023-08.tif,train
SD5364389,mappingafrica,v2.0.0,SD,27.3165,12.0575,0.0574178890306122,0.9425821109693878,0.0,,mappingafrica-256/images/SD5364389_2023-03.tif,mappingafrica-256/labels/SD5364389_29911_2023-03.tif,train
SD5364936,mappingafrica,v2.0.0,SD,30.0515,12.0575,1.0,0.0,0.0,,mappingafrica-256/images/SD5364936_2021-04.tif,mappingafrica-256/labels/SD5364936_28529_2021-04.tif,train
SD5366951,mappingafrica,v2.0.0,SD,27.2565,12.0525,0.3952686543367347,0.6047313456632653,0.0,,mappingafrica-256/images/SD5366951_2018-02.tif,mappingafrica-256/labels/SD5366951_100443_2018-02.tif,train
SD5377125,mappingafrica,v2.0.0,SD,27.0315,12.0325,0.8720902423469388,0.1279097576530612,0.0,,mappingafrica-256/images/SD5377125_2019-02.tif,mappingafrica-256/labels/SD5377125_13375_2019-02.tif,train
SD5382221,mappingafrica,v2.0.0,SD,26.9815,12.0225,0.5029296875,0.4970703125,0.0,,mappingafrica-256/images/SD5382221_2019-02.tif,mappingafrica-256/labels/SD5382221_30533_2019-02.tif,test
SD5382522,mappingafrica,v2.0.0,SD,28.4865,12.0225,0.7795758928571429,0.2204241071428571,0.0,,mappingafrica-256/images/SD5382522_2017-02.tif,mappingafrica-256/labels/SD5382522_8952_2017-02.tif,test
SD5385793,mappingafrica,v2.0.0,SD,32.1115,12.0175,0.9544204400510204,0.0455795599489795,0.0,,mappingafrica-256/images/SD5385793_2019-02.tif,mappingafrica-256/labels/SD5385793_20933_2019-02.tif,train
SD5387960,mappingafrica,v2.0.0,SD,30.2415,12.0125,0.8705357142857143,0.1294642857142857,0.0,,mappingafrica-256/images/SD5387960_2023-04.tif,mappingafrica-256/labels/SD5387960_30146_2023-04.tif,train
SD5402679,mappingafrica,v2.0.0,SD,27.7515,11.9825,0.6205755739795918,0.3794244260204081,0.0,,mappingafrica-256/images/SD5402679_2019-02.tif,mappingafrica-256/labels/SD5402679_13376_2019-02.tif,train
SD5413403,mappingafrica,v2.0.0,SD,30.6415,11.9625,0.5497249681122449,0.4502750318877551,0.0,,mappingafrica-256/images/SD5413403_2022-03.tif,mappingafrica-256/labels/SD5413403_737_2022-03.tif,train
SD5417665,mappingafrica,v2.0.0,SD,26.5915,11.9525,0.2578722895408163,0.7421277104591837,0.0,,mappingafrica-256/images/SD5417665_2018-02.tif,mappingafrica-256/labels/SD5417665_36149_2018-02.tif,train
SD5420230,mappingafrica,v2.0.0,SD,26.7415,11.9475,0.9309032206632653,0.0690967793367347,0.0,,mappingafrica-256/images/SD5420230_2023-03.tif,mappingafrica-256/labels/SD5420230_31619_2023-03.tif,train
SD5426012,mappingafrica,v2.0.0,SD,30.3015,11.9375,0.4200813137755102,0.5799186862244898,0.0,,mappingafrica-256/images/SD5426012_2017-02.tif,mappingafrica-256/labels/SD5426012_13380_2017-02.tif,test
SD5426096,mappingafrica,v2.0.0,SD,30.7215,11.9375,0.0757334183673469,0.9242665816326532,0.0,,mappingafrica-256/images/SD5426096_2018-02.tif,mappingafrica-256/labels/SD5426096_20938_2018-02.tif,train
SD5439019,mappingafrica,v2.0.0,SD,32.0165,11.9125,0.5310307716836735,0.4689692283163265,0.0,,mappingafrica-256/images/SD5439019_2020-02.tif,mappingafrica-256/labels/SD5439019_20356_2020-02.tif,train
SD5448147,mappingafrica,v2.0.0,SD,27.0915,11.8925,0.9999402104591836,5.978954081642396e-05,0.0,,mappingafrica-256/images/SD5448147_2017-02.tif,mappingafrica-256/labels/SD5448147_24919_2017-02.tif,train
SD5448744,mappingafrica,v2.0.0,SD,30.0765,11.8925,0.9151985012755102,0.0848014987244898,0.0,,mappingafrica-256/images/SD5448744_2020-02.tif,mappingafrica-256/labels/SD5448744_100134_2020-02.tif,train
SD5468301,mappingafrica,v2.0.0,SD,26.9865,11.8525,0.7594268176020408,0.2405731823979592,0.0,,mappingafrica-256/images/SD5468301_2021-03.tif,mappingafrica-256/labels/SD5468301_35373_2021-03.tif,train
SD5470419,mappingafrica,v2.0.0,SD,24.9915,11.8475,0.4241669323979591,0.5758330676020409,0.0,,mappingafrica-256/images/SD5470419_2022-08.tif,mappingafrica-256/labels/SD5470419_32348_2022-08.tif,train
SD5474274,mappingafrica,v2.0.0,SD,31.6965,11.8425,0.3143734056122449,0.6856265943877551,0.0,,mappingafrica-256/images/SD5474274_2022-03.tif,mappingafrica-256/labels/SD5474274_20359_2022-03.tif,train
SD5477174,mappingafrica,v2.0.0,SD,33.6315,11.8375,0.9145208864795918,0.0854791135204081,0.0,,mappingafrica-256/images/SD5477174_2020-07.tif,mappingafrica-256/labels/SD5477174_2363_2020-07.tif,train
SD5484025,mappingafrica,v2.0.0,SD,30.2315,11.8225,0.3056839923469387,0.6943160076530612,0.0,,mappingafrica-256/images/SD5484025_2017-02.tif,mappingafrica-256/labels/SD5484025_501_2017-02.tif,train
SD5485862,mappingafrica,v2.0.0,SD,26.8715,11.8175,0.5469547193877551,0.4530452806122449,0.0,,mappingafrica-256/images/SD5485862_2020-02.tif,mappingafrica-256/labels/SD5485862_6839_2020-02.tif,test
SD5498025,mappingafrica,v2.0.0,SD,25.0365,11.7925,0.6218909438775511,0.3781090561224489,0.0,,mappingafrica-256/images/SD5498025_2019-02.tif,mappingafrica-256/labels/SD5498025_24929_2019-02.tif,train
SD5527796,mappingafrica,v2.0.0,SD,23.7865,11.7325,0.5844626913265306,0.4155373086734694,0.0,,mappingafrica-256/images/SD5527796_2018-08.tif,mappingafrica-256/labels/SD5527796_7860_2018-08.tif,train
SD5540755,mappingafrica,v2.0.0,SD,26.0715,11.7075,0.8807397959183674,0.1192602040816326,0.0,,mappingafrica-256/images/SD5540755_2017-02.tif,mappingafrica-256/labels/SD5540755_24939_2017-02.tif,train
SD5556237,mappingafrica,v2.0.0,SD,28.4165,11.6775,0.4230508609693877,0.5769491390306123,0.0,,mappingafrica-256/images/SD5556237_2017-02.tif,mappingafrica-256/labels/SD5556237_14442_2017-02.tif,train
SD5572286,mappingafrica,v2.0.0,SD,33.5265,11.6475,1.0,0.0,0.0,,mappingafrica-256/images/SD5572286_2020-07.tif,mappingafrica-256/labels/SD5572286_30690_2020-07.tif,train
SD5590769,mappingafrica,v2.0.0,SD,25.7065,11.6075,0.7532286352040817,0.2467713647959183,0.0,,mappingafrica-256/images/SD5590769_2022-03.tif,mappingafrica-256/labels/SD5590769_41099_2022-03.tif,test
SD5591610,mappingafrica,v2.0.0,SD,29.9115,11.6075,0.966697225765306,0.0333027742346939,0.0,,mappingafrica-256/images/SD5591610_2020-02.tif,mappingafrica-256/labels/SD5591610_34242_2020-02.tif,train
SD5608333,mappingafrica,v2.0.0,SD,26.0165,11.5725,0.9986846301020408,0.0013153698979592,0.0,,mappingafrica-256/images/SD5608333_2019-02.tif,mappingafrica-256/labels/SD5608333_19457_2019-02.tif,train
SD5640617,mappingafrica,v2.0.0,SD,25.5165,11.5075,0.8316924426020408,0.1683075573979592,0.0,,mappingafrica-256/images/SD5640617_2018-02.tif,mappingafrica-256/labels/SD5640617_8970_2018-02.tif,test
SD5645396,mappingafrica,v2.0.0,SD,24.6315,11.4975,0.7303890306122449,0.2696109693877551,0.0,,mappingafrica-256/images/SD5645396_2023-08.tif,mappingafrica-256/labels/SD5645396_29067_2023-08.tif,train
SD5645804,mappingafrica,v2.0.0,SD,26.6715,11.4975,0.8292012117346939,0.1707987882653061,0.0,,mappingafrica-256/images/SD5645804_2017-02.tif,mappingafrica-256/labels/SD5645804_12352_2017-02.tif,test
SD5653155,mappingafrica,v2.0.0,SD,26.3615,11.4825,0.7955795599489796,0.2044204400510204,0.0,,mappingafrica-256/images/SD5653155_2017-02.tif,mappingafrica-256/labels/SD5653155_10060_2017-02.tif,train
SD5663685,mappingafrica,v2.0.0,SD,29.7615,11.4625,0.2160993303571428,0.7839006696428572,0.0,,mappingafrica-256/images/SD5663685_2020-02.tif,mappingafrica-256/labels/SD5663685_5744_2020-02.tif,train
SD5678691,mappingafrica,v2.0.0,SD,31.0715,11.4325,0.0339205994897959,0.966079400510204,0.0,,mappingafrica-256/images/SD5678691_2017-02.tif,mappingafrica-256/labels/SD5678691_24976_2017-02.tif,validate
SD5700789,mappingafrica,v2.0.0,SD,31.9515,11.3875,0.1549944196428571,0.8450055803571429,0.0,,mappingafrica-256/images/SD5700789_2020-02.tif,mappingafrica-256/labels/SD5700789_36421_2020-02.tif,train
SD5704162,mappingafrica,v2.0.0,SD,24.6365,11.3775,0.7840003188775511,0.2159996811224489,0.0,,mappingafrica-256/images/SD5704162_2022-08.tif,mappingafrica-256/labels/SD5704162_7869_2022-08.tif,train
SD5706599,mappingafrica,v2.0.0,SD,24.7365,11.3725,0.7770846619897959,0.2229153380102041,0.0,,mappingafrica-256/images/SD5706599_2019-08.tif,mappingafrica-256/labels/SD5706599_10064_2019-08.tif,validate
SD5708535,mappingafrica,v2.0.0,SD,34.4165,11.3725,0.1734893176020408,0.8265106823979592,0.0,,mappingafrica-256/images/SD5708535_2021-08.tif,mappingafrica-256/labels/SD5708535_37862_2021-08.tif,train
SD5725203,mappingafrica,v2.0.0,SD,33.2965,11.3375,1.0,0.0,0.0,,mappingafrica-256/images/SD5725203_2019-02.tif,mappingafrica-256/labels/SD5725203_29483_2019-02.tif,train
SD5733340,mappingafrica,v2.0.0,SD,25.7915,11.3175,0.6940967793367347,0.3059032206632652,0.0,,mappingafrica-256/images/SD5733340_2017-02.tif,mappingafrica-256/labels/SD5733340_15456_2017-02.tif,test
SD5739648,mappingafrica,v2.0.0,SD,33.2565,11.3075,0.2451769770408163,0.7548230229591837,0.0,,mappingafrica-256/images/SD5739648_2021-03.tif,mappingafrica-256/labels/SD5739648_24994_2021-03.tif,train
SD5759820,mappingafrica,v2.0.0,SD,26.1115,11.2625,0.6824378188775511,0.3175621811224489,0.0,,mappingafrica-256/images/SD5759820_2020-02.tif,mappingafrica-256/labels/SD5759820_27663_2020-02.tif,train
SD5761246,mappingafrica,v2.0.0,SD,33.2415,11.2625,0.9892777423469388,0.0107222576530612,0.0,,mappingafrica-256/images/SD5761246_2022-03.tif,mappingafrica-256/labels/SD5761246_34555_2022-03.tif,train
SD5774884,mappingafrica,v2.0.0,SD,29.5665,11.2325,0.205516581632653,0.794483418367347,0.0,,mappingafrica-256/images/SD5774884_2019-02.tif,mappingafrica-256/labels/SD5774884_15459_2019-02.tif,train
SD5776976,mappingafrica,v2.0.0,SD,28.0465,11.2275,0.558952487244898,0.441047512755102,0.0,,mappingafrica-256/images/SD5776976_2023-03.tif,mappingafrica-256/labels/SD5776976_32665_2023-03.tif,train
SD5785894,mappingafrica,v2.0.0,SD,24.6665,11.2075,0.1842315051020408,0.8157684948979592,0.0,,mappingafrica-256/images/SD5785894_2022-08.tif,mappingafrica-256/labels/SD5785894_4655_2022-08.tif,train
SD5818170,mappingafrica,v2.0.0,SD,29.6715,11.1425,0.7758091517857143,0.2241908482142857,0.0,,mappingafrica-256/images/SD5818170_2020-02.tif,mappingafrica-256/labels/SD5818170_1805_2020-02.tif,train
SD5836377,mappingafrica,v2.0.0,SD,24.3115,11.1025,0.2028061224489795,0.7971938775510206,0.0,,mappingafrica-256/images/SD5836377_2022-08.tif,mappingafrica-256/labels/SD5836377_25012_2022-08.tif,train
SD5869962,mappingafrica,v2.0.0,SD,23.3965,11.0325,0.7713647959183674,0.2286352040816326,0.0,,mappingafrica-256/images/SD5869962_2021-08.tif,mappingafrica-256/labels/SD5869962_25016_2021-08.tif,train
SD5870473,mappingafrica,v2.0.0,SD,25.9515,11.0325,0.5284398915816326,0.4715601084183674,0.0,,mappingafrica-256/images/SD5870473_2022-03.tif,mappingafrica-256/labels/SD5870473_704_2022-03.tif,train
SD5873007,mappingafrica,v2.0.0,SD,26.5615,11.0275,0.6415417729591837,0.3584582270408163,0.0,,mappingafrica-256/images/SD5873007_2023-03.tif,mappingafrica-256/labels/SD5873007_33051_2023-03.tif,validate
SD5880181,mappingafrica,v2.0.0,SD,26.2415,11.0125,0.5841637436224489,0.415836256377551,0.0,,mappingafrica-256/images/SD5880181_2018-02.tif,mappingafrica-256/labels/SD5880181_25019_2018-02.tif,train
SD5889189,mappingafrica,v2.0.0,SD,23.0115,10.9925,0.7532684948979592,0.2467315051020407,0.0,,mappingafrica-256/images/SD5889189_2018-08.tif,mappingafrica-256/labels/SD5889189_36792_2018-08.tif,train
SD5899000,mappingafrica,v2.0.0,SD,23.8015,10.9725,0.1913265306122449,0.8086734693877551,0.0,,mappingafrica-256/images/SD5899000_2018-08.tif,mappingafrica-256/labels/SD5899000_31526_2018-08.tif,train
SD5916037,mappingafrica,v2.0.0,SD,24.4715,10.9375,0.5107621173469388,0.4892378826530612,0.0,,mappingafrica-256/images/SD5916037_2023-08.tif,mappingafrica-256/labels/SD5916037_36153_2023-08.tif,train
SD5930796,mappingafrica,v2.0.0,SD,25.7015,10.9075,0.6690250318877551,0.3309749681122449,0.0,,mappingafrica-256/images/SD5930796_2020-02.tif,mappingafrica-256/labels/SD5930796_984_2020-02.tif,train
SD5938954,mappingafrica,v2.0.0,SD,30.2165,10.8925,0.4204201211734694,0.5795798788265306,0.0,,mappingafrica-256/images/SD5938954_2021-03.tif,mappingafrica-256/labels/SD5938954_15465_2021-03.tif,train
SD5947334,mappingafrica,v2.0.0,SD,24.0065,10.8725,0.6804647640306123,0.3195352359693877,0.0,,mappingafrica-256/images/SD5947334_2018-08.tif,mappingafrica-256/labels/SD5947334_10068_2018-08.tif,train
SD5980611,mappingafrica,v2.0.0,SD,24.6665,10.8025,0.6014827806122449,0.3985172193877551,0.0,,mappingafrica-256/images/SD5980611_2023-03.tif,mappingafrica-256/labels/SD5980611_32561_2023-03.tif,train
SD6012933,mappingafrica,v2.0.0,SD,23.9665,10.7325,0.4689891581632653,0.5310108418367347,0.0,,mappingafrica-256/images/SD6012933_2019-02.tif,mappingafrica-256/labels/SD6012933_7880_2019-02.tif,train
SD6053975,mappingafrica,v2.0.0,SD,24.8215,10.6425,0.7690529336734694,0.2309470663265306,0.0,,mappingafrica-256/images/SD6053975_2018-02.tif,mappingafrica-256/labels/SD6053975_25049_2018-02.tif,train
SD6120670,mappingafrica,v2.0.0,SD,24.7065,10.4925,0.6692044005102041,0.3307955994897958,0.0,,mappingafrica-256/images/SD6120670_2020-02.tif,mappingafrica-256/labels/SD6120670_10073_2020-02.tif,train
SD6286463,mappingafrica,v2.0.0,SD,23.7665,10.1125,0.5928132971938775,0.4071867028061224,0.0,,mappingafrica-256/images/SD6286463_2017-02.tif,mappingafrica-256/labels/SD6286463_32715_2017-02.tif,train
SD6729338,mappingafrica,v2.0.0,SD,23.9415,9.0625,0.2458346619897959,0.7541653380102041,0.0,,mappingafrica-256/images/SD6729338_2023-03.tif,mappingafrica-256/labels/SD6729338_36485_2023-03.tif,test
SD6777083,mappingafrica,v2.0.0,SD,28.1315,8.9525,0.1506297831632653,0.8493702168367347,0.0,,mappingafrica-256/images/SD6777083_2018-02.tif,mappingafrica-256/labels/SD6777083_8987_2018-02.tif,train
SD8411583,mappingafrica,v2.0.0,SD,30.6815,3.6975,0.0375079719387755,0.9624920280612244,0.0,,mappingafrica-256/images/SD8411583_2018-02.tif,mappingafrica-256/labels/SD8411583_36299_2018-02.tif,train
SN0015637,mappingafrica,v2.0.0,SN,-16.0535,16.3975,0.6147959183673469,0.3852040816326531,0.0,,mappingafrica-256/images/SN0015637_2018-02.tif,mappingafrica-256/labels/SN0015637_36210_2018-02.tif,train
SN0028860,mappingafrica,v2.0.0,SN,-16.2285,16.2575,0.9809869260204082,0.0190130739795918,0.0,,mappingafrica-256/images/SN0028860_2020-02.tif,mappingafrica-256/labels/SN0028860_28335_2020-02.tif,train
SN0039549,mappingafrica,v2.0.0,SN,-15.9635,16.1525,0.970085299744898,0.029914700255102,0.0,,mappingafrica-256/images/SN0039549_2023-03.tif,mappingafrica-256/labels/SN0039549_37496_2023-03.tif,validate
SN0050425,mappingafrica,v2.0.0,SN,-13.9235,16.0625,0.018195950255102,0.981804049744898,0.0,,mappingafrica-256/images/SN0050425_2020-02.tif,mappingafrica-256/labels/SN0050425_7883_2020-02.tif,train
SN0084371,mappingafrica,v2.0.0,SN,-16.2585,15.7925,0.9876833545918368,0.0123166454081632,0.0,,mappingafrica-256/images/SN0084371_2021-03.tif,mappingafrica-256/labels/SN0084371_11131_2021-03.tif,train
SN0106327,mappingafrica,v2.0.0,SN,-16.3635,15.6275,0.8847456951530612,0.1152543048469387,0.0,,mappingafrica-256/images/SN0106327_2020-02.tif,mappingafrica-256/labels/SN0106327_15469_2020-02.tif,train
SN0123356,mappingafrica,v2.0.0,SN,-16.2735,15.5075,0.6596978635204082,0.3403021364795918,0.0,,mappingafrica-256/images/SN0123356_2020-02.tif,mappingafrica-256/labels/SN0123356_36197_2020-02.tif,train
SN0127732,mappingafrica,v2.0.0,SN,-16.3335,15.4775,0.2753308354591837,0.7246691645408163,0.0,,mappingafrica-256/images/SN0127732_2020-02.tif,mappingafrica-256/labels/SN0127732_29822_2020-02.tif,train
SN0136845,mappingafrica,v2.0.0,SN,-16.3535,15.4175,0.8109255420918368,0.1890744579081632,0.0,,mappingafrica-256/images/SN0136845_2022-02.tif,mappingafrica-256/labels/SN0136845_36853_2022-02.tif,train
SN0148482,mappingafrica,v2.0.0,SN,-15.8735,15.3425,0.7112563775510204,0.2887436224489795,0.0,,mappingafrica-256/images/SN0148482_2020-02.tif,mappingafrica-256/labels/SN0148482_2212_2020-02.tif,train
SN0155466,mappingafrica,v2.0.0,SN,-16.5535,15.2975,0.9167530293367347,0.0832469706632652,0.0,,mappingafrica-256/images/SN0155466_2021-03.tif,mappingafrica-256/labels/SN0155466_30231_2021-03.tif,train
SN0162694,mappingafrica,v2.0.0,SN,-16.5485,15.2525,0.9613759566326532,0.0386240433673468,0.0,,mappingafrica-256/images/SN0162694_2017-02.tif,mappingafrica-256/labels/SN0162694_17454_2017-02.tif,validate
SN0170782,mappingafrica,v2.0.0,SN,-16.3335,15.2025,0.8968630420918368,0.1031369579081632,0.0,,mappingafrica-256/images/SN0170782_2018-02.tif,mappingafrica-256/labels/SN0170782_15472_2018-02.tif,train
SN0177437,mappingafrica,v2.0.0,SN,-16.1235,15.1625,0.3442881058673469,0.6557118941326531,0.0,,mappingafrica-256/images/SN0177437_2020-02.tif,mappingafrica-256/labels/SN0177437_30284_2020-02.tif,validate
SN0180887,mappingafrica,v2.0.0,SN,-15.5085,15.1425,0.9789939413265306,0.0210060586734693,0.0,,mappingafrica-256/images/SN0180887_2020-02.tif,mappingafrica-256/labels/SN0180887_6858_2020-02.tif,train
SN0185840,mappingafrica,v2.0.0,SN,-16.0235,15.1125,0.1599569515306122,0.8400430484693878,0.0,,mappingafrica-256/images/SN0185840_2021-02.tif,mappingafrica-256/labels/SN0185840_17455_2021-02.tif,train
SN0201724,mappingafrica,v2.0.0,SN,-15.8635,15.0225,0.3409797512755102,0.6590202487244898,0.0,,mappingafrica-256/images/SN0201724_2023-02.tif,mappingafrica-256/labels/SN0201724_33974_2023-02.tif,train
SN0209006,mappingafrica,v2.0.0,SN,-16.1835,14.9825,0.4332748724489796,0.5667251275510203,0.0,,mappingafrica-256/images/SN0209006_2022-04.tif,mappingafrica-256/labels/SN0209006_35714_2022-04.tif,train
SN0210960,mappingafrica,v2.0.0,SN,-15.6835,14.9725,0.3630620216836734,0.6369379783163266,0.0,,mappingafrica-256/images/SN0210960_2023-02.tif,mappingafrica-256/labels/SN0210960_37556_2023-02.tif,train
SN0212840,mappingafrica,v2.0.0,SN,-15.5785,14.9625,0.1625079719387755,0.8374920280612245,0.0,,mappingafrica-256/images/SN0212840_2020-02.tif,mappingafrica-256/labels/SN0212840_25084_2020-02.tif,train
SN0220224,mappingafrica,v2.0.0,SN,-15.9635,14.9225,0.6297034438775511,0.3702965561224489,0.0,,mappingafrica-256/images/SN0220224_2022-02.tif,mappingafrica-256/labels/SN0220224_2784_2022-02.tif,train
SN0225965,mappingafrica,v2.0.0,SN,-15.5035,14.8925,0.2868104272959184,0.7131895727040816,0.0,,mappingafrica-256/images/SN0225965_2019-02.tif,mappingafrica-256/labels/SN0225965_25089_2019-02.tif,test
SN0232418,mappingafrica,v2.0.0,SN,-16.7585,14.8575,0.1467235331632653,0.8532764668367347,0.0,,mappingafrica-256/images/SN0232418_2018-02.tif,mappingafrica-256/labels/SN0232418_8997_2018-02.tif,train
SN0235261,mappingafrica,v2.0.0,SN,-17.1385,14.8425,0.4262794961734694,0.5737205038265306,0.0,,mappingafrica-256/images/SN0235261_2017-02.tif,mappingafrica-256/labels/SN0235261_3350_2017-02.tif,train
SN0249667,mappingafrica,v2.0.0,SN,-15.7885,14.7725,0.1200972576530612,0.8799027423469388,0.0,,mappingafrica-256/images/SN0249667_2019-02.tif,mappingafrica-256/labels/SN0249667_15475_2019-02.tif,train
SN0277451,mappingafrica,v2.0.0,SN,-16.1235,14.6375,0.9396125637755102,0.0603874362244898,0.0,,mappingafrica-256/images/SN0277451_2020-02.tif,mappingafrica-256/labels/SN0277451_2227_2020-02.tif,test
SN0289610,mappingafrica,v2.0.0,SN,-15.2985,14.5775,0.6080994897959183,0.3919005102040817,0.0,,mappingafrica-256/images/SN0289610_2022-02.tif,mappingafrica-256/labels/SN0289610_25105_2022-02.tif,train
SN0293299,mappingafrica,v2.0.0,SN,-16.6785,14.5575,0.9326969068877552,0.0673030931122448,0.0,,mappingafrica-256/images/SN0293299_2022-02.tif,mappingafrica-256/labels/SN0293299_6862_2022-02.tif,train
SN0298513,mappingafrica,v2.0.0,SN,-15.1735,14.5325,0.1644411670918367,0.8355588329081634,0.0,,mappingafrica-256/images/SN0298513_2021-02.tif,mappingafrica-256/labels/SN0298513_20374_2021-02.tif,train
SN0302141,mappingafrica,v2.0.0,SN,-16.5635,14.5125,0.9887197066326532,0.0112802933673468,0.0,,mappingafrica-256/images/SN0302141_2018-02.tif,mappingafrica-256/labels/SN0302141_25110_2018-02.tif,train
SN0318089,mappingafrica,v2.0.0,SN,-14.5935,14.4325,0.9843152104591836,0.0156847895408164,0.0,,mappingafrica-256/images/SN0318089_2019-02.tif,mappingafrica-256/labels/SN0318089_20378_2019-02.tif,train
SN0321501,mappingafrica,v2.0.0,SN,-16.7835,14.4125,0.3150510204081632,0.6849489795918369,0.0,,mappingafrica-256/images/SN0321501_2022-02.tif,mappingafrica-256/labels/SN0321501_2239_2022-02.tif,train
SN0336360,mappingafrica,v2.0.0,SN,-14.9035,14.3375,0.6882772640306123,0.3117227359693877,0.0,,mappingafrica-256/images/SN0336360_2020-02.tif,mappingafrica-256/labels/SN0336360_7897_2020-02.tif,train
SN0341073,mappingafrica,v2.0.0,SN,-15.5485,14.3125,0.7966757015306123,0.2033242984693877,0.0,,mappingafrica-256/images/SN0341073_2020-02.tif,mappingafrica-256/labels/SN0341073_25121_2020-02.tif,train
SN0345920,mappingafrica,v2.0.0,SN,-15.6085,14.2875,0.6767378826530612,0.3232621173469387,0.0,,mappingafrica-256/images/SN0345920_2018-02.tif,mappingafrica-256/labels/SN0345920_38721_2018-02.tif,train
SN0347026,mappingafrica,v2.0.0,SN,-14.9785,14.2825,0.8265904017857143,0.1734095982142857,0.0,,mappingafrica-256/images/SN0347026_2020-02.tif,mappingafrica-256/labels/SN0347026_2246_2020-02.tif,validate
SN0361676,mappingafrica,v2.0.0,SN,-15.0435,14.2075,0.2811702806122449,0.7188297193877551,0.0,,mappingafrica-256/images/SN0361676_2018-02.tif,mappingafrica-256/labels/SN0361676_28965_2018-02.tif,train
SN0373729,mappingafrica,v2.0.0,SN,-13.2885,14.1475,0.7862922512755102,0.2137077487244898,0.0,,mappingafrica-256/images/SN0373729_2018-02.tif,mappingafrica-256/labels/SN0373729_6866_2018-02.tif,train
SN0374415,mappingafrica,v2.0.0,SN,-14.6985,14.1425,0.7587890625,0.2412109375,0.0,,mappingafrica-256/images/SN0374415_2019-02.tif,mappingafrica-256/labels/SN0374415_33264_2019-02.tif,train
SN0377129,mappingafrica,v2.0.0,SN,-15.6335,14.1275,0.4488201530612244,0.5511798469387756,0.0,,mappingafrica-256/images/SN0377129_2022-04.tif,mappingafrica-256/labels/SN0377129_35638_2022-04.tif,validate
SN0380216,mappingafrica,v2.0.0,SN,-14.6685,14.1125,0.5144690688775511,0.4855309311224489,0.0,,mappingafrica-256/images/SN0380216_2018-02.tif,mappingafrica-256/labels/SN0380216_12374_2018-02.tif,train
SN0382091,mappingafrica,v2.0.0,SN,-14.9335,14.1025,0.7497010522959183,0.2502989477040817,0.0,,mappingafrica-256/images/SN0382091_2020-02.tif,mappingafrica-256/labels/SN0382091_2809_2020-02.tif,train
SN0383773,mappingafrica,v2.0.0,SN,-16.1535,14.0925,0.7478475765306123,0.2521524234693877,0.0,,mappingafrica-256/images/SN0383773_2019-02.tif,mappingafrica-256/labels/SN0383773_4682_2019-02.tif,train
SN0393402,mappingafrica,v2.0.0,SN,-15.9585,14.0425,0.4184669961734694,0.5815330038265306,0.0,,mappingafrica-256/images/SN0393402_2020-02.tif,mappingafrica-256/labels/SN0393402_404_2020-02.tif,test
SN0408779,mappingafrica,v2.0.0,SN,-15.4385,13.9625,0.5834661989795918,0.4165338010204081,0.0,,mappingafrica-256/images/SN0408779_2021-05.tif,mappingafrica-256/labels/SN0408779_31935_2021-05.tif,train
SN0426981,mappingafrica,v2.0.0,SN,-16.0685,13.8675,0.9987045599489796,0.0012954400510204,0.0,,mappingafrica-256/images/SN0426981_2022-02.tif,mappingafrica-256/labels/SN0426981_11141_2022-02.tif,train
SN0428224,mappingafrica,v2.0.0,SN,-14.6685,13.8625,0.7490234375,0.2509765625,0.0,,mappingafrica-256/images/SN0428224_2018-02.tif,mappingafrica-256/labels/SN0428224_14475_2018-02.tif,train
SN0430044,mappingafrica,v2.0.0,SN,-15.1285,13.8525,0.4613560267857143,0.5386439732142857,0.0,,mappingafrica-256/images/SN0430044_2023-05.tif,mappingafrica-256/labels/SN0430044_30263_2023-05.tif,train
SN0436518,mappingafrica,v2.0.0,SN,-16.1935,13.8175,0.1328523596938775,0.8671476403061225,0.0,,mappingafrica-256/images/SN0436518_2020-02.tif,mappingafrica-256/labels/SN0436518_13410_2020-02.tif,train
SN0437438,mappingafrica,v2.0.0,SN,-16.3235,13.8125,0.8550502232142857,0.1449497767857143,0.0,,mappingafrica-256/images/SN0437438_2021-04.tif,mappingafrica-256/labels/SN0437438_31456_2021-04.tif,train
SN0439472,mappingafrica,v2.0.0,SN,-15.5435,13.8025,0.8883928571428571,0.1116071428571429,0.0,,mappingafrica-256/images/SN0439472_2021-05.tif,mappingafrica-256/labels/SN0439472_4684_2021-05.tif,train
SN0455438,mappingafrica,v2.0.0,SN,-15.5885,13.7075,0.3914022640306122,0.6085977359693878,0.0,,mappingafrica-256/images/SN0455438_2021-05.tif,mappingafrica-256/labels/SN0455438_25148_2021-05.tif,train
SN0456083,mappingafrica,v2.0.0,SN,-16.3085,13.7025,0.9898955676020408,0.0101044323979592,0.0,,mappingafrica-256/images/SN0456083_2023-04.tif,mappingafrica-256/labels/SN0456083_30416_2023-04.tif,train
SN0466549,mappingafrica,v2.0.0,SN,-14.1585,13.6375,0.128368144132653,0.871631855867347,0.0,,mappingafrica-256/images/SN0466549_2022-04.tif,mappingafrica-256/labels/SN0466549_20954_2022-04.tif,train
SN0488671,mappingafrica,v2.0.0,SN,-14.9085,13.4325,0.6214923469387755,0.3785076530612244,0.0,,mappingafrica-256/images/SN0488671_2023-04.tif,mappingafrica-256/labels/SN0488671_30400_2023-04.tif,train
SN0492967,mappingafrica,v2.0.0,SN,-15.1385,13.3875,0.7135682397959183,0.2864317602040817,0.0,,mappingafrica-256/images/SN0492967_2020-02.tif,mappingafrica-256/labels/SN0492967_37907_2020-02.tif,train
SN0499026,mappingafrica,v2.0.0,SN,-13.2885,13.3375,0.5149872448979592,0.4850127551020408,0.0,,mappingafrica-256/images/SN0499026_2023-04.tif,mappingafrica-256/labels/SN0499026_38126_2023-04.tif,validate
SN0508324,mappingafrica,v2.0.0,SN,-15.1085,13.2725,0.0560626594387755,0.9439373405612244,0.0,,mappingafrica-256/images/SN0508324_2020-02.tif,mappingafrica-256/labels/SN0508324_34333_2020-02.tif,validate
SN0512494,mappingafrica,v2.0.0,SN,-13.8135,13.2475,0.8335857780612245,0.1664142219387755,0.0,,mappingafrica-256/images/SN0512494_2017-02.tif,mappingafrica-256/labels/SN0512494_3407_2017-02.tif,train
SN0519003,mappingafrica,v2.0.0,SN,-14.5985,13.2075,0.2104791135204081,0.789520886479592,0.0,,mappingafrica-256/images/SN0519003_2018-02.tif,mappingafrica-256/labels/SN0519003_25162_2018-02.tif,train
SN0521680,mappingafrica,v2.0.0,SN,-14.0285,13.1925,0.7253866390306123,0.2746133609693877,0.0,,mappingafrica-256/images/SN0521680_2017-02.tif,mappingafrica-256/labels/SN0521680_7910_2017-02.tif,train
SN0562515,mappingafrica,v2.0.0,SN,-16.0485,12.9925,0.0339604591836734,0.9660395408163266,0.0,,mappingafrica-256/images/SN0562515_2019-02.tif,mappingafrica-256/labels/SN0562515_4692_2019-02.tif,train
SN0572586,mappingafrica,v2.0.0,SN,-14.0935,12.9475,0.4801698022959184,0.5198301977040816,0.0,,mappingafrica-256/images/SN0572586_2017-02.tif,mappingafrica-256/labels/SN0572586_457_2017-02.tif,test
SN0573711,mappingafrica,v2.0.0,SN,-13.8735,12.9425,0.8514429209183674,0.1485570790816326,0.0,,mappingafrica-256/images/SN0573711_2018-02.tif,mappingafrica-256/labels/SN0573711_16505_2018-02.tif,train
SN0579671,mappingafrica,v2.0.0,SN,-16.4135,12.9125,0.6079001913265306,0.3920998086734694,0.0,,mappingafrica-256/images/SN0579671_2020-02.tif,mappingafrica-256/labels/SN0579671_40635_2020-02.tif,train
SN0604878,mappingafrica,v2.0.0,SN,-14.1535,12.7975,0.3071588010204081,0.692841198979592,0.0,,mappingafrica-256/images/SN0604878_2023-04.tif,mappingafrica-256/labels/SN0604878_33301_2023-04.tif,train
SN0629529,mappingafrica,v2.0.0,SN,-14.8235,12.6825,0.2383410395408163,0.7616589604591837,0.0,,mappingafrica-256/images/SN0629529_2018-02.tif,mappingafrica-256/labels/SN0629529_9006_2018-02.tif,validate
SN0638185,mappingafrica,v2.0.0,SN,-15.9085,12.6225,0.3831911670918367,0.6168088329081634,0.0,,mappingafrica-256/images/SN0638185_2019-02.tif,mappingafrica-256/labels/SN0638185_4693_2019-02.tif,train
SO0524934,mappingafrica,v2.0.0,SO,43.6015,9.4425,0.2747130102040816,0.7252869897959184,0.0,,mappingafrica-256/images/SO0524934_2023-03.tif,mappingafrica-256/labels/SO0524934_30294_2023-03.tif,validate
SO1323630,mappingafrica,v2.0.0,SO,43.9815,4.12750000000001,0.1461057079081632,0.8538942920918368,0.0,,mappingafrica-256/images/SO1323630_2020-02.tif,mappingafrica-256/labels/SO1323630_19494_2020-02.tif,validate
SO1475977,mappingafrica,v2.0.0,SO,46.5215,3.44750000000001,0.1412029655612245,0.8587970344387755,0.0,,mappingafrica-256/images/SO1475977_2019-02.tif,mappingafrica-256/labels/SO1475977_14478_2019-02.tif,train
SO1502815,mappingafrica,v2.0.0,SO,43.6365,3.32250000000001,0.4885801977040816,0.5114198022959184,0.0,,mappingafrica-256/images/SO1502815_2022-12.tif,mappingafrica-256/labels/SO1502815_100451_2022-12.tif,train
SO1538197,mappingafrica,v2.0.0,SO,45.8015,3.1625,0.4806281887755102,0.5193718112244898,0.0,,mappingafrica-256/images/SO1538197_2018-02.tif,mappingafrica-256/labels/SO1538197_27700_2018-02.tif,train
SO1546849,mappingafrica,v2.0.0,SO,45.5015,3.1225,0.6889150191326531,0.3110849808673469,0.0,,mappingafrica-256/images/SO1546849_2020-02.tif,mappingafrica-256/labels/SO1546849_25188_2020-02.tif,train
SO1554613,mappingafrica,v2.0.0,SO,46.1665,3.08750000000001,0.1153140943877551,0.8846859056122449,0.0,,mappingafrica-256/images/SO1554613_2019-02.tif,mappingafrica-256/labels/SO1554613_13419_2019-02.tif,train
SO1566607,mappingafrica,v2.0.0,SO,46.1215,3.03250000000001,0.3629025829081632,0.6370974170918369,0.0,,mappingafrica-256/images/SO1566607_2020-02.tif,mappingafrica-256/labels/SO1566607_1310_2020-02.tif,test
SO1570902,mappingafrica,v2.0.0,SO,45.7765,3.0125,0.0395607461734693,0.9604392538265308,0.0,,mappingafrica-256/images/SO1570902_2022-05.tif,mappingafrica-256/labels/SO1570902_5781_2022-05.tif,validate
SO1586146,mappingafrica,v2.0.0,SO,45.6365,2.9425,0.015086894132653,0.984913105867347,0.0,,mappingafrica-256/images/SO1586146_2021-05.tif,mappingafrica-256/labels/SO1586146_13758_2021-05.tif,train
SO1589457,mappingafrica,v2.0.0,SO,45.8615,2.9275,0.7706473214285714,0.2293526785714286,0.0,,mappingafrica-256/images/SO1589457_2017-02.tif,mappingafrica-256/labels/SO1589457_11148_2017-02.tif,test
SO1591631,mappingafrica,v2.0.0,SO,45.8515,2.9175,0.3132174744897959,0.686782525510204,0.0,,mappingafrica-256/images/SO1591631_2020-02.tif,mappingafrica-256/labels/SO1591631_7916_2020-02.tif,train
SO1598742,mappingafrica,v2.0.0,SO,43.3715,2.8825,0.5260483099489796,0.4739516900510204,0.0,,mappingafrica-256/images/SO1598742_2023-05.tif,mappingafrica-256/labels/SO1598742_27702_2023-05.tif,train
SO1600267,mappingafrica,v2.0.0,SO,45.5715,2.87750000000001,0.7956194196428571,0.2043805803571429,0.0,,mappingafrica-256/images/SO1600267_2019-02.tif,mappingafrica-256/labels/SO1600267_6879_2019-02.tif,test
SO1604632,mappingafrica,v2.0.0,SO,45.6965,2.8575,0.5377072704081632,0.4622927295918367,0.0,,mappingafrica-256/images/SO1604632_2018-02.tif,mappingafrica-256/labels/SO1604632_13421_2018-02.tif,train
SO1606766,mappingafrica,v2.0.0,SO,45.5115,2.8475,0.7676578443877551,0.2323421556122449,0.0,,mappingafrica-256/images/SO1606766_2023-05.tif,mappingafrica-256/labels/SO1606766_35562_2023-05.tif,validate
SO1636820,mappingafrica,v2.0.0,SO,45.5715,2.7075,0.8582987882653061,0.1417012117346938,0.0,,mappingafrica-256/images/SO1636820_2022-05.tif,mappingafrica-256/labels/SO1636820_5783_2022-05.tif,test
SO1659945,mappingafrica,v2.0.0,SO,45.8415,2.5975,0.3192562181122449,0.6807437818877551,0.0,,mappingafrica-256/images/SO1659945_2017-02.tif,mappingafrica-256/labels/SO1659945_25195_2017-02.tif,train
SO1663046,mappingafrica,v2.0.0,SO,45.7915,2.5825,0.0777264030612244,0.9222735969387756,0.0,,mappingafrica-256/images/SO1663046_2020-02.tif,mappingafrica-256/labels/SO1663046_36537_2020-02.tif,train
SO1677358,mappingafrica,v2.0.0,SO,45.3115,2.5125,0.6483777104591837,0.3516222895408163,0.0,,mappingafrica-256/images/SO1677358_2023-05.tif,mappingafrica-256/labels/SO1677358_27705_2023-05.tif,train
SO1708404,mappingafrica,v2.0.0,SO,44.7265,2.3575,0.7841398278061225,0.2158601721938775,0.0,,mappingafrica-256/images/SO1708404_2020-02.tif,mappingafrica-256/labels/SO1708404_25201_2020-02.tif,train
SO1719697,mappingafrica,v2.0.0,SO,42.6465,2.29750000000001,0.4187460140306122,0.5812539859693878,0.0,,mappingafrica-256/images/SO1719697_2020-12.tif,mappingafrica-256/labels/SO1719697_4702_2020-12.tif,validate
SO1720222,mappingafrica,v2.0.0,SO,45.2715,2.29750000000001,0.6948541135204082,0.3051458864795918,0.0,,mappingafrica-256/images/SO1720222_2021-12.tif,mappingafrica-256/labels/SO1720222_17469_2021-12.tif,train
SO1734530,mappingafrica,v2.0.0,SO,45.3315,2.2225,0.5481106505102041,0.4518893494897958,0.0,,mappingafrica-256/images/SO1734530_2022-12.tif,mappingafrica-256/labels/SO1734530_27711_2022-12.tif,train
SO1749199,mappingafrica,v2.0.0,SO,44.5115,2.1425,0.5238759566326531,0.4761240433673469,0.0,,mappingafrica-256/images/SO1749199_2023-12.tif,mappingafrica-256/labels/SO1749199_38691_2023-12.tif,train
SO1862089,mappingafrica,v2.0.0,SO,44.2265,1.4275,0.1034757653061224,0.8965242346938775,0.0,,mappingafrica-256/images/SO1862089_2023-05.tif,mappingafrica-256/labels/SO1862089_29680_2023-05.tif,train
SZ0036977,mappingafrica,v2.0.0,SZ,31.3915,-26.6675,0.8208506058673469,0.179149394132653,0.0,,mappingafrica-256/images/SZ0036977_2018-08.tif,mappingafrica-256/labels/SZ0036977_15496_2018-08.tif,train
TD2707630,mappingafrica,v2.0.0,TD,20.7065,13.8225,0.4999402104591837,0.5000597895408163,0.0,,mappingafrica-256/images/TD2707630_2018-02.tif,mappingafrica-256/labels/TD2707630_2821_2018-02.tif,validate
TD2785655,mappingafrica,v2.0.0,TD,21.4415,13.5925,0.2852558992346938,0.7147441007653061,0.0,,mappingafrica-256/images/TD2785655_2022-04.tif,mappingafrica-256/labels/TD2785655_25217_2022-04.tif,train
TD2792287,mappingafrica,v2.0.0,TD,20.8015,13.5725,0.9012077487244898,0.0987922512755101,0.0,,mappingafrica-256/images/TD2792287_2018-02.tif,mappingafrica-256/labels/TD2792287_37793_2018-02.tif,validate
TD2809278,mappingafrica,v2.0.0,TD,21.1665,13.5225,0.3608697385204081,0.639130261479592,0.0,,mappingafrica-256/images/TD2809278_2018-02.tif,mappingafrica-256/labels/TD2809278_40918_2018-02.tif,validate
TD2817592,mappingafrica,v2.0.0,TD,20.5765,13.4975,0.0985929528061224,0.9014070471938777,0.0,,mappingafrica-256/images/TD2817592_2020-02.tif,mappingafrica-256/labels/TD2817592_33578_2020-02.tif,train
TD2829275,mappingafrica,v2.0.0,TD,20.1015,13.4625,0.7377630739795918,0.2622369260204081,0.0,,mappingafrica-256/images/TD2829275_2023-04.tif,mappingafrica-256/labels/TD2829275_36241_2023-04.tif,train
TD2831267,mappingafrica,v2.0.0,TD,21.6665,13.4575,0.2448182397959183,0.7551817602040817,0.0,,mappingafrica-256/images/TD2831267_2019-02.tif,mappingafrica-256/labels/TD2831267_7923_2019-02.tif,train
TD2836027,mappingafrica,v2.0.0,TD,20.2815,13.4425,0.5880301339285714,0.4119698660714286,0.0,,mappingafrica-256/images/TD2836027_2017-02.tif,mappingafrica-256/labels/TD2836027_25221_2017-02.tif,train
TD2874967,mappingafrica,v2.0.0,TD,21.9915,13.3275,0.462711256377551,0.5372887436224489,0.0,,mappingafrica-256/images/TD2874967_2019-02.tif,mappingafrica-256/labels/TD2874967_25225_2019-02.tif,train
TD2919233,mappingafrica,v2.0.0,TD,20.7365,13.1925,0.5226203762755102,0.4773796237244898,0.0,,mappingafrica-256/images/TD2919233_2017-02.tif,mappingafrica-256/labels/TD2919233_25231_2017-02.tif,train
TD2930380,mappingafrica,v2.0.0,TD,19.7015,13.1575,0.5368502869897959,0.4631497130102041,0.0,,mappingafrica-256/images/TD2930380_2018-02.tif,mappingafrica-256/labels/TD2930380_31594_2018-02.tif,train
TD2984517,mappingafrica,v2.0.0,TD,21.7165,12.9825,0.9041175063775512,0.0958824936224488,0.0,,mappingafrica-256/images/TD2984517_2023-04.tif,mappingafrica-256/labels/TD2984517_34261_2023-04.tif,test
TD3047037,mappingafrica,v2.0.0,TD,20.1865,12.7675,0.1240234375,0.8759765625,0.0,,mappingafrica-256/images/TD3047037_2023-04.tif,mappingafrica-256/labels/TD3047037_29026_2023-04.tif,train
TD3083544,mappingafrica,v2.0.0,TD,20.5415,12.6425,0.9543805803571428,0.0456194196428572,0.0,,mappingafrica-256/images/TD3083544_2019-08.tif,mappingafrica-256/labels/TD3083544_11155_2019-08.tif,train
TD3099617,mappingafrica,v2.0.0,TD,17.3315,12.5875,0.4345703125,0.5654296875,0.0,,mappingafrica-256/images/TD3099617_2020-02.tif,mappingafrica-256/labels/TD3099617_2881_2020-02.tif,train
TD3100440,mappingafrica,v2.0.0,TD,21.4465,12.5875,0.6691446109693877,0.3308553890306123,0.0,,mappingafrica-256/images/TD3100440_2019-02.tif,mappingafrica-256/labels/TD3100440_38843_2019-02.tif,train
TD3102661,mappingafrica,v2.0.0,TD,17.3415,12.5775,0.5189732142857143,0.4810267857142857,0.0,,mappingafrica-256/images/TD3102661_2020-02.tif,mappingafrica-256/labels/TD3102661_14488_2020-02.tif,train
TD3153947,mappingafrica,v2.0.0,TD,17.2015,12.4075,0.343929368622449,0.6560706313775511,0.0,,mappingafrica-256/images/TD3153947_2019-02.tif,mappingafrica-256/labels/TD3153947_16518_2019-02.tif,validate
TD3207375,mappingafrica,v2.0.0,TD,20.9265,12.2325,0.7924107142857143,0.2075892857142857,0.0,,mappingafrica-256/images/TD3207375_2022-03.tif,mappingafrica-256/labels/TD3207375_36821_2022-03.tif,train
TD3225818,mappingafrica,v2.0.0,TD,22.2565,12.1725,0.2839205994897959,0.716079400510204,0.0,,mappingafrica-256/images/TD3225818_2017-02.tif,mappingafrica-256/labels/TD3225818_17475_2017-02.tif,train
TD3229440,mappingafrica,v2.0.0,TD,17.5765,12.1575,0.063297193877551,0.9367028061224488,0.0,,mappingafrica-256/images/TD3229440_2017-02.tif,mappingafrica-256/labels/TD3229440_40879_2017-02.tif,train
TD3230333,mappingafrica,v2.0.0,TD,22.0415,12.1575,0.8653738839285714,0.1346261160714286,0.0,,mappingafrica-256/images/TD3230333_2022-04.tif,mappingafrica-256/labels/TD3230333_29238_2022-04.tif,validate
TD3277489,mappingafrica,v2.0.0,TD,17.2265,11.9975,0.8215880102040817,0.1784119897959183,0.0,,mappingafrica-256/images/TD3277489_2021-04.tif,mappingafrica-256/labels/TD3277489_101598_2021-04.tif,train
TD3289136,mappingafrica,v2.0.0,TD,22.5865,11.9625,0.2547233737244898,0.7452766262755102,0.0,,mappingafrica-256/images/TD3289136_2017-02.tif,mappingafrica-256/labels/TD3289136_27722_2017-02.tif,train
TD3316682,mappingafrica,v2.0.0,TD,16.7815,11.8675,0.1016621492346938,0.8983378507653061,0.0,,mappingafrica-256/images/TD3316682_2017-02.tif,mappingafrica-256/labels/TD3316682_14493_2017-02.tif,train
TD3321154,mappingafrica,v2.0.0,TD,16.5165,11.8525,0.9748286033163264,0.0251713966836736,0.0,,mappingafrica-256/images/TD3321154_2018-02.tif,mappingafrica-256/labels/TD3321154_6894_2018-02.tif,train
TD3324157,mappingafrica,v2.0.0,TD,16.4915,11.8425,0.8910833864795918,0.1089166135204081,0.0,,mappingafrica-256/images/TD3324157_2021-04.tif,mappingafrica-256/labels/TD3324157_25252_2021-04.tif,train
TD3333313,mappingafrica,v2.0.0,TD,17.3365,11.8125,0.6598573022959183,0.3401426977040817,0.0,,mappingafrica-256/images/TD3333313_2017-02.tif,mappingafrica-256/labels/TD3333313_17479_2017-02.tif,train
TD3388543,mappingafrica,v2.0.0,TD,16.7215,11.6275,0.7637515943877551,0.2362484056122449,0.0,,mappingafrica-256/images/TD3388543_2019-02.tif,mappingafrica-256/labels/TD3388543_11160_2019-02.tif,train
TD3477888,mappingafrica,v2.0.0,TD,19.8815,11.3375,0.1151347257653061,0.8848652742346939,0.0,,mappingafrica-256/images/TD3477888_2017-08.tif,mappingafrica-256/labels/TD3477888_2939_2017-08.tif,train
TD3503215,mappingafrica,v2.0.0,TD,19.6065,11.2575,0.9022640306122448,0.0977359693877552,0.0,,mappingafrica-256/images/TD3503215_2018-08.tif,mappingafrica-256/labels/TD3503215_29252_2018-08.tif,test
TD3541926,mappingafrica,v2.0.0,TD,22.3915,11.1375,0.5489875637755102,0.4510124362244898,0.0,,mappingafrica-256/images/TD3541926_2020-07.tif,mappingafrica-256/labels/TD3541926_16524_2020-07.tif,train
TD3543514,mappingafrica,v2.0.0,TD,22.3965,11.1325,0.4268973214285714,0.5731026785714286,0.0,,mappingafrica-256/images/TD3543514_2020-07.tif,mappingafrica-256/labels/TD3543514_100790_2020-07.tif,train
TD3614596,mappingafrica,v2.0.0,TD,16.7165,10.8975,0.3101283482142857,0.6898716517857143,0.0,,mappingafrica-256/images/TD3614596_2022-04.tif,mappingafrica-256/labels/TD3614596_12396_2022-04.tif,test
TD3706735,mappingafrica,v2.0.0,TD,21.3115,10.5575,0.8655333227040817,0.1344666772959183,0.0,,mappingafrica-256/images/TD3706735_2023-08.tif,mappingafrica-256/labels/TD3706735_30764_2023-08.tif,train
TD3707009,mappingafrica,v2.0.0,TD,16.0865,10.5525,0.4562141262755102,0.5437858737244898,0.0,,mappingafrica-256/images/TD3707009_2019-02.tif,mappingafrica-256/labels/TD3707009_5803_2019-02.tif,train
TD3716355,mappingafrica,v2.0.0,TD,16.7465,10.5175,0.6423788265306123,0.3576211734693877,0.0,,mappingafrica-256/images/TD3716355_2023-04.tif,mappingafrica-256/labels/TD3716355_36546_2023-04.tif,test
TD3730534,mappingafrica,v2.0.0,TD,15.9515,10.4625,0.4309630102040816,0.5690369897959184,0.0,,mappingafrica-256/images/TD3730534_2022-04.tif,mappingafrica-256/labels/TD3730534_29500_2022-04.tif,test
TD3776945,mappingafrica,v2.0.0,TD,15.4015,10.2825,0.0351761798469387,0.9648238201530612,0.0,,mappingafrica-256/images/TD3776945_2018-02.tif,mappingafrica-256/labels/TD3776945_7937_2018-02.tif,train
TD3781003,mappingafrica,v2.0.0,TD,16.6715,10.2675,0.3285036670918367,0.6714963329081634,0.0,,mappingafrica-256/images/TD3781003_2020-02.tif,mappingafrica-256/labels/TD3781003_101607_2020-02.tif,train
TD3788577,mappingafrica,v2.0.0,TD,16.7915,10.2375,0.3494499362244898,0.6505500637755102,0.0,,mappingafrica-256/images/TD3788577_2020-02.tif,mappingafrica-256/labels/TD3788577_2434_2020-02.tif,train
TD3838776,mappingafrica,v2.0.0,TD,16.0165,10.0275,0.7505779655612245,0.2494220344387755,0.0,,mappingafrica-256/images/TD3838776_2017-08.tif,mappingafrica-256/labels/TD3838776_6899_2017-08.tif,validate
TD3881660,mappingafrica,v2.0.0,TD,17.6815,9.8675,0.8889110331632653,0.1110889668367347,0.0,,mappingafrica-256/images/TD3881660_2020-02.tif,mappingafrica-256/labels/TD3881660_6900_2020-02.tif,train
TD3883751,mappingafrica,v2.0.0,TD,21.1215,9.8625,0.0061782525510204,0.9938217474489796,0.0,,mappingafrica-256/images/TD3883751_2021-04.tif,mappingafrica-256/labels/TD3883751_14503_2021-04.tif,train
TD3926187,mappingafrica,v2.0.0,TD,16.1215,9.7075,0.0763911033163265,0.9236088966836736,0.0,,mappingafrica-256/images/TD3926187_2019-02.tif,mappingafrica-256/labels/TD3926187_11163_2019-02.tif,train
TD3933740,mappingafrica,v2.0.0,TD,18.9965,9.6825,0.2730588329081632,0.7269411670918369,0.0,,mappingafrica-256/images/TD3933740_2017-02.tif,mappingafrica-256/labels/TD3933740_33296_2017-02.tif,train
TD3940744,mappingafrica,v2.0.0,TD,19.1465,9.6575,0.2167769451530612,0.7832230548469388,0.0,,mappingafrica-256/images/TD3940744_2019-02.tif,mappingafrica-256/labels/TD3940744_4746_2019-02.tif,validate
TD3945558,mappingafrica,v2.0.0,TD,15.3315,9.6375,0.6057079081632653,0.3942920918367347,0.0,,mappingafrica-256/images/TD3945558_2018-08.tif,mappingafrica-256/labels/TD3945558_3014_2018-08.tif,validate
TD3950398,mappingafrica,v2.0.0,TD,18.6765,9.6225,0.2175741390306122,0.7824258609693878,0.0,,mappingafrica-256/images/TD3950398_2019-02.tif,mappingafrica-256/labels/TD3950398_25287_2019-02.tif,train
TD3960102,mappingafrica,v2.0.0,TD,18.8065,9.5875,0.1423588966836734,0.8576411033163266,0.0,,mappingafrica-256/images/TD3960102_2022-03.tif,mappingafrica-256/labels/TD3960102_19526_2022-03.tif,train
TD3975841,mappingafrica,v2.0.0,TD,15.3015,9.5275,0.4943797831632653,0.5056202168367347,0.0,,mappingafrica-256/images/TD3975841_2018-08.tif,mappingafrica-256/labels/TD3975841_14507_2018-08.tif,train
TD3975885,mappingafrica,v2.0.0,TD,15.5215,9.5275,0.9590043048469388,0.0409956951530612,0.0,,mappingafrica-256/images/TD3975885_2018-08.tif,mappingafrica-256/labels/TD3975885_7944_2018-08.tif,train
TD3983936,mappingafrica,v2.0.0,TD,15.2615,9.4975,0.3133769132653061,0.6866230867346939,0.0,,mappingafrica-256/images/TD3983936_2022-08.tif,mappingafrica-256/labels/TD3983936_25956_2022-08.tif,train
TD3988037,mappingafrica,v2.0.0,TD,15.6365,9.4825,0.7110172193877551,0.2889827806122449,0.0,,mappingafrica-256/images/TD3988037_2017-02.tif,mappingafrica-256/labels/TD3988037_27732_2017-02.tif,test
TD3989270,mappingafrica,v2.0.0,TD,15.1215,9.4775,0.931999362244898,0.068000637755102,0.0,,mappingafrica-256/images/TD3989270_2018-08.tif,mappingafrica-256/labels/TD3989270_11168_2018-08.tif,train
TD3995760,mappingafrica,v2.0.0,TD,14.3565,9.4525,0.8236407844387755,0.1763592155612244,0.0,,mappingafrica-256/images/TD3995760_2023-08.tif,mappingafrica-256/labels/TD3995760_38403_2023-08.tif,validate
TD3995781,mappingafrica,v2.0.0,TD,14.4615,9.4525,0.9333944515306124,0.0666055484693876,0.0,,mappingafrica-256/images/TD3995781_2023-08.tif,mappingafrica-256/labels/TD3995781_35894_2023-08.tif,test
TD3997267,mappingafrica,v2.0.0,TD,15.2565,9.4475,0.3060028698979591,0.6939971301020409,0.0,,mappingafrica-256/images/TD3997267_2023-08.tif,mappingafrica-256/labels/TD3997267_33561_2023-08.tif,train
TD4005591,mappingafrica,v2.0.0,TD,17.3565,9.4175,0.5840242346938775,0.4159757653061224,0.0,,mappingafrica-256/images/TD4005591_2017-02.tif,mappingafrica-256/labels/TD4005591_16529_2017-02.tif,train
TD4014781,mappingafrica,v2.0.0,TD,17.8515,9.3825,0.4907326211734694,0.5092673788265306,0.0,,mappingafrica-256/images/TD4014781_2017-02.tif,mappingafrica-256/labels/TD4014781_668_2017-02.tif,train
TD4018465,mappingafrica,v2.0.0,TD,17.1215,9.3675,0.7911750637755102,0.2088249362244898,0.0,,mappingafrica-256/images/TD4018465_2017-02.tif,mappingafrica-256/labels/TD4018465_25304_2017-02.tif,train
TD4031112,mappingafrica,v2.0.0,TD,17.3115,9.3175,0.1137794961734693,0.8862205038265307,0.0,,mappingafrica-256/images/TD4031112_2017-02.tif,mappingafrica-256/labels/TD4031112_34861_2017-02.tif,train
TD4036068,mappingafrica,v2.0.0,TD,17.3615,9.2975,0.3162468112244898,0.6837531887755102,0.0,,mappingafrica-256/images/TD4036068_2020-02.tif,mappingafrica-256/labels/TD4036068_11171_2020-02.tif,train
TD4039827,mappingafrica,v2.0.0,TD,17.8115,9.2825,0.7016501913265306,0.2983498086734694,0.0,,mappingafrica-256/images/TD4039827_2021-04.tif,mappingafrica-256/labels/TD4039827_18433_2021-04.tif,train
TD4044376,mappingafrica,v2.0.0,TD,16.1165,9.2625,0.0424505739795918,0.9575494260204082,0.0,,mappingafrica-256/images/TD4044376_2022-03.tif,mappingafrica-256/labels/TD4044376_36329_2022-03.tif,train
TD4045899,mappingafrica,v2.0.0,TD,17.6215,9.2575,0.6173668686224489,0.382633131377551,0.0,,mappingafrica-256/images/TD4045899_2023-04.tif,mappingafrica-256/labels/TD4045899_29687_2023-04.tif,train
TD4049411,mappingafrica,v2.0.0,TD,16.8615,9.2425,0.9756656568877552,0.0243343431122448,0.0,,mappingafrica-256/images/TD4049411_2017-02.tif,mappingafrica-256/labels/TD4049411_11174_2017-02.tif,validate
TD4050405,mappingafrica,v2.0.0,TD,15.7215,9.2375,0.6120655293367347,0.3879344706632652,0.0,,mappingafrica-256/images/TD4050405_2020-02.tif,mappingafrica-256/labels/TD4050405_41109_2020-02.tif,validate
TD4053255,mappingafrica,v2.0.0,TD,17.7665,9.2275,0.3399433992346938,0.6600566007653061,0.0,,mappingafrica-256/images/TD4053255_2022-04.tif,mappingafrica-256/labels/TD4053255_17495_2022-04.tif,test
TD4056716,mappingafrica,v2.0.0,TD,16.7665,9.2125,0.9075055803571428,0.0924944196428572,0.0,,mappingafrica-256/images/TD4056716_2023-03.tif,mappingafrica-256/labels/TD4056716_27742_2023-03.tif,train
TD4056760,mappingafrica,v2.0.0,TD,16.9865,9.2125,1.0,0.0,0.0,,mappingafrica-256/images/TD4056760_2017-02.tif,mappingafrica-256/labels/TD4056760_37313_2017-02.tif,train
TD4059341,mappingafrica,v2.0.0,TD,17.7015,9.2025,0.0972377232142857,0.9027622767857144,0.0,,mappingafrica-256/images/TD4059341_2020-02.tif,mappingafrica-256/labels/TD4059341_18435_2020-02.tif,train
TD4060690,mappingafrica,v2.0.0,TD,18.3565,9.19750000000001,0.9563536352040816,0.0436463647959184,0.0,,mappingafrica-256/images/TD4060690_2020-02.tif,mappingafrica-256/labels/TD4060690_7947_2020-02.tif,train
TD4065498,mappingafrica,v2.0.0,TD,18.0915,9.1775,0.4671157525510204,0.5328842474489797,0.0,,mappingafrica-256/images/TD4065498_2017-02.tif,mappingafrica-256/labels/TD4065498_10122_2017-02.tif,train
TD4076320,mappingafrica,v2.0.0,TD,18.3115,9.1325,0.3701769770408163,0.6298230229591837,0.0,,mappingafrica-256/images/TD4076320_2020-02.tif,mappingafrica-256/labels/TD4076320_14511_2020-02.tif,train
TD4077274,mappingafrica,v2.0.0,TD,17.3315,9.1275,0.5194316007653061,0.4805683992346938,0.0,,mappingafrica-256/images/TD4077274_2023-04.tif,mappingafrica-256/labels/TD4077274_28151_2023-04.tif,test
TD4079235,mappingafrica,v2.0.0,TD,15.8115,9.1175,0.4174107142857143,0.5825892857142857,0.0,,mappingafrica-256/images/TD4079235_2023-03.tif,mappingafrica-256/labels/TD4079235_27745_2023-03.tif,train
TD4091149,mappingafrica,v2.0.0,TD,14.9415,9.0625,0.9984853316326532,0.0015146683673468,0.0,,mappingafrica-256/images/TD4091149_2021-03.tif,mappingafrica-256/labels/TD4091149_35114_2021-03.tif,train
TD4107158,mappingafrica,v2.0.0,TD,15.7615,8.98250000000001,0.404296875,0.595703125,0.0,,mappingafrica-256/images/TD4107158_2022-03.tif,mappingafrica-256/labels/TD4107158_15523_2022-03.tif,train
TD4109063,mappingafrica,v2.0.0,TD,16.4365,8.9725,0.0887476084183673,0.9112523915816328,0.0,,mappingafrica-256/images/TD4109063_2019-02.tif,mappingafrica-256/labels/TD4109063_14514_2019-02.tif,train
TD4110890,mappingafrica,v2.0.0,TD,16.7965,8.9625,0.5524952168367347,0.4475047831632652,0.0,,mappingafrica-256/images/TD4110890_2022-03.tif,mappingafrica-256/labels/TD4110890_32447_2022-03.tif,train
TD4110936,mappingafrica,v2.0.0,TD,17.0265,8.9625,0.5371691645408163,0.4628308354591837,0.0,,mappingafrica-256/images/TD4110936_2018-02.tif,mappingafrica-256/labels/TD4110936_29602_2018-02.tif,train
TD4112270,mappingafrica,v2.0.0,TD,14.9515,8.9525,0.9416852678571428,0.0583147321428572,0.0,,mappingafrica-256/images/TD4112270_2020-02.tif,mappingafrica-256/labels/TD4112270_15526_2020-02.tif,train
TD4123557,mappingafrica,v2.0.0,TD,15.6315,8.8875,0.2346938775510204,0.7653061224489797,0.0,,mappingafrica-256/images/TD4123557_2019-08.tif,mappingafrica-256/labels/TD4123557_18437_2019-08.tif,train
TD4126374,mappingafrica,v2.0.0,TD,17.1265,8.8725,0.8067801339285714,0.1932198660714286,0.0,,mappingafrica-256/images/TD4126374_2023-04.tif,mappingafrica-256/labels/TD4126374_31271_2023-04.tif,train
TD4129501,mappingafrica,v2.0.0,TD,16.1415,8.8525,0.1089166135204081,0.891083386479592,0.0,,mappingafrica-256/images/TD4129501_2021-04.tif,mappingafrica-256/labels/TD4129501_30178_2021-04.tif,train
TD4134654,mappingafrica,v2.0.0,TD,16.9015,8.8225,0.2209422831632653,0.7790577168367347,0.0,,mappingafrica-256/images/TD4134654_2023-04.tif,mappingafrica-256/labels/TD4134654_31392_2023-04.tif,train
TD4136210,mappingafrica,v2.0.0,TD,16.3715,8.8125,0.1816605548469387,0.8183394451530613,0.0,,mappingafrica-256/images/TD4136210_2023-04.tif,mappingafrica-256/labels/TD4136210_31662_2023-04.tif,train
TD4149216,mappingafrica,v2.0.0,TD,16.0865,8.7325,0.9984454719387756,0.0015545280612243,0.0,,mappingafrica-256/images/TD4149216_2023-04.tif,mappingafrica-256/labels/TD4149216_36650_2023-04.tif,train
TD4155707,mappingafrica,v2.0.0,TD,15.8015,8.6925,0.8864795918367347,0.1135204081632652,0.0,,mappingafrica-256/images/TD4155707_2023-08.tif,mappingafrica-256/labels/TD4155707_32509_2023-08.tif,train
TD4163276,mappingafrica,v2.0.0,TD,17.2115,8.6475,0.3008211096938775,0.6991788903061225,0.0,,mappingafrica-256/images/TD4163276_2020-02.tif,mappingafrica-256/labels/TD4163276_25346_2020-02.tif,train
TD4176115,mappingafrica,v2.0.0,TD,15.6615,8.5625,0.6929009885204082,0.3070990114795918,0.0,,mappingafrica-256/images/TD4176115_2019-08.tif,mappingafrica-256/labels/TD4176115_10128_2019-08.tif,train
TD4177660,mappingafrica,v2.0.0,TD,15.7265,8.5525,0.3295798788265306,0.6704201211734694,0.0,,mappingafrica-256/images/TD4177660_2023-08.tif,mappingafrica-256/labels/TD4177660_38083_2023-08.tif,train
TD4179303,mappingafrica,v2.0.0,TD,16.2965,8.5425,0.7149035395408163,0.2850964604591837,0.0,,mappingafrica-256/images/TD4179303_2020-02.tif,mappingafrica-256/labels/TD4179303_7953_2020-02.tif,train
TD4179567,mappingafrica,v2.0.0,TD,17.6165,8.5425,0.7919523278061225,0.2080476721938775,0.0,,mappingafrica-256/images/TD4179567_2020-02.tif,mappingafrica-256/labels/TD4179567_40885_2020-02.tif,train
TD4180303,mappingafrica,v2.0.0,TD,17.4815,8.5375,0.7353714923469388,0.2646285076530612,0.0,,mappingafrica-256/images/TD4180303_2020-02.tif,mappingafrica-256/labels/TD4180303_34390_2020-02.tif,train
TD4181575,mappingafrica,v2.0.0,TD,16.2215,8.5275,0.4063695790816326,0.5936304209183674,0.0,,mappingafrica-256/images/TD4181575_2023-04.tif,mappingafrica-256/labels/TD4181575_32747_2023-04.tif,validate
TD4183567,mappingafrica,v2.0.0,TD,18.5915,8.5175,0.2748724489795918,0.7251275510204083,0.0,,mappingafrica-256/images/TD4183567_2019-02.tif,mappingafrica-256/labels/TD4183567_10129_2019-02.tif,train
TD4187135,mappingafrica,v2.0.0,TD,17.5965,8.4925,0.9885204081632653,0.0114795918367347,0.0,,mappingafrica-256/images/TD4187135_2023-04.tif,mappingafrica-256/labels/TD4187135_30613_2023-04.tif,train
TD4188481,mappingafrica,v2.0.0,TD,16.8165,8.48250000000001,0.4541812818877551,0.5458187181122449,0.0,,mappingafrica-256/images/TD4188481_2018-02.tif,mappingafrica-256/labels/TD4188481_14520_2018-02.tif,train
TD4194721,mappingafrica,v2.0.0,TD,18.2415,8.4425,0.5600087691326531,0.4399912308673469,0.0,,mappingafrica-256/images/TD4194721_2018-02.tif,mappingafrica-256/labels/TD4194721_10132_2018-02.tif,train
TD4195065,mappingafrica,v2.0.0,TD,16.2715,8.4375,0.8440489477040817,0.1559510522959183,0.0,,mappingafrica-256/images/TD4195065_2019-02.tif,mappingafrica-256/labels/TD4195065_10133_2019-02.tif,validate
TD4195358,mappingafrica,v2.0.0,TD,17.7365,8.4375,0.8923987563775511,0.1076012436224489,0.0,,mappingafrica-256/images/TD4195358_2023-04.tif,mappingafrica-256/labels/TD4195358_38709_2023-04.tif,train
TD4199603,mappingafrica,v2.0.0,TD,16.9215,8.4075,0.6835738201530612,0.3164261798469387,0.0,,mappingafrica-256/images/TD4199603_2021-04.tif,mappingafrica-256/labels/TD4199603_25360_2021-04.tif,train
TD4219292,mappingafrica,v2.0.0,TD,18.1165,8.2725,0.7632134885204082,0.2367865114795918,0.0,,mappingafrica-256/images/TD4219292_2021-04.tif,mappingafrica-256/labels/TD4219292_3080_2021-04.tif,test
TD4221630,mappingafrica,v2.0.0,TD,15.7865,8.2525,0.992546237244898,0.007453762755102,0.0,,mappingafrica-256/images/TD4221630_2022-08.tif,mappingafrica-256/labels/TD4221630_29735_2022-08.tif,train
TD4221997,mappingafrica,v2.0.0,TD,17.6215,8.25250000000001,0.444515306122449,0.5554846938775511,0.0,,mappingafrica-256/images/TD4221997_2017-02.tif,mappingafrica-256/labels/TD4221997_16550_2017-02.tif,train
TD4223964,mappingafrica,v2.0.0,TD,17.0715,8.2375,0.4867865114795918,0.5132134885204083,0.0,,mappingafrica-256/images/TD4223964_2021-04.tif,mappingafrica-256/labels/TD4223964_18441_2021-04.tif,train
TD4234041,mappingafrica,v2.0.0,TD,17.3315,8.16250000000001,0.0644331951530612,0.9355668048469388,0.0,,mappingafrica-256/images/TD4234041_2019-02.tif,mappingafrica-256/labels/TD4234041_11185_2019-02.tif,train
TD4259587,mappingafrica,v2.0.0,TD,16.4765,7.9475,0.7281967474489796,0.2718032525510204,0.0,,mappingafrica-256/images/TD4259587_2021-04.tif,mappingafrica-256/labels/TD4259587_25376_2021-04.tif,train
TD4264545,mappingafrica,v2.0.0,TD,15.5065,7.8875,0.2417689732142857,0.7582310267857143,0.0,,mappingafrica-256/images/TD4264545_2022-04.tif,mappingafrica-256/labels/TD4264545_9053_2022-04.tif,train
TD4277495,mappingafrica,v2.0.0,TD,16.0915,7.6925,0.3370735012755102,0.6629264987244898,0.0,,mappingafrica-256/images/TD4277495_2020-02.tif,mappingafrica-256/labels/TD4277495_13455_2020-02.tif,train
TG0002926,mappingafrica,v2.0.0,TG,0.651499999999995,10.9525,0.6209343112244898,0.3790656887755101,0.0,,mappingafrica-256/images/TG0002926_2023-03.tif,mappingafrica-256/labels/TG0002926_32627_2023-03.tif,train
TG0010646,mappingafrica,v2.0.0,TG,0.626499999999997,10.7425,0.8358378507653061,0.1641621492346938,0.0,,mappingafrica-256/images/TG0010646_2021-08.tif,mappingafrica-256/labels/TG0010646_7958_2021-08.tif,train
TG0012092,mappingafrica,v2.0.0,TG,0.691499999999998,10.7025,0.1636041135204081,0.836395886479592,0.0,,mappingafrica-256/images/TG0012092_2019-08.tif,mappingafrica-256/labels/TG0012092_13457_2019-08.tif,train
TG0012506,mappingafrica,v2.0.0,TG,0.1065,10.6875,0.0503826530612244,0.9496173469387756,0.0,,mappingafrica-256/images/TG0012506_2018-02.tif,mappingafrica-256/labels/TG0012506_31673_2018-02.tif,train
TG0012621,mappingafrica,v2.0.0,TG,0.681499999999996,10.6875,0.915915975765306,0.0840840242346939,0.0,,mappingafrica-256/images/TG0012621_2021-08.tif,mappingafrica-256/labels/TG0012621_11189_2021-08.tif,train
TG0015913,mappingafrica,v2.0.0,TG,0.201499999999996,10.5875,0.4899154974489796,0.5100845025510203,0.0,,mappingafrica-256/images/TG0015913_2020-02.tif,mappingafrica-256/labels/TG0015913_6925_2020-02.tif,test
TG0015952,mappingafrica,v2.0.0,TG,0.396499999999996,10.5875,0.8750398596938775,0.1249601403061224,0.0,,mappingafrica-256/images/TG0015952_2017-08.tif,mappingafrica-256/labels/TG0015952_5829_2017-08.tif,train
TG0016188,mappingafrica,v2.0.0,TG,0.0564999999999962,10.5775,0.7653260522959183,0.2346739477040816,0.0,,mappingafrica-256/images/TG0016188_2017-02.tif,mappingafrica-256/labels/TG0016188_3531_2017-02.tif,train
TG0016660,mappingafrica,v1.3.0,TG,0.156499999999998,10.5625,0.1505899234693877,0.8494100765306123,0.0,,mappingafrica-256/images/TG0016660_2018-12.tif,mappingafrica-256/labels/TG0016660_903787_2018-12.tif,train
TG0019474,mappingafrica,v2.0.0,TG,0.3115,10.4575,0.8795440051020408,0.1204559948979592,0.0,,mappingafrica-256/images/TG0019474_2022-08.tif,mappingafrica-256/labels/TG0019474_25385_2022-08.tif,train
TG0022233,mappingafrica,v1.3.0,TG,0.396499999999996,10.3325,0.3150908801020408,0.6849091198979592,0.0,,mappingafrica-256/images/TG0022233_2018-12.tif,mappingafrica-256/labels/TG0022233_903791_2018-12.tif,validate
TG0031584,mappingafrica,v2.0.0,TG,1.0715,10.0125,0.2989875637755102,0.7010124362244898,0.0,,mappingafrica-256/images/TG0031584_2020-02.tif,mappingafrica-256/labels/TG0031584_9054_2020-02.tif,train
TG0032096,mappingafrica,v2.0.0,TG,0.641499999999997,9.9975,0.0862165178571428,0.9137834821428572,0.0,,mappingafrica-256/images/TG0032096_2017-08.tif,mappingafrica-256/labels/TG0032096_3850_2017-08.tif,train
TG0033749,mappingafrica,v2.0.0,TG,0.861499999999996,9.9575,0.7688934948979592,0.2311065051020407,0.0,,mappingafrica-256/images/TG0033749_2020-02.tif,mappingafrica-256/labels/TG0033749_18447_2020-02.tif,train
TG0034833,mappingafrica,v1.3.0,TG,0.361499999999996,9.9275,0.1318957270408163,0.8681042729591837,0.0,,mappingafrica-256/images/TG0034833_2018-12.tif,mappingafrica-256/labels/TG0034833_903797_2018-12.tif,train
TG0042913,mappingafrica,v2.0.0,TG,0.6715,9.7325,0.9279536033163264,0.0720463966836736,0.0,,mappingafrica-256/images/TG0042913_2023-03.tif,mappingafrica-256/labels/TG0042913_33007_2023-03.tif,train
TG0043268,mappingafrica,v1.3.0,TG,0.346499999999995,9.7225,0.1055285395408163,0.8944714604591837,0.0,,mappingafrica-256/images/TG0043268_2018-12.tif,mappingafrica-256/labels/TG0043268_903799_2018-12.tif,train
TG0048385,mappingafrica,v2.0.0,TG,0.526499999999999,9.5975,0.3691804846938775,0.6308195153061225,0.0,,mappingafrica-256/images/TG0048385_2017-02.tif,mappingafrica-256/labels/TG0048385_15530_2017-02.tif,test
TG0048759,mappingafrica,v2.0.0,TG,0.411499999999997,9.5875,0.4344706632653061,0.5655293367346939,0.0,,mappingafrica-256/images/TG0048759_2022-03.tif,mappingafrica-256/labels/TG0048759_4765_2022-03.tif,validate
TG0051164,mappingafrica,v1.3.0,TG,0.416499999999996,9.5325,0.1007453762755102,0.8992546237244898,0.0,,mappingafrica-256/images/TG0051164_2018-12.tif,mappingafrica-256/labels/TG0051164_903803_2018-12.tif,train
TG0054342,mappingafrica,v2.0.0,TG,0.271499999999996,9.4575,0.4427415497448979,0.5572584502551021,0.0,,mappingafrica-256/images/TG0054342_2017-02.tif,mappingafrica-256/labels/TG0054342_100726_2017-02.tif,train
TG0061137,mappingafrica,v2.0.0,TG,0.5065,9.2675,0.3350406568877551,0.6649593431122449,0.0,,mappingafrica-256/images/TG0061137_2017-02.tif,mappingafrica-256/labels/TG0061137_25391_2017-02.tif,validate
TG0069333,mappingafrica,v2.0.0,TG,1.3765,9.0775,0.1846301020408163,0.8153698979591837,0.0,,mappingafrica-256/images/TG0069333_2023-04.tif,mappingafrica-256/labels/TG0069333_29756_2023-04.tif,train
TG0073329,mappingafrica,v2.0.0,TG,1.4265,8.9925,0.6492147640306123,0.3507852359693877,0.0,,mappingafrica-256/images/TG0073329_2017-02.tif,mappingafrica-256/labels/TG0073329_1896_2017-02.tif,train
TG0076680,mappingafrica,v2.0.0,TG,1.1365,8.9175,0.3570432079081632,0.6429567920918369,0.0,,mappingafrica-256/images/TG0076680_2023-04.tif,mappingafrica-256/labels/TG0076680_30740_2023-04.tif,train
TG0078963,mappingafrica,v2.0.0,TG,1.3865,8.8675,0.2002750318877551,0.7997249681122449,0.0,,mappingafrica-256/images/TG0078963_2021-04.tif,mappingafrica-256/labels/TG0078963_29886_2021-04.tif,train
TG0083928,mappingafrica,v2.0.0,TG,1.4765,8.7625,0.1500717474489795,0.8499282525510206,0.0,,mappingafrica-256/images/TG0083928_2017-02.tif,mappingafrica-256/labels/TG0083928_100796_2017-02.tif,train
TG0089851,mappingafrica,v1.3.0,TG,0.451499999999996,8.6375,0.203125,0.796875,0.0,,mappingafrica-256/images/TG0089851_2018-12.tif,mappingafrica-256/labels/TG0089851_903817_2018-12.tif,train
TG0094514,mappingafrica,v2.0.0,TG,1.0515,8.53750000000001,0.3663703762755102,0.6336296237244898,0.0,,mappingafrica-256/images/TG0094514_2019-02.tif,mappingafrica-256/labels/TG0094514_100727_2019-02.tif,train
TG0098354,mappingafrica,v2.0.0,TG,0.9665,8.4425,0.1829360650510204,0.8170639349489797,0.0,,mappingafrica-256/images/TG0098354_2020-02.tif,mappingafrica-256/labels/TG0098354_36142_2020-02.tif,validate
TG0099550,mappingafrica,v2.0.0,TG,1.1215,8.41250000000001,0.7244300063775511,0.2755699936224489,0.0,,mappingafrica-256/images/TG0099550_2019-02.tif,mappingafrica-256/labels/TG0099550_10146_2019-02.tif,train
TG0101405,mappingafrica,v2.0.0,TG,1.1565,8.3625,0.3168048469387755,0.6831951530612246,0.0,,mappingafrica-256/images/TG0101405_2021-03.tif,mappingafrica-256/labels/TG0101405_4766_2021-03.tif,train
TG0104541,mappingafrica,v2.0.0,TG,1.3115,8.2775,0.9088408801020408,0.0911591198979592,0.0,,mappingafrica-256/images/TG0104541_2023-04.tif,mappingafrica-256/labels/TG0104541_33336_2023-04.tif,train
TG0108561,mappingafrica,v2.0.0,TG,1.1015,8.1775,0.1492745535714285,0.8507254464285715,0.0,,mappingafrica-256/images/TG0108561_2023-03.tif,mappingafrica-256/labels/TG0108561_33200_2023-03.tif,train
TG0118000,mappingafrica,v2.0.0,TG,1.3415,7.9525,0.8841278698979592,0.1158721301020407,0.0,,mappingafrica-256/images/TG0118000_2020-02.tif,mappingafrica-256/labels/TG0118000_29898_2020-02.tif,test
TG0130856,mappingafrica,v1.3.0,TG,0.596499999999995,7.6375,0.0057397959183673,0.9942602040816328,0.0,,mappingafrica-256/images/TG0130856_2018-12.tif,mappingafrica-256/labels/TG0130856_903822_2018-12.tif,train
TG0135095,mappingafrica,v1.3.0,TG,0.521499999999996,7.5425,0.192024075255102,0.807975924744898,0.0,,mappingafrica-256/images/TG0135095_2018-12.tif,mappingafrica-256/labels/TG0135095_903823_2018-12.tif,train
TG0147016,mappingafrica,v2.0.0,TG,1.3115,7.2675,0.7639110331632653,0.2360889668367347,0.0,,mappingafrica-256/images/TG0147016_2018-02.tif,mappingafrica-256/labels/TG0147016_28155_2018-02.tif,train
TG0159679,mappingafrica,v2.0.0,TG,1.5615,6.9625,0.1542570153061224,0.8457429846938775,0.0,,mappingafrica-256/images/TG0159679_2017-02.tif,mappingafrica-256/labels/TG0159679_29943_2017-02.tif,train
TG0163172,mappingafrica,v2.0.0,TG,1.1715,6.87750000000001,0.33203125,0.66796875,0.0,,mappingafrica-256/images/TG0163172_2022-03.tif,mappingafrica-256/labels/TG0163172_17513_2022-03.tif,train
TG0168147,mappingafrica,v1.3.0,TG,0.651499999999995,6.7575,0.3630620216836734,0.6369379783163266,0.0,,mappingafrica-256/images/TG0168147_2018-12.tif,mappingafrica-256/labels/TG0168147_903828_2018-12.tif,train
TG0175782,mappingafrica,v2.0.0,TG,1.2465,6.5625,0.6802654655612245,0.3197345344387755,0.0,,mappingafrica-256/images/TG0175782_2023-03.tif,mappingafrica-256/labels/TG0175782_29261_2023-03.tif,train
TG0177921,mappingafrica,v2.0.0,TG,1.1865,6.5075,0.1205157844387755,0.8794842155612245,0.0,,mappingafrica-256/images/TG0177921_2018-02.tif,mappingafrica-256/labels/TG0177921_1126_2018-02.tif,train
TG0181385,mappingafrica,v2.0.0,TG,1.4015,6.4225,0.4710817920918367,0.5289182079081634,0.0,,mappingafrica-256/images/TG0181385_2017-02.tif,mappingafrica-256/labels/TG0181385_39729_2017-02.tif,validate
TG0184710,mappingafrica,v2.0.0,TG,1.0915,6.3325,0.5852000956632653,0.4147999043367347,0.0,,mappingafrica-256/images/TG0184710_2020-12.tif,mappingafrica-256/labels/TG0184710_25407_2020-12.tif,test
TZ0014630,mappingafrica,v2.0.0,TZ,34.2015,-1.0975,0.6451092155612245,0.3548907844387755,0.0,,mappingafrica-256/images/TZ0014630_2017-08.tif,mappingafrica-256/labels/TZ0014630_2023_2017-08.tif,validate
TZ0021479,mappingafrica,v2.0.0,TZ,34.0915,-1.1425,0.461555325255102,0.538444674744898,0.0,,mappingafrica-256/images/TZ0021479_2017-08.tif,mappingafrica-256/labels/TZ0021479_4771_2017-08.tif,test
TZ0037851,mappingafrica,v2.0.0,TZ,33.8965,-1.2475,0.9064094387755102,0.0935905612244898,0.0,,mappingafrica-256/images/TZ0037851_2019-08.tif,mappingafrica-256/labels/TZ0037851_12428_2019-08.tif,test
TZ0056458,mappingafrica,v2.0.0,TZ,33.8615,-1.3625,0.8973014987244898,0.1026985012755101,0.0,,mappingafrica-256/images/TZ0056458_2017-08.tif,mappingafrica-256/labels/TZ0056458_9063_2017-08.tif,validate
TZ0056506,mappingafrica,v2.0.0,TZ,34.1015,-1.3625,0.4561344068877551,0.5438655931122449,0.0,,mappingafrica-256/images/TZ0056506_2018-08.tif,mappingafrica-256/labels/TZ0056506_3155_2018-08.tif,validate
TZ0066358,mappingafrica,v2.0.0,TZ,34.1815,-1.42249999999999,0.3874561543367347,0.6125438456632653,0.0,,mappingafrica-256/images/TZ0066358_2017-08.tif,mappingafrica-256/labels/TZ0066358_20979_2017-08.tif,train
TZ0082944,mappingafrica,v2.0.0,TZ,33.8515,-1.52249999999999,0.0281010841836734,0.9718989158163266,0.0,,mappingafrica-256/images/TZ0082944_2018-08.tif,mappingafrica-256/labels/TZ0082944_100457_2018-08.tif,train
TZ0109890,mappingafrica,v2.0.0,TZ,34.4515,-1.6775,0.6118662308673469,0.3881337691326531,0.0,,mappingafrica-256/images/TZ0109890_2020-11.tif,mappingafrica-256/labels/TZ0109890_36760_2020-11.tif,train
TZ0146689,mappingafrica,v2.0.0,TZ,33.7815,-1.8775,0.9043367346938777,0.0956632653061223,0.0,,mappingafrica-256/images/TZ0146689_2018-08.tif,mappingafrica-256/labels/TZ0146689_25423_2018-08.tif,validate
TZ0148555,mappingafrica,v2.0.0,TZ,33.4915,-1.8875,0.1990991709183673,0.8009008290816327,0.0,,mappingafrica-256/images/TZ0148555_2017-08.tif,mappingafrica-256/labels/TZ0148555_14537_2017-08.tif,train
TZ0149674,mappingafrica,v2.0.0,TZ,34.2615,-1.8925,0.6485770089285714,0.3514229910714286,0.0,,mappingafrica-256/images/TZ0149674_2020-10.tif,mappingafrica-256/labels/TZ0149674_25430_2020-10.tif,train
TZ0149709,mappingafrica,v2.0.0,TZ,34.4365,-1.8925,0.6939971301020408,0.3060028698979592,0.0,,mappingafrica-256/images/TZ0149709_2018-08.tif,mappingafrica-256/labels/TZ0149709_25433_2018-08.tif,train
TZ0158410,mappingafrica,v2.0.0,TZ,33.9415,-1.93749999999999,0.7231345663265306,0.2768654336734694,0.0,,mappingafrica-256/images/TZ0158410_2020-10.tif,mappingafrica-256/labels/TZ0158410_4776_2020-10.tif,validate
TZ0168130,mappingafrica,v2.0.0,TZ,33.1015,-1.9875,0.5626395089285714,0.4373604910714286,0.0,,mappingafrica-256/images/TZ0168130_2021-10.tif,mappingafrica-256/labels/TZ0168130_36798_2021-10.tif,train
TZ0168352,mappingafrica,v2.0.0,TZ,34.2115,-1.9875,0.0213249362244897,0.9786750637755104,0.0,,mappingafrica-256/images/TZ0168352_2020-10.tif,mappingafrica-256/labels/TZ0168352_6940_2020-10.tif,train
TZ0179284,mappingafrica,v2.0.0,TZ,33.7915,-2.0425,0.543586575255102,0.456413424744898,0.0,,mappingafrica-256/images/TZ0179284_2018-08.tif,mappingafrica-256/labels/TZ0179284_30113_2018-08.tif,train
TZ0185315,mappingafrica,v2.0.0,TZ,33.6265,-2.0725,0.9813855229591836,0.0186144770408164,0.0,,mappingafrica-256/images/TZ0185315_2020-10.tif,mappingafrica-256/labels/TZ0185315_11209_2020-10.tif,train
TZ0188372,mappingafrica,v2.0.0,TZ,33.6665,-2.0875,0.8449657206632653,0.1550342793367347,0.0,,mappingafrica-256/images/TZ0188372_2023-10.tif,mappingafrica-256/labels/TZ0188372_38030_2023-10.tif,train
TZ0190795,mappingafrica,v1.3.0,TZ,35.5615,-2.0975,0.2768255739795918,0.7231744260204083,0.0,,mappingafrica-256/images/TZ0190795_2018-12.tif,mappingafrica-256/labels/TZ0190795_903842_2018-12.tif,train
TZ0195946,mappingafrica,v1.3.0,TZ,35.5765,-2.1225,0.3118223852040816,0.6881776147959184,0.0,,mappingafrica-256/images/TZ0195946_2018-12.tif,mappingafrica-256/labels/TZ0195946_903851_2018-12.tif,train
TZ0195947,mappingafrica,v1.3.0,TZ,35.5815,-2.1225,0.3359175701530612,0.6640824298469388,0.0,,mappingafrica-256/images/TZ0195947_2018-12.tif,mappingafrica-256/labels/TZ0195947_903852_2018-12.tif,test
TZ0275217,mappingafrica,v2.0.0,TZ,34.1765,-2.47749999999999,0.4715800382653061,0.5284199617346939,0.0,,mappingafrica-256/images/TZ0275217_2021-10.tif,mappingafrica-256/labels/TZ0275217_3164_2021-10.tif,test
TZ0277652,mappingafrica,v2.0.0,TZ,33.9965,-2.4875,0.4618742028061224,0.5381257971938775,0.0,,mappingafrica-256/images/TZ0277652_2020-10.tif,mappingafrica-256/labels/TZ0277652_34290_2020-10.tif,train
TZ0283895,mappingafrica,v2.0.0,TZ,34.1215,-2.5125,0.8742825255102041,0.1257174744897958,0.0,,mappingafrica-256/images/TZ0283895_2020-10.tif,mappingafrica-256/labels/TZ0283895_11213_2020-10.tif,train
TZ0292500,mappingafrica,v2.0.0,TZ,33.1565,-2.54749999999999,0.1198780293367346,0.8801219706632654,0.0,,mappingafrica-256/images/TZ0292500_2021-11.tif,mappingafrica-256/labels/TZ0292500_7971_2021-11.tif,train
TZ0298566,mappingafrica,v2.0.0,TZ,31.7415,-2.5725,0.1395886479591837,0.8604113520408163,0.0,,mappingafrica-256/images/TZ0298566_2020-11.tif,mappingafrica-256/labels/TZ0298566_25451_2020-11.tif,train
TZ0306428,mappingafrica,v2.0.0,TZ,32.5565,-2.60249999999999,0.9538624043367347,0.0461375956632652,0.0,,mappingafrica-256/images/TZ0306428_2022-10.tif,mappingafrica-256/labels/TZ0306428_9066_2022-10.tif,train
TZ0323523,mappingafrica,v2.0.0,TZ,33.2565,-2.6675,0.991470025510204,0.0085299744897959,0.0,,mappingafrica-256/images/TZ0323523_2023-11.tif,mappingafrica-256/labels/TZ0323523_31691_2023-11.tif,train
TZ0327377,mappingafrica,v2.0.0,TZ,32.8115,-2.6825,0.5458386479591837,0.4541613520408163,0.0,,mappingafrica-256/images/TZ0327377_2021-10.tif,mappingafrica-256/labels/TZ0327377_30183_2021-10.tif,train
TZ0328944,mappingafrica,v2.0.0,TZ,34.0865,-2.68749999999999,0.1420599489795918,0.8579400510204083,0.0,,mappingafrica-256/images/TZ0328944_2018-08.tif,mappingafrica-256/labels/TZ0328944_20432_2018-08.tif,train
TZ0334198,mappingafrica,v2.0.0,TZ,34.0515,-2.7075,0.3989955357142857,0.6010044642857143,0.0,,mappingafrica-256/images/TZ0334198_2023-10.tif,mappingafrica-256/labels/TZ0334198_32201_2023-10.tif,train
TZ0335237,mappingafrica,v2.0.0,TZ,32.6365,-2.7125,0.7166772959183674,0.2833227040816326,0.0,,mappingafrica-256/images/TZ0335237_2022-10.tif,mappingafrica-256/labels/TZ0335237_30719_2022-10.tif,validate
TZ0336449,mappingafrica,v2.0.0,TZ,32.0615,-2.71749999999999,0.4630301339285714,0.5369698660714286,0.0,,mappingafrica-256/images/TZ0336449_2021-11.tif,mappingafrica-256/labels/TZ0336449_100148_2021-11.tif,train
TZ0340777,mappingafrica,v2.0.0,TZ,33.7165,-2.7325,0.521843112244898,0.478156887755102,0.0,,mappingafrica-256/images/TZ0340777_2018-08.tif,mappingafrica-256/labels/TZ0340777_25461_2018-08.tif,train
TZ0345869,mappingafrica,v2.0.0,TZ,32.3265,-2.7525,0.6387117346938775,0.3612882653061224,0.0,,mappingafrica-256/images/TZ0345869_2022-11.tif,mappingafrica-256/labels/TZ0345869_25462_2022-11.tif,train
TZ0351186,mappingafrica,v2.0.0,TZ,31.9065,-2.77249999999999,0.5681401466836735,0.4318598533163265,0.0,,mappingafrica-256/images/TZ0351186_2022-11.tif,mappingafrica-256/labels/TZ0351186_11215_2022-11.tif,train
TZ0366441,mappingafrica,v2.0.0,TZ,33.0965,-2.8275,0.6265345982142857,0.3734654017857143,0.0,,mappingafrica-256/images/TZ0366441_2020-11.tif,mappingafrica-256/labels/TZ0366441_30194_2020-11.tif,train
TZ0377204,mappingafrica,v2.0.0,TZ,31.4365,-2.86749999999999,0.1921237244897959,0.8078762755102041,0.0,,mappingafrica-256/images/TZ0377204_2017-08.tif,mappingafrica-256/labels/TZ0377204_4787_2017-08.tif,train
TZ0383210,mappingafrica,v1.3.0,TZ,33.5815,-2.8875,0.962631536989796,0.037368463010204,0.0,,mappingafrica-256/images/TZ0383210_2018-12.tif,mappingafrica-256/labels/TZ0383210_903908_2018-12.tif,train
TZ0390089,mappingafrica,v2.0.0,TZ,33.0015,-2.9125,0.5470543686224489,0.452945631377551,0.0,,mappingafrica-256/images/TZ0390089_2017-08.tif,mappingafrica-256/labels/TZ0390089_35137_2017-08.tif,train
TZ0393025,mappingafrica,v2.0.0,TZ,33.7315,-2.92249999999999,0.8009207589285714,0.1990792410714286,0.0,,mappingafrica-256/images/TZ0393025_2019-08.tif,mappingafrica-256/labels/TZ0393025_4788_2019-08.tif,train
TZ0393102,mappingafrica,v2.0.0,TZ,34.1165,-2.92249999999999,0.6952327806122449,0.3047672193877551,0.0,,mappingafrica-256/images/TZ0393102_2018-08.tif,mappingafrica-256/labels/TZ0393102_16577_2018-08.tif,train
TZ0395776,mappingafrica,v1.3.0,TZ,33.5765,-2.9325,0.8576809630102041,0.1423190369897958,0.0,,mappingafrica-256/images/TZ0395776_2018-12.tif,mappingafrica-256/labels/TZ0395776_903915_2018-12.tif,train
TZ0397188,mappingafrica,v1.3.0,TZ,33.6965,-2.93749999999999,0.5736607142857143,0.4263392857142857,0.0,,mappingafrica-256/images/TZ0397188_2018-12.tif,mappingafrica-256/labels/TZ0397188_903919_2018-12.tif,train
TZ0406696,mappingafrica,v2.0.0,TZ,32.8565,-2.9725,0.5541892538265306,0.4458107461734694,0.0,,mappingafrica-256/images/TZ0406696_2019-08.tif,mappingafrica-256/labels/TZ0406696_20991_2019-08.tif,train
TZ0408210,mappingafrica,v2.0.0,TZ,33.5265,-2.9775,0.2674585459183674,0.7325414540816326,0.0,,mappingafrica-256/images/TZ0408210_2023-10.tif,mappingafrica-256/labels/TZ0408210_35570_2023-10.tif,train
TZ0412378,mappingafrica,v1.3.0,TZ,33.8165,-2.99249999999999,0.7605229591836735,0.2394770408163264,0.0,,mappingafrica-256/images/TZ0412378_2018-12.tif,mappingafrica-256/labels/TZ0412378_903936_2018-12.tif,test
TZ0415091,mappingafrica,v1.3.0,TZ,33.8265,-3.0025,0.7155612244897959,0.2844387755102041,0.0,,mappingafrica-256/images/TZ0415091_2018-12.tif,mappingafrica-256/labels/TZ0415091_903945_2018-12.tif,train
TZ0420423,mappingafrica,v2.0.0,TZ,33.2815,-3.0225,0.7789580676020408,0.2210419323979592,0.0,,mappingafrica-256/images/TZ0420423_2018-08.tif,mappingafrica-256/labels/TZ0420423_25473_2018-08.tif,test
TZ0429398,mappingafrica,v2.0.0,TZ,37.0265,-3.0525,0.8705755739795918,0.1294244260204081,0.0,,mappingafrica-256/images/TZ0429398_2022-12.tif,mappingafrica-256/labels/TZ0429398_27790_2022-12.tif,train
TZ0433525,mappingafrica,v1.3.0,TZ,37.0115,-3.0675,0.0147480867346938,0.985251913265306,0.0,,mappingafrica-256/images/TZ0433525_2018-12.tif,mappingafrica-256/labels/TZ0433525_903956_2018-12.tif,train
TZ0435757,mappingafrica,v2.0.0,TZ,34.4165,-3.07749999999999,0.6400271045918368,0.3599728954081632,0.0,,mappingafrica-256/images/TZ0435757_2020-09.tif,mappingafrica-256/labels/TZ0435757_4790_2020-09.tif,train
TZ0443144,mappingafrica,v1.3.0,TZ,37.0315,-3.10249999999999,0.998923788265306,0.0010762117346939,0.0,,mappingafrica-256/images/TZ0443144_2018-12.tif,mappingafrica-256/labels/TZ0443144_903968_2018-12.tif,train
TZ0443146,mappingafrica,v1.3.0,TZ,37.0415,-3.10249999999999,0.9458705357142856,0.0541294642857144,0.0,,mappingafrica-256/images/TZ0443146_2018-12.tif,mappingafrica-256/labels/TZ0443146_903970_2018-12.tif,train
TZ0445180,mappingafrica,v2.0.0,TZ,33.4865,-3.1125,0.2405532525510204,0.7594467474489797,0.0,,mappingafrica-256/images/TZ0445180_2020-10.tif,mappingafrica-256/labels/TZ0445180_5847_2020-10.tif,test
TZ0449204,mappingafrica,v2.0.0,TZ,33.0165,-3.1275,0.5041454081632653,0.4958545918367347,0.0,,mappingafrica-256/images/TZ0449204_2020-10.tif,mappingafrica-256/labels/TZ0449204_12442_2020-10.tif,validate
TZ0459589,mappingafrica,v2.0.0,TZ,36.9765,-3.1625,0.6524633290816326,0.3475366709183674,0.0,,mappingafrica-256/images/TZ0459589_2023-12.tif,mappingafrica-256/labels/TZ0459589_32946_2023-12.tif,test
TZ0459925,mappingafrica,v2.0.0,TZ,31.8065,-3.1675,0.3781289859693877,0.6218710140306123,0.0,,mappingafrica-256/images/TZ0459925_2022-11.tif,mappingafrica-256/labels/TZ0459925_25483_2022-11.tif,train
TZ0459977,mappingafrica,v2.0.0,TZ,32.0665,-3.1675,0.2209422831632653,0.7790577168367347,0.0,,mappingafrica-256/images/TZ0459977_2018-08.tif,mappingafrica-256/labels/TZ0459977_18470_2018-08.tif,train
TZ0465589,mappingafrica,v2.0.0,TZ,32.6915,-3.1875,0.4850526147959184,0.5149473852040816,0.0,,mappingafrica-256/images/TZ0465589_2023-10.tif,mappingafrica-256/labels/TZ0465589_29525_2023-10.tif,train
TZ0473569,mappingafrica,v2.0.0,TZ,31.3765,-3.21749999999999,0.7229950573979592,0.2770049426020408,0.0,,mappingafrica-256/images/TZ0473569_2019-08.tif,mappingafrica-256/labels/TZ0473569_14549_2019-08.tif,train
TZ0473930,mappingafrica,v2.0.0,TZ,33.1815,-3.21749999999999,0.8250358737244898,0.1749641262755101,0.0,,mappingafrica-256/images/TZ0473930_2019-08.tif,mappingafrica-256/labels/TZ0473930_13495_2019-08.tif,train
TZ0475324,mappingafrica,v2.0.0,TZ,33.2715,-3.2225,0.9002112563775511,0.0997887436224489,0.0,,mappingafrica-256/images/TZ0475324_2018-08.tif,mappingafrica-256/labels/TZ0475324_4791_2018-08.tif,validate
TZ0480951,mappingafrica,v2.0.0,TZ,33.8815,-3.24249999999999,0.8127391581632653,0.1872608418367347,0.0,,mappingafrica-256/images/TZ0480951_2018-08.tif,mappingafrica-256/labels/TZ0480951_9072_2018-08.tif,test
TZ0485060,mappingafrica,v2.0.0,TZ,33.7915,-3.25749999999999,0.6080795599489796,0.3919204400510204,0.0,,mappingafrica-256/images/TZ0485060_2019-08.tif,mappingafrica-256/labels/TZ0485060_3725_2019-08.tif,train
TZ0489599,mappingafrica,v1.3.0,TZ,35.7665,-3.27249999999999,0.4534837372448979,0.5465162627551021,0.0,,mappingafrica-256/images/TZ0489599_2018-12.tif,mappingafrica-256/labels/TZ0489599_903993_2018-12.tif,train
TZ0491502,mappingafrica,v2.0.0,TZ,31.3815,-3.2825,0.1573062818877551,0.8426937181122449,0.0,,mappingafrica-256/images/TZ0491502_2023-11.tif,mappingafrica-256/labels/TZ0491502_32362_2023-11.tif,train
TZ0492918,mappingafrica,v2.0.0,TZ,31.4765,-3.28749999999999,0.7168965242346939,0.2831034757653061,0.0,,mappingafrica-256/images/TZ0492918_2020-11.tif,mappingafrica-256/labels/TZ0492918_5849_2020-11.tif,train
TZ0495196,mappingafrica,v1.3.0,TZ,35.8765,-3.2925,0.0147879464285714,0.9852120535714286,0.0,,mappingafrica-256/images/TZ0495196_2018-12.tif,mappingafrica-256/labels/TZ0495196_903996_2018-12.tif,train
TZ0497995,mappingafrica,v1.3.0,TZ,35.8865,-3.3025,0.0817920918367346,0.9182079081632654,0.0,,mappingafrica-256/images/TZ0497995_2018-12.tif,mappingafrica-256/labels/TZ0497995_904002_2018-12.tif,test
TZ0506424,mappingafrica,v1.3.0,TZ,35.8415,-3.3325,0.0342793367346938,0.965720663265306,0.0,,mappingafrica-256/images/TZ0506424_2018-12.tif,mappingafrica-256/labels/TZ0506424_904006_2018-12.tif,train
TZ0515115,mappingafrica,v2.0.0,TZ,37.0615,-3.3625,0.567741549744898,0.432258450255102,0.0,,mappingafrica-256/images/TZ0515115_2022-12.tif,mappingafrica-256/labels/TZ0515115_12447_2022-12.tif,train
TZ0517896,mappingafrica,v2.0.0,TZ,36.9215,-3.3725,0.4264787946428571,0.5735212053571429,0.0,,mappingafrica-256/images/TZ0517896_2022-12.tif,mappingafrica-256/labels/TZ0517896_30355_2022-12.tif,train
TZ0519853,mappingafrica,v2.0.0,TZ,32.7015,-3.3825,0.9965322066326532,0.0034677933673468,0.0,,mappingafrica-256/images/TZ0519853_2023-10.tif,mappingafrica-256/labels/TZ0519853_32759_2023-10.tif,train
TZ0519990,mappingafrica,v2.0.0,TZ,33.3865,-3.38249999999999,0.8869778380102041,0.1130221619897958,0.0,,mappingafrica-256/images/TZ0519990_2019-08.tif,mappingafrica-256/labels/TZ0519990_10169_2019-08.tif,test
TZ0535767,mappingafrica,v2.0.0,TZ,35.6965,-3.43749999999999,0.8532166772959183,0.1467833227040816,0.0,,mappingafrica-256/images/TZ0535767_2019-08.tif,mappingafrica-256/labels/TZ0535767_100468_2019-08.tif,train
TZ0540760,mappingafrica,v2.0.0,TZ,32.7665,-3.4575,0.9896763392857144,0.0103236607142855,0.0,,mappingafrica-256/images/TZ0540760_2018-08.tif,mappingafrica-256/labels/TZ0540760_35545_2018-08.tif,train
TZ0546461,mappingafrica,v2.0.0,TZ,33.0815,-3.47749999999999,0.5078722895408163,0.4921277104591837,0.0,,mappingafrica-256/images/TZ0546461_2022-11.tif,mappingafrica-256/labels/TZ0546461_5852_2022-11.tif,train
TZ0552188,mappingafrica,v2.0.0,TZ,33.4115,-3.4975,0.9290098852040816,0.0709901147959184,0.0,,mappingafrica-256/images/TZ0552188_2020-10.tif,mappingafrica-256/labels/TZ0552188_9079_2020-10.tif,validate
TZ0559184,mappingafrica,v2.0.0,TZ,32.6065,-3.52249999999999,0.7551020408163265,0.2448979591836735,0.0,,mappingafrica-256/images/TZ0559184_2021-11.tif,mappingafrica-256/labels/TZ0559184_2045_2021-11.tif,test
TZ0562442,mappingafrica,v2.0.0,TZ,34.3915,-3.53249999999999,0.7253667091836735,0.2746332908163265,0.0,,mappingafrica-256/images/TZ0562442_2018-08.tif,mappingafrica-256/labels/TZ0562442_1222_2018-08.tif,train
TZ0565863,mappingafrica,v2.0.0,TZ,36.9365,-3.5425,0.6573461415816326,0.3426538584183674,0.0,,mappingafrica-256/images/TZ0565863_2020-02.tif,mappingafrica-256/labels/TZ0565863_4802_2020-02.tif,validate
TZ0566020,mappingafrica,v2.0.0,TZ,37.7215,-3.5425,0.2147241709183673,0.7852758290816327,0.0,,mappingafrica-256/images/TZ0566020_2020-02.tif,mappingafrica-256/labels/TZ0566020_12452_2020-02.tif,validate
TZ0569366,mappingafrica,v2.0.0,TZ,32.5165,-3.5575,0.8924186862244898,0.1075813137755101,0.0,,mappingafrica-256/images/TZ0569366_2023-11.tif,mappingafrica-256/labels/TZ0569366_33860_2023-11.tif,train
TZ0576932,mappingafrica,v2.0.0,TZ,33.7415,-3.5825,0.5167012117346939,0.4832987882653061,0.0,,mappingafrica-256/images/TZ0576932_2022-10.tif,mappingafrica-256/labels/TZ0576932_38117_2022-10.tif,train
TZ0581113,mappingafrica,v2.0.0,TZ,32.6615,-3.5975,0.3951291454081632,0.6048708545918369,0.0,,mappingafrica-256/images/TZ0581113_2020-11.tif,mappingafrica-256/labels/TZ0581113_12453_2020-11.tif,validate
TZ0595914,mappingafrica,v2.0.0,TZ,33.0565,-3.6475,0.9118901466836736,0.0881098533163263,0.0,,mappingafrica-256/images/TZ0595914_2017-08.tif,mappingafrica-256/labels/TZ0595914_25514_2017-08.tif,train
TZ0601631,mappingafrica,v2.0.0,TZ,32.0665,-3.6675,0.5578164859693877,0.4421835140306123,0.0,,mappingafrica-256/images/TZ0601631_2021-11.tif,mappingafrica-256/labels/TZ0601631_11227_2021-11.tif,train
TZ0603281,mappingafrica,v2.0.0,TZ,32.9165,-3.67249999999999,0.9116509885204082,0.0883490114795918,0.0,,mappingafrica-256/images/TZ0603281_2017-08.tif,mappingafrica-256/labels/TZ0603281_6957_2017-08.tif,train
TZ0603991,mappingafrica,v1.3.0,TZ,36.4665,-3.67249999999999,0.2719427614795918,0.7280572385204083,0.0,,mappingafrica-256/images/TZ0603991_2018-12.tif,mappingafrica-256/labels/TZ0603991_904010_2018-12.tif,test
TZ0607790,mappingafrica,v2.0.0,TZ,33.2265,-3.68749999999999,0.7695910395408163,0.2304089604591837,0.0,,mappingafrica-256/images/TZ0607790_2021-11.tif,mappingafrica-256/labels/TZ0607790_1229_2021-11.tif,train
TZ0609163,mappingafrica,v2.0.0,TZ,32.6715,-3.6925,0.7091039540816326,0.2908960459183674,0.0,,mappingafrica-256/images/TZ0609163_2022-11.tif,mappingafrica-256/labels/TZ0609163_25517_2022-11.tif,train
TZ0618262,mappingafrica,v2.0.0,TZ,33.4615,-3.7225,0.5097257653061225,0.4902742346938775,0.0,,mappingafrica-256/images/TZ0618262_2018-08.tif,mappingafrica-256/labels/TZ0618262_34881_2018-08.tif,train
TZ0620213,mappingafrica,v1.3.0,TZ,35.7365,-3.72749999999999,0.9971301020408164,0.0028698979591835,0.0,,mappingafrica-256/images/TZ0620213_2018-12.tif,mappingafrica-256/labels/TZ0620213_904024_2018-12.tif,train
TZ0621709,mappingafrica,v1.3.0,TZ,35.7365,-3.73249999999999,0.2821867028061224,0.7178132971938775,0.0,,mappingafrica-256/images/TZ0621709_2018-12.tif,mappingafrica-256/labels/TZ0621709_904030_2018-12.tif,test
TZ0623346,mappingafrica,v1.3.0,TZ,36.4315,-3.7375,0.2082071109693877,0.7917928890306123,0.0,,mappingafrica-256/images/TZ0623346_2018-12.tif,mappingafrica-256/labels/TZ0623346_904038_2018-12.tif,train
TZ0624843,mappingafrica,v1.3.0,TZ,36.4215,-3.74249999999999,0.4004105548469387,0.5995894451530612,0.0,,mappingafrica-256/images/TZ0624843_2018-12.tif,mappingafrica-256/labels/TZ0624843_904040_2018-12.tif,train
TZ0631609,mappingafrica,v2.0.0,TZ,32.7015,-3.76749999999999,0.4116111288265306,0.5883888711734694,0.0,,mappingafrica-256/images/TZ0631609_2021-11.tif,mappingafrica-256/labels/TZ0631609_11228_2021-11.tif,train
TZ0632358,mappingafrica,v1.3.0,TZ,36.4465,-3.76749999999999,0.8171237244897959,0.1828762755102041,0.0,,mappingafrica-256/images/TZ0632358_2018-12.tif,mappingafrica-256/labels/TZ0632358_904046_2018-12.tif,test
TZ0635284,mappingafrica,v1.3.0,TZ,35.9215,-3.7775,0.3464405293367347,0.6535594706632653,0.0,,mappingafrica-256/images/TZ0635284_2018-12.tif,mappingafrica-256/labels/TZ0635284_904056_2018-12.tif,train
TZ0638295,mappingafrica,v1.3.0,TZ,35.7415,-3.78749999999999,0.6583027742346939,0.3416972257653061,0.0,,mappingafrica-256/images/TZ0638295_2018-12.tif,mappingafrica-256/labels/TZ0638295_904061_2018-12.tif,test
TZ0644417,mappingafrica,v1.3.0,TZ,35.7415,-3.8075,0.6220105229591837,0.3779894770408163,0.0,,mappingafrica-256/images/TZ0644417_2018-12.tif,mappingafrica-256/labels/TZ0644417_904080_2018-12.tif,train
TZ0650125,mappingafrica,v2.0.0,TZ,33.5465,-3.8275,0.9755062181122448,0.0244937818877551,0.0,,mappingafrica-256/images/TZ0650125_2019-08.tif,mappingafrica-256/labels/TZ0650125_25529_2019-08.tif,train
TZ0651411,mappingafrica,v2.0.0,TZ,32.2715,-3.8325,0.2448780293367347,0.7551219706632653,0.0,,mappingafrica-256/images/TZ0651411_2021-11.tif,mappingafrica-256/labels/TZ0651411_15556_2021-11.tif,train
TZ0653802,mappingafrica,v1.3.0,TZ,36.5115,-3.83749999999999,0.0990314094387755,0.9009685905612244,0.0,,mappingafrica-256/images/TZ0653802_2018-12.tif,mappingafrica-256/labels/TZ0653802_904102_2018-12.tif,train
TZ0670786,mappingafrica,v1.3.0,TZ,35.8315,-3.89249999999999,0.8839086415816326,0.1160913584183673,0.0,,mappingafrica-256/images/TZ0670786_2018-12.tif,mappingafrica-256/labels/TZ0670786_904128_2018-12.tif,validate
TZ0675094,mappingafrica,v2.0.0,TZ,33.7965,-3.90749999999999,0.2998644770408163,0.7001355229591837,0.0,,mappingafrica-256/images/TZ0675094_2019-08.tif,mappingafrica-256/labels/TZ0675094_19574_2019-08.tif,train
TZ0679512,mappingafrica,v2.0.0,TZ,32.2265,-3.9225,0.3230229591836734,0.6769770408163266,0.0,,mappingafrica-256/images/TZ0679512_2022-11.tif,mappingafrica-256/labels/TZ0679512_25535_2022-11.tif,validate
TZ0680351,mappingafrica,v1.3.0,TZ,36.4215,-3.92249999999999,0.0848413584183673,0.9151586415816328,0.0,,mappingafrica-256/images/TZ0680351_2018-12.tif,mappingafrica-256/labels/TZ0680351_904137_2018-12.tif,train
TZ0681489,mappingafrica,v2.0.0,TZ,34.2015,-3.9275,0.1859056122448979,0.8140943877551021,0.0,,mappingafrica-256/images/TZ0681489_2021-06.tif,mappingafrica-256/labels/TZ0681489_9092_2021-06.tif,train
TZ0682881,mappingafrica,v2.0.0,TZ,33.2415,-3.9325,0.3310945471938775,0.6689054528061225,0.0,,mappingafrica-256/images/TZ0682881_2017-08.tif,mappingafrica-256/labels/TZ0682881_5857_2017-08.tif,train
TZ0684976,mappingafrica,v1.3.0,TZ,35.7915,-3.93749999999999,0.5076331313775511,0.4923668686224489,0.0,,mappingafrica-256/images/TZ0684976_2018-12.tif,mappingafrica-256/labels/TZ0684976_904153_2018-12.tif,test
TZ0686694,mappingafrica,v1.3.0,TZ,36.4465,-3.9425,0.5170998086734694,0.4829001913265306,0.0,,mappingafrica-256/images/TZ0686694_2018-12.tif,mappingafrica-256/labels/TZ0686694_904162_2018-12.tif,train
TZ0689923,mappingafrica,v1.3.0,TZ,36.6965,-3.95249999999999,0.7632533482142857,0.2367466517857143,0.0,,mappingafrica-256/images/TZ0689923_2018-12.tif,mappingafrica-256/labels/TZ0689923_904180_2018-12.tif,validate
TZ0690970,mappingafrica,v2.0.0,TZ,33.9715,-3.9575,0.332828443877551,0.6671715561224489,0.0,,mappingafrica-256/images/TZ0690970_2018-08.tif,mappingafrica-256/labels/TZ0690970_37499_2018-08.tif,train
TZ0691331,mappingafrica,v1.3.0,TZ,35.7765,-3.9575,1.0,0.0,0.0,,mappingafrica-256/images/TZ0691331_2018-12.tif,mappingafrica-256/labels/TZ0691331_904183_2018-12.tif,train
TZ0694324,mappingafrica,v1.3.0,TZ,34.7915,-3.96749999999999,0.0581552933673469,0.9418447066326532,0.0,,mappingafrica-256/images/TZ0694324_2018-12.tif,mappingafrica-256/labels/TZ0694324_904202_2018-12.tif,train
TZ0698606,mappingafrica,v2.0.0,TZ,32.2215,-3.98249999999999,0.8721898915816326,0.1278101084183673,0.0,,mappingafrica-256/images/TZ0698606_2019-08.tif,mappingafrica-256/labels/TZ0698606_3732_2019-08.tif,train
TZ0701877,mappingafrica,v2.0.0,TZ,32.5415,-3.9925,0.7512157206632653,0.2487842793367347,0.0,,mappingafrica-256/images/TZ0701877_2023-10.tif,mappingafrica-256/labels/TZ0701877_33030_2023-10.tif,train
TZ0703028,mappingafrica,v2.0.0,TZ,30.2665,-3.9975,0.6992984693877551,0.3007015306122449,0.0,,mappingafrica-256/images/TZ0703028_2017-08.tif,mappingafrica-256/labels/TZ0703028_4814_2017-08.tif,test
TZ0703789,mappingafrica,v2.0.0,TZ,34.0715,-3.9975,0.9965122767857144,0.0034877232142855,0.0,,mappingafrica-256/images/TZ0703789_2017-08.tif,mappingafrica-256/labels/TZ0703789_9093_2017-08.tif,train
TZ0703815,mappingafrica,v2.0.0,TZ,34.2015,-3.9975,0.4261001275510204,0.5738998724489797,0.0,,mappingafrica-256/images/TZ0703815_2023-06.tif,mappingafrica-256/labels/TZ0703815_31284_2023-06.tif,train
TZ0714010,mappingafrica,v1.3.0,TZ,36.8615,-4.0275,0.6926618303571429,0.3073381696428571,0.0,,mappingafrica-256/images/TZ0714010_2018-12.tif,mappingafrica-256/labels/TZ0714010_904230_2018-12.tif,train
TZ0714175,mappingafrica,v2.0.0,TZ,37.6865,-4.0275,0.5773278061224489,0.422672193877551,0.0,,mappingafrica-256/images/TZ0714175_2020-12.tif,mappingafrica-256/labels/TZ0714175_12457_2020-12.tif,train
TZ0718871,mappingafrica,v1.3.0,TZ,36.8815,-4.0425,0.7483059630102041,0.2516940369897958,0.0,,mappingafrica-256/images/TZ0718871_2018-12.tif,mappingafrica-256/labels/TZ0718871_904237_2018-12.tif,train
TZ0728235,mappingafrica,v1.3.0,TZ,34.8215,-4.0725,0.8711734693877551,0.1288265306122449,0.0,,mappingafrica-256/images/TZ0728235_2018-12.tif,mappingafrica-256/labels/TZ0728235_904244_2018-12.tif,validate
TZ0737852,mappingafrica,v2.0.0,TZ,33.6765,-4.10249999999999,0.5126953125,0.4873046875,0.0,,mappingafrica-256/images/TZ0737852_2018-08.tif,mappingafrica-256/labels/TZ0737852_100479_2018-08.tif,train
TZ0739235,mappingafrica,v2.0.0,TZ,32.3415,-4.1075,0.7717235331632653,0.2282764668367347,0.0,,mappingafrica-256/images/TZ0739235_2023-11.tif,mappingafrica-256/labels/TZ0739235_31748_2023-11.tif,train
TZ0739465,mappingafrica,v2.0.0,TZ,33.4915,-4.10749999999999,0.357063137755102,0.642936862244898,0.0,,mappingafrica-256/images/TZ0739465_2018-08.tif,mappingafrica-256/labels/TZ0739465_16591_2018-08.tif,train
TZ0744720,mappingafrica,v1.3.0,TZ,34.9665,-4.1225,0.9134845344387756,0.0865154655612243,0.0,,mappingafrica-256/images/TZ0744720_2018-12.tif,mappingafrica-256/labels/TZ0744720_904259_2018-12.tif,train
TZ0748792,mappingafrica,v2.0.0,TZ,30.4115,-4.1375,0.090461575255102,0.909538424744898,0.0,,mappingafrica-256/images/TZ0748792_2017-08.tif,mappingafrica-256/labels/TZ0748792_5861_2017-08.tif,train
TZ0759397,mappingafrica,v2.0.0,TZ,33.1765,-4.1675,0.025390625,0.974609375,0.0,,mappingafrica-256/images/TZ0759397_2020-10.tif,mappingafrica-256/labels/TZ0759397_14560_2020-10.tif,train
TZ0759466,mappingafrica,v2.0.0,TZ,33.5215,-4.1675,0.61328125,0.38671875,0.0,,mappingafrica-256/images/TZ0759466_2023-10.tif,mappingafrica-256/labels/TZ0759466_33410_2023-10.tif,validate
TZ0763081,mappingafrica,v2.0.0,TZ,34.7465,-4.1775,0.6636240433673469,0.3363759566326531,0.0,,mappingafrica-256/images/TZ0763081_2019-08.tif,mappingafrica-256/labels/TZ0763081_3734_2019-08.tif,train
TZ0778354,mappingafrica,v2.0.0,TZ,34.7765,-4.2225,0.1317362882653061,0.8682637117346939,0.0,,mappingafrica-256/images/TZ0778354_2022-06.tif,mappingafrica-256/labels/TZ0778354_2618_2022-06.tif,train
TZ0781807,mappingafrica,v1.3.0,TZ,34.9865,-4.23249999999999,0.4375597895408163,0.5624402104591837,0.0,,mappingafrica-256/images/TZ0781807_2018-12.tif,mappingafrica-256/labels/TZ0781807_904278_2018-12.tif,test
TZ0792061,mappingafrica,v1.3.0,TZ,34.8715,-4.2625,0.5507214604591837,0.4492785395408163,0.0,,mappingafrica-256/images/TZ0792061_2018-12.tif,mappingafrica-256/labels/TZ0792061_904283_2018-12.tif,validate
TZ0797192,mappingafrica,v2.0.0,TZ,34.6815,-4.2775,0.2575733418367347,0.7424266581632653,0.0,,mappingafrica-256/images/TZ0797192_2020-07.tif,mappingafrica-256/labels/TZ0797192_25580_2020-07.tif,train
TZ0799408,mappingafrica,v1.3.0,TZ,37.1165,-4.28249999999999,0.5930524553571429,0.4069475446428571,0.0,,mappingafrica-256/images/TZ0799408_2018-12.tif,mappingafrica-256/labels/TZ0799408_904293_2018-12.tif,test
TZ0802380,mappingafrica,v2.0.0,TZ,34.6465,-4.2925,0.5871532206632653,0.4128467793367347,0.0,,mappingafrica-256/images/TZ0802380_2020-07.tif,mappingafrica-256/labels/TZ0802380_16594_2020-07.tif,train
TZ0816037,mappingafrica,v2.0.0,TZ,32.9565,-4.3325,0.5490473533163265,0.4509526466836735,0.0,,mappingafrica-256/images/TZ0816037_2022-10.tif,mappingafrica-256/labels/TZ0816037_100486_2022-10.tif,train
TZ0816588,mappingafrica,v2.0.0,TZ,35.7115,-4.3325,0.9312220982142856,0.0687779017857144,0.0,,mappingafrica-256/images/TZ0816588_2019-08.tif,mappingafrica-256/labels/TZ0816588_25584_2019-08.tif,train
TZ0816886,mappingafrica,v1.3.0,TZ,37.2015,-4.3325,0.6956114477040817,0.3043885522959183,0.0,,mappingafrica-256/images/TZ0816886_2018-12.tif,mappingafrica-256/labels/TZ0816886_904313_2018-12.tif,train
TZ0824960,mappingafrica,v2.0.0,TZ,33.3265,-4.35749999999999,0.7613201530612245,0.2386798469387755,0.0,,mappingafrica-256/images/TZ0824960_2022-10.tif,mappingafrica-256/labels/TZ0824960_2054_2022-10.tif,train
TZ0837837,mappingafrica,v1.3.0,TZ,34.8515,-4.39249999999999,0.9610770089285714,0.0389229910714286,0.0,,mappingafrica-256/images/TZ0837837_2018-12.tif,mappingafrica-256/labels/TZ0837837_904324_2018-12.tif,train
TZ0841185,mappingafrica,v2.0.0,TZ,33.5265,-4.4025,0.6393096301020408,0.3606903698979592,0.0,,mappingafrica-256/images/TZ0841185_2017-08.tif,mappingafrica-256/labels/TZ0841185_100491_2017-08.tif,train
TZ0847819,mappingafrica,v2.0.0,TZ,30.4015,-4.4225,0.3801618303571428,0.6198381696428572,0.0,,mappingafrica-256/images/TZ0847819_2023-11.tif,mappingafrica-256/labels/TZ0847819_30668_2023-11.tif,train
TZ0850412,mappingafrica,v2.0.0,TZ,34.2665,-4.4275,0.6204360650510204,0.3795639349489795,0.0,,mappingafrica-256/images/TZ0850412_2021-06.tif,mappingafrica-256/labels/TZ0850412_30490_2021-06.tif,train
TZ0851500,mappingafrica,v2.0.0,TZ,30.5965,-4.4325,0.5483099489795918,0.4516900510204081,0.0,,mappingafrica-256/images/TZ0851500_2021-11.tif,mappingafrica-256/labels/TZ0851500_17538_2021-11.tif,validate
TZ0852325,mappingafrica,v1.3.0,TZ,34.7215,-4.4325,0.5994698660714286,0.4005301339285714,0.0,,mappingafrica-256/images/TZ0852325_2018-12.tif,mappingafrica-256/labels/TZ0852325_904331_2018-12.tif,test
TZ0858408,mappingafrica,v2.0.0,TZ,37.2665,-4.4475,0.5313297193877551,0.4686702806122449,0.0,,mappingafrica-256/images/TZ0858408_2023-12.tif,mappingafrica-256/labels/TZ0858408_30454_2023-12.tif,test
TZ0868802,mappingafrica,v2.0.0,TZ,32.1465,-4.4775,0.9121890943877552,0.0878109056122448,0.0,,mappingafrica-256/images/TZ0868802_2019-08.tif,mappingafrica-256/labels/TZ0868802_31316_2019-08.tif,train
TZ0875301,mappingafrica,v2.0.0,TZ,35.9615,-4.49249999999999,0.9995017538265306,0.0004982461734693,0.0,,mappingafrica-256/images/TZ0875301_2020-09.tif,mappingafrica-256/labels/TZ0875301_12463_2020-09.tif,train
TZ0878055,mappingafrica,v2.0.0,TZ,30.5815,-4.5025,0.3303172831632653,0.6696827168367347,0.0,,mappingafrica-256/images/TZ0878055_2020-11.tif,mappingafrica-256/labels/TZ0878055_25607_2020-11.tif,train
TZ0886577,mappingafrica,v1.3.0,TZ,34.7915,-4.52249999999999,0.4514309630102041,0.548569036989796,0.0,,mappingafrica-256/images/TZ0886577_2018-12.tif,mappingafrica-256/labels/TZ0886577_904351_2018-12.tif,train
TZ0902058,mappingafrica,v1.3.0,TZ,34.9865,-4.56249999999999,0.4807876275510204,0.5192123724489797,0.0,,mappingafrica-256/images/TZ0902058_2018-12.tif,mappingafrica-256/labels/TZ0902058_904359_2018-12.tif,test
TZ0907905,mappingafrica,v1.3.0,TZ,35.1065,-4.57749999999999,0.4578085140306122,0.5421914859693878,0.0,,mappingafrica-256/images/TZ0907905_2018-12.tif,mappingafrica-256/labels/TZ0907905_904362_2018-12.tif,train
TZ0909590,mappingafrica,v2.0.0,TZ,33.8115,-4.5825,0.9535833864795918,0.0464166135204081,0.0,,mappingafrica-256/images/TZ0909590_2022-10.tif,mappingafrica-256/labels/TZ0909590_37751_2022-10.tif,train
TZ0910006,mappingafrica,v2.0.0,TZ,35.8915,-4.5825,0.5631377551020408,0.4368622448979592,0.0,,mappingafrica-256/images/TZ0910006_2022-09.tif,mappingafrica-256/labels/TZ0910006_16598_2022-09.tif,train
TZ0913922,mappingafrica,v2.0.0,TZ,36.0015,-4.5925,0.993423150510204,0.0065768494897959,0.0,,mappingafrica-256/images/TZ0913922_2023-09.tif,mappingafrica-256/labels/TZ0913922_31111_2023-09.tif,train
TZ0921486,mappingafrica,v1.3.0,TZ,34.7565,-4.6125,0.2384008290816326,0.7615991709183674,0.0,,mappingafrica-256/images/TZ0921486_2018-12.tif,mappingafrica-256/labels/TZ0921486_904373_2018-12.tif,train
TZ0923452,mappingafrica,v1.3.0,TZ,34.7965,-4.61749999999999,0.1066446109693877,0.8933553890306123,0.0,,mappingafrica-256/images/TZ0923452_2018-12.tif,mappingafrica-256/labels/TZ0923452_904374_2018-12.tif,train
TZ0926888,mappingafrica,v2.0.0,TZ,32.3715,-4.6275,0.3831313775510204,0.6168686224489797,0.0,,mappingafrica-256/images/TZ0926888_2021-06.tif,mappingafrica-256/labels/TZ0926888_13514_2021-06.tif,train
TZ0929134,mappingafrica,v2.0.0,TZ,33.7815,-4.63249999999999,0.2897002551020408,0.7102997448979592,0.0,,mappingafrica-256/images/TZ0929134_2020-10.tif,mappingafrica-256/labels/TZ0929134_7996_2020-10.tif,train
TZ0933266,mappingafrica,v1.3.0,TZ,34.7815,-4.64249999999999,0.0158043686224489,0.9841956313775512,0.0,,mappingafrica-256/images/TZ0933266_2018-12.tif,mappingafrica-256/labels/TZ0933266_904388_2018-12.tif,test
TZ0933269,mappingafrica,v2.0.0,TZ,34.7965,-4.6425,0.6132413903061225,0.3867586096938775,0.0,,mappingafrica-256/images/TZ0933269_2022-06.tif,mappingafrica-256/labels/TZ0933269_38031_2022-06.tif,train
TZ0933296,mappingafrica,v2.0.0,TZ,34.9315,-4.64249999999999,0.9853714923469388,0.0146285076530612,0.0,,mappingafrica-256/images/TZ0933296_2020-07.tif,mappingafrica-256/labels/TZ0933296_11241_2020-07.tif,train
TZ0933319,mappingafrica,v1.3.0,TZ,35.0465,-4.64249999999999,0.5364516900510204,0.4635483099489795,0.0,,mappingafrica-256/images/TZ0933319_2018-12.tif,mappingafrica-256/labels/TZ0933319_904390_2018-12.tif,train
TZ0935238,mappingafrica,v1.3.0,TZ,34.7965,-4.64749999999999,0.0922751913265306,0.9077248086734694,0.0,,mappingafrica-256/images/TZ0935238_2018-12.tif,mappingafrica-256/labels/TZ0935238_904392_2018-12.tif,train
TZ0937268,mappingafrica,v2.0.0,TZ,35.0965,-4.6525,0.4175900829081632,0.5824099170918369,0.0,,mappingafrica-256/images/TZ0937268_2020-07.tif,mappingafrica-256/labels/TZ0937268_14567_2020-07.tif,train
TZ0939396,mappingafrica,v2.0.0,TZ,35.8765,-4.6575,0.7393773915816326,0.2606226084183674,0.0,,mappingafrica-256/images/TZ0939396_2021-09.tif,mappingafrica-256/labels/TZ0939396_25620_2021-09.tif,train
TZ0942999,mappingafrica,v2.0.0,TZ,34.1465,-4.6675,0.509765625,0.490234375,0.0,,mappingafrica-256/images/TZ0942999_2023-10.tif,mappingafrica-256/labels/TZ0942999_28995_2023-10.tif,train
TZ0945158,mappingafrica,v1.3.0,TZ,35.0565,-4.67249999999999,0.5939692283163265,0.4060307716836735,0.0,,mappingafrica-256/images/TZ0945158_2018-12.tif,mappingafrica-256/labels/TZ0945158_904398_2018-12.tif,train
TZ0949064,mappingafrica,v1.3.0,TZ,34.8065,-4.6825,0.3976602359693877,0.6023397640306123,0.0,,mappingafrica-256/images/TZ0949064_2018-12.tif,mappingafrica-256/labels/TZ0949064_904405_2018-12.tif,train
TZ0949283,mappingafrica,v2.0.0,TZ,35.9015,-4.6825,0.9748883928571428,0.0251116071428572,0.0,,mappingafrica-256/images/TZ0949283_2019-08.tif,mappingafrica-256/labels/TZ0949283_28830_2019-08.tif,train
TZ0950596,mappingafrica,v2.0.0,TZ,32.5815,-4.6875,0.7644491390306123,0.2355508609693877,0.0,,mappingafrica-256/images/TZ0950596_2023-06.tif,mappingafrica-256/labels/TZ0950596_33910_2023-06.tif,train
TZ0959186,mappingafrica,v2.0.0,TZ,35.9665,-4.7075,0.8616669323979592,0.1383330676020407,0.0,,mappingafrica-256/images/TZ0959186_2018-08.tif,mappingafrica-256/labels/TZ0959186_1243_2018-08.tif,train
TZ0968451,mappingafrica,v2.0.0,TZ,32.8065,-4.7325,0.0685586734693877,0.9314413265306124,0.0,,mappingafrica-256/images/TZ0968451_2020-07.tif,mappingafrica-256/labels/TZ0968451_20455_2020-07.tif,train
TZ0976787,mappingafrica,v2.0.0,TZ,34.9165,-4.7525,0.3258928571428571,0.6741071428571429,0.0,,mappingafrica-256/images/TZ0976787_2023-06.tif,mappingafrica-256/labels/TZ0976787_34769_2023-06.tif,train
TZ0986288,mappingafrica,v2.0.0,TZ,33.0015,-4.7775,0.5412149234693877,0.4587850765306123,0.0,,mappingafrica-256/images/TZ0986288_2018-08.tif,mappingafrica-256/labels/TZ0986288_32455_2018-08.tif,train
TZ0992271,mappingafrica,v2.0.0,TZ,33.3665,-4.7925,0.3391262755102041,0.660873724489796,0.0,,mappingafrica-256/images/TZ0992271_2017-08.tif,mappingafrica-256/labels/TZ0992271_2058_2017-08.tif,train
TZ0998293,mappingafrica,v2.0.0,TZ,33.7915,-4.8075,1.0,0.0,0.0,,mappingafrica-256/images/TZ0998293_2019-08.tif,mappingafrica-256/labels/TZ0998293_100495_2019-08.tif,train
TZ1000611,mappingafrica,v2.0.0,TZ,35.4865,-4.8125,0.6719347895408163,0.3280652104591837,0.0,,mappingafrica-256/images/TZ1000611_2017-08.tif,mappingafrica-256/labels/TZ1000611_25626_2017-08.tif,validate
TZ1012520,mappingafrica,v2.0.0,TZ,35.6965,-4.84249999999999,0.8282445790816326,0.1717554209183673,0.0,,mappingafrica-256/images/TZ1012520_2021-09.tif,mappingafrica-256/labels/TZ1012520_17544_2021-09.tif,train
TZ1015071,mappingafrica,v2.0.0,TZ,38.5615,-4.8475,0.0634167729591836,0.9365832270408164,0.0,,mappingafrica-256/images/TZ1015071_2019-02.tif,mappingafrica-256/labels/TZ1015071_13518_2019-02.tif,train
TZ1031470,mappingafrica,v2.0.0,TZ,31.7015,-4.89249999999999,0.7536073022959183,0.2463926977040816,0.0,,mappingafrica-256/images/TZ1031470_2019-08.tif,mappingafrica-256/labels/TZ1031470_100497_2019-08.tif,train
TZ1038185,mappingafrica,v2.0.0,TZ,35.6365,-4.9075,0.6208944515306123,0.3791055484693877,0.0,,mappingafrica-256/images/TZ1038185_2022-09.tif,mappingafrica-256/labels/TZ1038185_38109_2022-09.tif,train
TZ1044278,mappingafrica,v2.0.0,TZ,36.2865,-4.9225,0.1023397640306122,0.8976602359693878,0.0,,mappingafrica-256/images/TZ1044278_2017-08.tif,mappingafrica-256/labels/TZ1044278_30725_2017-08.tif,train
TZ1061678,mappingafrica,v2.0.0,TZ,33.6065,-4.9675,0.7523517219387755,0.2476482780612244,0.0,,mappingafrica-256/images/TZ1061678_2017-08.tif,mappingafrica-256/labels/TZ1061678_32948_2017-08.tif,validate
TZ1072079,mappingafrica,v2.0.0,TZ,35.7065,-4.99249999999999,0.2464126275510204,0.7535873724489797,0.0,,mappingafrica-256/images/TZ1072079_2019-08.tif,mappingafrica-256/labels/TZ1072079_13521_2019-08.tif,train
TZ1073591,mappingafrica,v2.0.0,TZ,33.2765,-4.9975,0.162368463010204,0.837631536989796,0.0,,mappingafrica-256/images/TZ1073591_2023-06.tif,mappingafrica-256/labels/TZ1073591_39074_2023-06.tif,train
TZ1088552,mappingafrica,v2.0.0,TZ,38.2715,-5.03249999999999,0.184032206632653,0.815967793367347,0.0,,mappingafrica-256/images/TZ1088552_2021-05.tif,mappingafrica-256/labels/TZ1088552_11758_2021-05.tif,train
TZ1098120,mappingafrica,v2.0.0,TZ,36.5265,-5.0575,0.0866350446428571,0.9133649553571428,0.0,,mappingafrica-256/images/TZ1098120_2018-08.tif,mappingafrica-256/labels/TZ1098120_5887_2018-08.tif,train
TZ1101071,mappingafrica,v2.0.0,TZ,31.4765,-5.0675,0.632194674744898,0.367805325255102,0.0,,mappingafrica-256/images/TZ1101071_2022-06.tif,mappingafrica-256/labels/TZ1101071_5888_2022-06.tif,train
TZ1111714,mappingafrica,v2.0.0,TZ,35.0765,-5.0925,0.0966198979591836,0.9033801020408164,0.0,,mappingafrica-256/images/TZ1111714_2023-09.tif,mappingafrica-256/labels/TZ1111714_33582_2023-09.tif,train
TZ1115021,mappingafrica,v2.0.0,TZ,31.7215,-5.10249999999999,0.4602200255102041,0.539779974489796,0.0,,mappingafrica-256/images/TZ1115021_2017-08.tif,mappingafrica-256/labels/TZ1115021_18492_2017-08.tif,test
TZ1121039,mappingafrica,v2.0.0,TZ,32.0015,-5.1175,0.6297632334183674,0.3702367665816326,0.0,,mappingafrica-256/images/TZ1121039_2021-06.tif,mappingafrica-256/labels/TZ1121039_25656_2021-06.tif,validate
TZ1125855,mappingafrica,v2.0.0,TZ,36.2165,-5.1275,0.4899354272959184,0.5100645727040816,0.0,,mappingafrica-256/images/TZ1125855_2023-09.tif,mappingafrica-256/labels/TZ1125855_37813_2023-09.tif,train
TZ1135732,mappingafrica,v2.0.0,TZ,36.1565,-5.1525,0.1866430165816326,0.8133569834183674,0.0,,mappingafrica-256/images/TZ1135732_2020-09.tif,mappingafrica-256/labels/TZ1135732_2626_2020-09.tif,train
TZ1137499,mappingafrica,v2.0.0,TZ,35.1315,-5.1575,0.2356704400510204,0.7643295599489797,0.0,,mappingafrica-256/images/TZ1137499_2022-09.tif,mappingafrica-256/labels/TZ1137499_25665_2022-09.tif,train
TZ1137627,mappingafrica,v2.0.0,TZ,35.7715,-5.15749999999999,0.7155811543367347,0.2844188456632652,0.0,,mappingafrica-256/images/TZ1137627_2022-09.tif,mappingafrica-256/labels/TZ1137627_18493_2022-09.tif,train
TZ1140629,mappingafrica,v2.0.0,TZ,31.1165,-5.1675,0.2291932397959183,0.7708067602040817,0.0,,mappingafrica-256/images/TZ1140629_2022-11.tif,mappingafrica-256/labels/TZ1140629_30835_2022-11.tif,train
TZ1150953,mappingafrica,v2.0.0,TZ,33.6615,-5.1925,0.1684271364795918,0.8315728635204083,0.0,,mappingafrica-256/images/TZ1150953_2023-10.tif,mappingafrica-256/labels/TZ1150953_30119_2023-10.tif,train
TZ1152385,mappingafrica,v2.0.0,TZ,30.9915,-5.1975,0.7544642857142857,0.2455357142857143,0.0,,mappingafrica-256/images/TZ1152385_2023-11.tif,mappingafrica-256/labels/TZ1152385_27826_2023-11.tif,train
TZ1154621,mappingafrica,v2.0.0,TZ,32.3415,-5.2025,0.4367426658163265,0.5632573341836735,0.0,,mappingafrica-256/images/TZ1154621_2021-06.tif,mappingafrica-256/labels/TZ1154621_25669_2021-06.tif,train
TZ1160249,mappingafrica,v2.0.0,TZ,30.9565,-5.21749999999999,0.0757134885204081,0.924286511479592,0.0,,mappingafrica-256/images/TZ1160249_2021-11.tif,mappingafrica-256/labels/TZ1160249_15580_2021-11.tif,train
TZ1160834,mappingafrica,v2.0.0,TZ,33.8815,-5.21749999999999,0.3393853635204081,0.660614636479592,0.0,,mappingafrica-256/images/TZ1160834_2022-06.tif,mappingafrica-256/labels/TZ1160834_11251_2022-06.tif,validate
TZ1163254,mappingafrica,v2.0.0,TZ,36.1465,-5.2225,0.6181441326530612,0.3818558673469387,0.0,,mappingafrica-256/images/TZ1163254_2018-08.tif,mappingafrica-256/labels/TZ1163254_25679_2018-08.tif,train
TZ1164169,mappingafrica,v2.0.0,TZ,30.9165,-5.22749999999999,0.6613121811224489,0.338687818877551,0.0,,mappingafrica-256/images/TZ1164169_2021-11.tif,mappingafrica-256/labels/TZ1164169_12480_2021-11.tif,validate
TZ1164362,mappingafrica,v2.0.0,TZ,31.8815,-5.22749999999999,0.6220703125,0.3779296875,0.0,,mappingafrica-256/images/TZ1164362_2017-08.tif,mappingafrica-256/labels/TZ1164362_3744_2017-08.tif,train
TZ1164596,mappingafrica,v2.0.0,TZ,33.0515,-5.22749999999999,0.1158123405612244,0.8841876594387756,0.0,,mappingafrica-256/images/TZ1164596_2018-08.tif,mappingafrica-256/labels/TZ1164596_14574_2018-08.tif,test
TZ1166833,mappingafrica,v2.0.0,TZ,34.4465,-5.2325,0.5020328443877551,0.4979671556122449,0.0,,mappingafrica-256/images/TZ1166833_2022-06.tif,mappingafrica-256/labels/TZ1166833_17551_2022-06.tif,train
TZ1168254,mappingafrica,v2.0.0,TZ,31.7665,-5.2375,0.2887635522959184,0.7112364477040816,0.0,,mappingafrica-256/images/TZ1168254_2021-06.tif,mappingafrica-256/labels/TZ1168254_10196_2021-06.tif,train
TZ1168556,mappingafrica,v2.0.0,TZ,33.2765,-5.2375,0.068618463010204,0.931381536989796,0.0,,mappingafrica-256/images/TZ1168556_2017-08.tif,mappingafrica-256/labels/TZ1168556_28825_2017-08.tif,train
TZ1168991,mappingafrica,v2.0.0,TZ,35.4515,-5.2375,0.6152941645408163,0.3847058354591837,0.0,,mappingafrica-256/images/TZ1168991_2021-09.tif,mappingafrica-256/labels/TZ1168991_14576_2021-09.tif,train
TZ1170032,mappingafrica,v2.0.0,TZ,30.8665,-5.24249999999999,0.0824099170918367,0.9175900829081634,0.0,,mappingafrica-256/images/TZ1170032_2022-11.tif,mappingafrica-256/labels/TZ1170032_13530_2022-11.tif,train
TZ1172505,mappingafrica,v2.0.0,TZ,33.4465,-5.2475,0.1727718431122449,0.8272281568877551,0.0,,mappingafrica-256/images/TZ1172505_2019-08.tif,mappingafrica-256/labels/TZ1172505_17552_2019-08.tif,train
TZ1180694,mappingafrica,v2.0.0,TZ,35.2765,-5.26749999999999,0.148258131377551,0.8517418686224489,0.0,,mappingafrica-256/images/TZ1180694_2017-08.tif,mappingafrica-256/labels/TZ1180694_2631_2017-08.tif,train
TZ1180744,mappingafrica,v2.0.0,TZ,35.5265,-5.26749999999999,0.3738042091836734,0.6261957908163266,0.0,,mappingafrica-256/images/TZ1180744_2022-09.tif,mappingafrica-256/labels/TZ1180744_16612_2022-09.tif,train
TZ1182025,mappingafrica,v2.0.0,TZ,32.1665,-5.27249999999999,0.2728196747448979,0.7271803252551021,0.0,,mappingafrica-256/images/TZ1182025_2019-08.tif,mappingafrica-256/labels/TZ1182025_13531_2019-08.tif,train
TZ1195835,mappingafrica,v2.0.0,TZ,32.8315,-5.3075,0.6147959183673469,0.3852040816326531,0.0,,mappingafrica-256/images/TZ1195835_2017-08.tif,mappingafrica-256/labels/TZ1195835_11259_2017-08.tif,train
TZ1198792,mappingafrica,v2.0.0,TZ,37.8665,-5.31249999999999,0.3463807397959184,0.6536192602040816,0.0,,mappingafrica-256/images/TZ1198792_2021-05.tif,mappingafrica-256/labels/TZ1198792_13532_2021-05.tif,train
TZ1213623,mappingafrica,v2.0.0,TZ,34.2265,-5.35249999999999,0.3057836415816326,0.6942163584183674,0.0,,mappingafrica-256/images/TZ1213623_2021-06.tif,mappingafrica-256/labels/TZ1213623_10199_2021-06.tif,train
TZ1216246,mappingafrica,v2.0.0,TZ,37.6215,-5.3575,0.2222576530612245,0.7777423469387755,0.0,,mappingafrica-256/images/TZ1216246_2022-12.tif,mappingafrica-256/labels/TZ1216246_5895_2022-12.tif,validate
TZ1216952,mappingafrica,v2.0.0,TZ,31.4365,-5.3625,0.5356146364795918,0.4643853635204081,0.0,,mappingafrica-256/images/TZ1216952_2019-08.tif,mappingafrica-256/labels/TZ1216952_19602_2019-08.tif,train
TZ1241517,mappingafrica,v2.0.0,TZ,37.9815,-5.42249999999999,0.8353396045918368,0.1646603954081632,0.0,,mappingafrica-256/images/TZ1241517_2021-05.tif,mappingafrica-256/labels/TZ1241517_6979_2021-05.tif,train
TZ1250926,mappingafrica,v2.0.0,TZ,37.1815,-5.44749999999999,0.7383011798469388,0.2616988201530612,0.0,,mappingafrica-256/images/TZ1250926_2022-09.tif,mappingafrica-256/labels/TZ1250926_12481_2022-09.tif,test
TZ1252839,mappingafrica,v2.0.0,TZ,37.2015,-5.45249999999999,0.2142059948979592,0.7857940051020408,0.0,,mappingafrica-256/images/TZ1252839_2022-09.tif,mappingafrica-256/labels/TZ1252839_19604_2022-09.tif,train
TZ1253623,mappingafrica,v2.0.0,TZ,31.5715,-5.4575,0.6336495535714286,0.3663504464285714,0.0,,mappingafrica-256/images/TZ1253623_2023-06.tif,mappingafrica-256/labels/TZ1253623_33696_2023-06.tif,train
TZ1279306,mappingafrica,v2.0.0,TZ,37.0615,-5.52249999999999,0.4981664540816326,0.5018335459183674,0.0,,mappingafrica-256/images/TZ1279306_2019-08.tif,mappingafrica-256/labels/TZ1279306_9122_2019-08.tif,train
TZ1282346,mappingafrica,v2.0.0,TZ,33.4265,-5.53249999999999,0.1411232461734693,0.8588767538265307,0.0,,mappingafrica-256/images/TZ1282346_2021-10.tif,mappingafrica-256/labels/TZ1282346_4841_2021-10.tif,test
TZ1282867,mappingafrica,v2.0.0,TZ,36.0315,-5.5325,0.5254902742346939,0.4745097257653061,0.0,,mappingafrica-256/images/TZ1282867_2018-08.tif,mappingafrica-256/labels/TZ1282867_32966_2018-08.tif,train
TZ1298145,mappingafrica,v2.0.0,TZ,37.2315,-5.5725,0.0203882334183673,0.9796117665816328,0.0,,mappingafrica-256/images/TZ1298145_2018-08.tif,mappingafrica-256/labels/TZ1298145_34032_2018-08.tif,validate
TZ1316632,mappingafrica,v2.0.0,TZ,36.0465,-5.6225,0.4827407525510204,0.5172592474489797,0.0,,mappingafrica-256/images/TZ1316632_2018-08.tif,mappingafrica-256/labels/TZ1316632_10202_2018-08.tif,train
TZ1319726,mappingafrica,v2.0.0,TZ,32.8515,-5.63249999999999,0.2887635522959184,0.7112364477040816,0.0,,mappingafrica-256/images/TZ1319726_2021-10.tif,mappingafrica-256/labels/TZ1319726_4845_2021-10.tif,train
TZ1328731,mappingafrica,v2.0.0,TZ,31.2815,-5.6575,0.8075773278061225,0.1924226721938775,0.0,,mappingafrica-256/images/TZ1328731_2023-06.tif,mappingafrica-256/labels/TZ1328731_37453_2023-06.tif,train
TZ1329334,mappingafrica,v2.0.0,TZ,34.2965,-5.65749999999999,0.7462133290816326,0.2537866709183674,0.0,,mappingafrica-256/images/TZ1329334_2021-06.tif,mappingafrica-256/labels/TZ1329334_18501_2021-06.tif,train
TZ1350266,mappingafrica,v2.0.0,TZ,36.6415,-5.7125,0.9986049107142856,0.0013950892857144,0.0,,mappingafrica-256/images/TZ1350266_2022-09.tif,mappingafrica-256/labels/TZ1350266_34381_2022-09.tif,train
TZ1351808,mappingafrica,v2.0.0,TZ,35.0515,-5.71749999999999,0.1198182397959183,0.8801817602040817,0.0,,mappingafrica-256/images/TZ1351808_2018-08.tif,mappingafrica-256/labels/TZ1351808_14583_2018-08.tif,train
TZ1359508,mappingafrica,v2.0.0,TZ,36.2765,-5.7375,0.4993423150510204,0.5006576849489797,0.0,,mappingafrica-256/images/TZ1359508_2023-09.tif,mappingafrica-256/labels/TZ1359508_38320_2023-09.tif,train
TZ1368997,mappingafrica,v2.0.0,TZ,37.1165,-5.7625,0.3624043367346938,0.6375956632653061,0.0,,mappingafrica-256/images/TZ1368997_2019-08.tif,mappingafrica-256/labels/TZ1368997_18503_2019-08.tif,train
TZ1369649,mappingafrica,v2.0.0,TZ,31.0615,-5.76749999999999,0.1360212053571428,0.8639787946428572,0.0,,mappingafrica-256/images/TZ1369649_2021-06.tif,mappingafrica-256/labels/TZ1369649_15592_2021-06.tif,train
TZ1370346,mappingafrica,v2.0.0,TZ,34.5465,-5.76749999999999,0.9991031568877552,0.0008968431122448,0.0,,mappingafrica-256/images/TZ1370346_2022-06.tif,mappingafrica-256/labels/TZ1370346_100160_2022-06.tif,train
TZ1374474,mappingafrica,v2.0.0,TZ,36.5265,-5.7775,0.2353914221938775,0.7646085778061225,0.0,,mappingafrica-256/images/TZ1374474_2018-08.tif,mappingafrica-256/labels/TZ1374474_39650_2018-08.tif,train
TZ1400143,mappingafrica,v2.0.0,TZ,34.1365,-5.8475,0.9610570790816326,0.0389429209183673,0.0,,mappingafrica-256/images/TZ1400143_2021-06.tif,mappingafrica-256/labels/TZ1400143_8017_2021-06.tif,validate
TZ1402207,mappingafrica,v2.0.0,TZ,35.1165,-5.85249999999999,0.2530094068877551,0.7469905931122449,0.0,,mappingafrica-256/images/TZ1402207_2017-08.tif,mappingafrica-256/labels/TZ1402207_6985_2017-08.tif,train
TZ1411361,mappingafrica,v2.0.0,TZ,34.2265,-5.8775,0.5428292410714286,0.4571707589285714,0.0,,mappingafrica-256/images/TZ1411361_2019-08.tif,mappingafrica-256/labels/TZ1411361_5904_2019-08.tif,train
TZ1428728,mappingafrica,v2.0.0,TZ,36.5715,-5.92249999999999,0.8851841517857143,0.1148158482142857,0.0,,mappingafrica-256/images/TZ1428728_2022-09.tif,mappingafrica-256/labels/TZ1428728_16615_2022-09.tif,train
TZ1430427,mappingafrica,v2.0.0,TZ,35.6465,-5.9275,0.0030293367346938,0.996970663265306,0.0,,mappingafrica-256/images/TZ1430427_2018-08.tif,mappingafrica-256/labels/TZ1430427_100161_2018-08.tif,train
TZ1438100,mappingafrica,v2.0.0,TZ,36.3315,-5.9475,0.1993582589285714,0.8006417410714286,0.0,,mappingafrica-256/images/TZ1438100_2018-08.tif,mappingafrica-256/labels/TZ1438100_25734_2018-08.tif,train
TZ1453695,mappingafrica,v2.0.0,TZ,39.3415,-5.9875,0.7217394770408163,0.2782605229591837,0.0,,mappingafrica-256/images/TZ1453695_2020-07.tif,mappingafrica-256/labels/TZ1453695_9249_2020-07.tif,test
TZ1464583,mappingafrica,v2.0.0,TZ,36.8765,-6.01749999999999,0.703742825255102,0.296257174744898,0.0,,mappingafrica-256/images/TZ1464583_2022-09.tif,mappingafrica-256/labels/TZ1464583_1266_2022-09.tif,train
TZ1470418,mappingafrica,v2.0.0,TZ,37.7815,-6.03249999999999,0.5474330357142857,0.4525669642857143,0.0,,mappingafrica-256/images/TZ1470418_2019-02.tif,mappingafrica-256/labels/TZ1470418_19616_2019-02.tif,train
TZ1477955,mappingafrica,v2.0.0,TZ,37.7815,-6.0525,0.0851004464285714,0.9148995535714286,0.0,,mappingafrica-256/images/TZ1477955_2023-05.tif,mappingafrica-256/labels/TZ1477955_34108_2023-05.tif,train
TZ1479693,mappingafrica,v2.0.0,TZ,37.0465,-6.0575,0.3336057079081632,0.6663942920918369,0.0,,mappingafrica-256/images/TZ1479693_2019-08.tif,mappingafrica-256/labels/TZ1479693_16618_2019-08.tif,train
TZ1483056,mappingafrica,v2.0.0,TZ,34.9915,-6.0675,0.987205038265306,0.0127949617346939,0.0,,mappingafrica-256/images/TZ1483056_2023-10.tif,mappingafrica-256/labels/TZ1483056_38698_2023-10.tif,train
TZ1486789,mappingafrica,v2.0.0,TZ,34.7615,-6.07749999999999,0.3973214285714285,0.6026785714285715,0.0,,mappingafrica-256/images/TZ1486789_2018-08.tif,mappingafrica-256/labels/TZ1486789_20473_2018-08.tif,train
TZ1501920,mappingafrica,v2.0.0,TZ,34.7965,-6.1175,0.9694874043367347,0.0305125956632652,0.0,,mappingafrica-256/images/TZ1501920_2021-09.tif,mappingafrica-256/labels/TZ1501920_33245_2021-09.tif,test
TZ1503988,mappingafrica,v2.0.0,TZ,35.6715,-6.1225,0.2951411033163265,0.7048588966836735,0.0,,mappingafrica-256/images/TZ1503988_2021-09.tif,mappingafrica-256/labels/TZ1503988_28808_2021-09.tif,train
TZ1511677,mappingafrica,v2.0.0,TZ,36.1465,-6.14249999999999,0.5134327168367347,0.4865672831632652,0.0,,mappingafrica-256/images/TZ1511677_2021-09.tif,mappingafrica-256/labels/TZ1511677_15599_2021-09.tif,train
TZ1526962,mappingafrica,v2.0.0,TZ,36.1165,-6.1825,0.1968271683673469,0.8031728316326531,0.0,,mappingafrica-256/images/TZ1526962_2022-09.tif,mappingafrica-256/labels/TZ1526962_25748_2022-09.tif,train
TZ1534390,mappingafrica,v2.0.0,TZ,34.8865,-6.2025,0.6076610331632653,0.3923389668367347,0.0,,mappingafrica-256/images/TZ1534390_2023-10.tif,mappingafrica-256/labels/TZ1534390_27844_2023-10.tif,train
TZ1544365,mappingafrica,v2.0.0,TZ,36.6715,-6.2275,0.9026426977040816,0.0973573022959184,0.0,,mappingafrica-256/images/TZ1544365_2022-09.tif,mappingafrica-256/labels/TZ1544365_25752_2022-09.tif,train
TZ1549837,mappingafrica,v2.0.0,TZ,35.2115,-6.24249999999999,0.5968789859693877,0.4031210140306123,0.0,,mappingafrica-256/images/TZ1549837_2022-10.tif,mappingafrica-256/labels/TZ1549837_9130_2022-10.tif,train
TZ1557232,mappingafrica,v2.0.0,TZ,33.8665,-6.2625,0.834343112244898,0.165656887755102,0.0,,mappingafrica-256/images/TZ1557232_2017-08.tif,mappingafrica-256/labels/TZ1557232_25753_2017-08.tif,train
TZ1565139,mappingafrica,v2.0.0,TZ,35.2515,-6.2825,0.6891940369897959,0.3108059630102041,0.0,,mappingafrica-256/images/TZ1565139_2023-10.tif,mappingafrica-256/labels/TZ1565139_34776_2023-10.tif,train
TZ1567107,mappingafrica,v2.0.0,TZ,35.5915,-6.2875,0.1686662946428571,0.8313337053571429,0.0,,mappingafrica-256/images/TZ1567107_2017-08.tif,mappingafrica-256/labels/TZ1567107_29521_2017-08.tif,train
TZ1583983,mappingafrica,v2.0.0,TZ,34.8415,-6.3325,0.7439413265306123,0.2560586734693877,0.0,,mappingafrica-256/images/TZ1583983_2022-09.tif,mappingafrica-256/labels/TZ1583983_32294_2022-09.tif,train
TZ1586165,mappingafrica,v2.0.0,TZ,36.3565,-6.3375,0.7653858418367347,0.2346141581632652,0.0,,mappingafrica-256/images/TZ1586165_2023-09.tif,mappingafrica-256/labels/TZ1586165_35047_2023-09.tif,train
TZ1600718,mappingafrica,v2.0.0,TZ,33.8965,-6.37749999999999,0.4843550701530612,0.5156449298469388,0.0,,mappingafrica-256/images/TZ1600718_2017-08.tif,mappingafrica-256/labels/TZ1600718_6992_2017-08.tif,train
TZ1611476,mappingafrica,v2.0.0,TZ,31.2965,-6.40749999999999,0.3961057079081632,0.6038942920918369,0.0,,mappingafrica-256/images/TZ1611476_2017-08.tif,mappingafrica-256/labels/TZ1611476_18512_2017-08.tif,train
TZ1618957,mappingafrica,v2.0.0,TZ,31.1665,-6.4275,0.326789700255102,0.673210299744898,0.0,,mappingafrica-256/images/TZ1618957_2023-06.tif,mappingafrica-256/labels/TZ1618957_32383_2023-06.tif,train
TZ1619712,mappingafrica,v2.0.0,TZ,34.9415,-6.4275,0.3416772959183674,0.6583227040816326,0.0,,mappingafrica-256/images/TZ1619712_2021-09.tif,mappingafrica-256/labels/TZ1619712_9131_2021-09.tif,train
TZ1623687,mappingafrica,v2.0.0,TZ,36.0715,-6.43749999999999,0.2643096301020408,0.7356903698979592,0.0,,mappingafrica-256/images/TZ1623687_2019-08.tif,mappingafrica-256/labels/TZ1623687_5911_2019-08.tif,train
TZ1623960,mappingafrica,v2.0.0,TZ,37.4365,-6.4375,0.9176897321428572,0.0823102678571428,0.0,,mappingafrica-256/images/TZ1623960_2017-08.tif,mappingafrica-256/labels/TZ1623960_25761_2017-08.tif,train
TZ1623992,mappingafrica,v2.0.0,TZ,37.5965,-6.43749999999999,0.1020607461734693,0.8979392538265307,0.0,,mappingafrica-256/images/TZ1623992_2017-08.tif,mappingafrica-256/labels/TZ1623992_14591_2017-08.tif,train
TZ1629262,mappingafrica,v2.0.0,TZ,35.8815,-6.45249999999999,0.8991749043367347,0.1008250956632652,0.0,,mappingafrica-256/images/TZ1629262_2020-07.tif,mappingafrica-256/labels/TZ1629262_9133_2020-07.tif,train
TZ1631428,mappingafrica,v2.0.0,TZ,37.3115,-6.4575,0.6134207589285714,0.3865792410714286,0.0,,mappingafrica-256/images/TZ1631428_2021-06.tif,mappingafrica-256/labels/TZ1631428_15603_2021-06.tif,validate
TZ1636941,mappingafrica,v2.0.0,TZ,36.6965,-6.4725,0.2735570790816326,0.7264429209183674,0.0,,mappingafrica-256/images/TZ1636941_2019-08.tif,mappingafrica-256/labels/TZ1636941_32418_2019-08.tif,train
TZ1648135,mappingafrica,v2.0.0,TZ,36.4765,-6.5025,0.5574577487244898,0.4425422512755101,0.0,,mappingafrica-256/images/TZ1648135_2017-08.tif,mappingafrica-256/labels/TZ1648135_25766_2017-08.tif,train
TZ1648280,mappingafrica,v2.0.0,TZ,37.2015,-6.50249999999999,0.9734335140306124,0.0265664859693876,0.0,,mappingafrica-256/images/TZ1648280_2018-02.tif,mappingafrica-256/labels/TZ1648280_16622_2018-02.tif,train
TZ1661176,mappingafrica,v2.0.0,TZ,36.1115,-6.53749999999999,0.9254424426020408,0.0745575573979592,0.0,,mappingafrica-256/images/TZ1661176_2018-08.tif,mappingafrica-256/labels/TZ1661176_3209_2018-08.tif,train
TZ1669535,mappingafrica,v2.0.0,TZ,31.0515,-6.5625,0.6748046875,0.3251953125,0.0,,mappingafrica-256/images/TZ1669535_2019-08.tif,mappingafrica-256/labels/TZ1669535_28127_2019-08.tif,train
TZ1683813,mappingafrica,v2.0.0,TZ,36.7315,-6.5975,0.1611527423469387,0.8388472576530613,0.0,,mappingafrica-256/images/TZ1683813_2022-09.tif,mappingafrica-256/labels/TZ1683813_6994_2022-09.tif,train
TZ1686410,mappingafrica,v2.0.0,TZ,30.9465,-6.6075,0.7135483099489796,0.2864516900510204,0.0,,mappingafrica-256/images/TZ1686410_2023-06.tif,mappingafrica-256/labels/TZ1686410_28365_2023-06.tif,validate
TZ1688502,mappingafrica,v2.0.0,TZ,32.0215,-6.6125,0.618781887755102,0.381218112244898,0.0,,mappingafrica-256/images/TZ1688502_2022-11.tif,mappingafrica-256/labels/TZ1688502_1270_2022-11.tif,train
TZ1692889,mappingafrica,v2.0.0,TZ,35.1965,-6.6225,0.5418128188775511,0.4581871811224489,0.0,,mappingafrica-256/images/TZ1692889_2019-08.tif,mappingafrica-256/labels/TZ1692889_9134_2019-08.tif,train
TZ1696025,mappingafrica,v2.0.0,TZ,32.1065,-6.63249999999999,0.9412667410714286,0.0587332589285714,0.0,,mappingafrica-256/images/TZ1696025_2017-08.tif,mappingafrica-256/labels/TZ1696025_9135_2017-08.tif,train
TZ1721279,mappingafrica,v2.0.0,TZ,36.5115,-6.69749999999999,0.4642657844387755,0.5357342155612246,0.0,,mappingafrica-256/images/TZ1721279_2017-08.tif,mappingafrica-256/labels/TZ1721279_14594_2017-08.tif,train
TZ1748429,mappingafrica,v2.0.0,TZ,32.4865,-6.7725,0.6041932397959183,0.3958067602040817,0.0,,mappingafrica-256/images/TZ1748429_2018-08.tif,mappingafrica-256/labels/TZ1748429_101168_2018-08.tif,train
TZ1752849,mappingafrica,v2.0.0,TZ,36.0015,-6.78249999999999,0.0599091198979591,0.9400908801020408,0.0,,mappingafrica-256/images/TZ1752849_2019-08.tif,mappingafrica-256/labels/TZ1752849_20478_2019-08.tif,train
TZ1770600,mappingafrica,v2.0.0,TZ,32.1115,-6.8325,0.5472138073979592,0.4527861926020408,0.0,,mappingafrica-256/images/TZ1770600_2017-08.tif,mappingafrica-256/labels/TZ1770600_31948_2017-08.tif,train
TZ1776174,mappingafrica,v2.0.0,TZ,32.1665,-6.8475,0.6491749043367347,0.3508250956632652,0.0,,mappingafrica-256/images/TZ1776174_2017-08.tif,mappingafrica-256/labels/TZ1776174_25788_2017-08.tif,validate
TZ1794531,mappingafrica,v2.0.0,TZ,30.5565,-6.89749999999999,0.3595145089285714,0.6404854910714286,0.0,,mappingafrica-256/images/TZ1794531_2020-07.tif,mappingafrica-256/labels/TZ1794531_6996_2020-07.tif,validate
TZ1797554,mappingafrica,v2.0.0,TZ,36.3165,-6.9025,0.2977917729591837,0.7022082270408163,0.0,,mappingafrica-256/images/TZ1797554_2022-09.tif,mappingafrica-256/labels/TZ1797554_34576_2022-09.tif,train
TZ1798275,mappingafrica,v2.0.0,TZ,30.5565,-6.90749999999999,0.4465680803571428,0.5534319196428572,0.0,,mappingafrica-256/images/TZ1798275_2020-07.tif,mappingafrica-256/labels/TZ1798275_15605_2020-07.tif,train
TZ1810521,mappingafrica,v2.0.0,TZ,35.7415,-6.9375,0.6165098852040817,0.3834901147959183,0.0,,mappingafrica-256/images/TZ1810521_2023-06.tif,mappingafrica-256/labels/TZ1810521_35103_2023-06.tif,train
TZ1849833,mappingafrica,v2.0.0,TZ,36.5265,-7.0425,0.2733777104591837,0.7266222895408163,0.0,,mappingafrica-256/images/TZ1849833_2017-08.tif,mappingafrica-256/labels/TZ1849833_29992_2017-08.tif,train
TZ1894256,mappingafrica,v2.0.0,TZ,36.3065,-7.1625,0.2138671875,0.7861328125,0.0,,mappingafrica-256/images/TZ1894256_2018-08.tif,mappingafrica-256/labels/TZ1894256_30061_2018-08.tif,train
TZ1980427,mappingafrica,v2.0.0,TZ,33.2715,-7.4025,0.0221420599489795,0.9778579400510204,0.0,,mappingafrica-256/images/TZ1980427_2020-07.tif,mappingafrica-256/labels/TZ1980427_10220_2020-07.tif,train
TZ2015562,mappingafrica,v2.0.0,TZ,31.1215,-7.5025,0.948860012755102,0.0511399872448979,0.0,,mappingafrica-256/images/TZ2015562_2022-11.tif,mappingafrica-256/labels/TZ2015562_40498_2022-11.tif,train
TZ2041172,mappingafrica,v2.0.0,TZ,35.7565,-7.57249999999999,0.4879823022959184,0.5120176977040816,0.0,,mappingafrica-256/images/TZ2041172_2018-08.tif,mappingafrica-256/labels/TZ2041172_8036_2018-08.tif,validate
TZ2047281,mappingafrica,v2.0.0,TZ,31.1815,-7.59249999999999,0.4481823979591837,0.5518176020408163,0.0,,mappingafrica-256/images/TZ2047281_2018-08.tif,mappingafrica-256/labels/TZ2047281_3762_2018-08.tif,train
TZ2053407,mappingafrica,v2.0.0,TZ,35.5065,-7.6075,0.7571149553571429,0.2428850446428571,0.0,,mappingafrica-256/images/TZ2053407_2017-08.tif,mappingafrica-256/labels/TZ2053407_7002_2017-08.tif,train
TZ2064810,mappingafrica,v2.0.0,TZ,31.2265,-7.64249999999999,0.6300621811224489,0.369937818877551,0.0,,mappingafrica-256/images/TZ2064810_2019-08.tif,mappingafrica-256/labels/TZ2064810_100510_2019-08.tif,train
TZ2109991,mappingafrica,v2.0.0,TZ,36.9915,-7.7675,0.9468271683673468,0.0531728316326531,0.0,,mappingafrica-256/images/TZ2109991_2021-10.tif,mappingafrica-256/labels/TZ2109991_31422_2021-10.tif,validate
TZ2119543,mappingafrica,v2.0.0,TZ,31.3065,-7.7975,0.0327646683673469,0.9672353316326532,0.0,,mappingafrica-256/images/TZ2119543_2019-08.tif,mappingafrica-256/labels/TZ2119543_25829_2019-08.tif,train
TZ2128820,mappingafrica,v2.0.0,TZ,32.9465,-7.8225,0.2594866071428571,0.7405133928571429,0.0,,mappingafrica-256/images/TZ2128820_2017-08.tif,mappingafrica-256/labels/TZ2128820_28526_2017-08.tif,train
TZ2141082,mappingafrica,v2.0.0,TZ,31.2215,-7.8575,0.9137436224489796,0.0862563775510204,0.0,,mappingafrica-256/images/TZ2141082_2021-11.tif,mappingafrica-256/labels/TZ2141082_19629_2021-11.tif,train
TZ2153010,mappingafrica,v2.0.0,TZ,36.9515,-7.8875,0.4530253507653061,0.5469746492346939,0.0,,mappingafrica-256/images/TZ2153010_2021-10.tif,mappingafrica-256/labels/TZ2153010_5922_2021-10.tif,train
TZ2168879,mappingafrica,v2.0.0,TZ,35.7215,-7.9325,0.6819395727040817,0.3180604272959183,0.0,,mappingafrica-256/images/TZ2168879_2022-09.tif,mappingafrica-256/labels/TZ2168879_10222_2022-09.tif,train
TZ2176765,mappingafrica,v2.0.0,TZ,39.3515,-7.95249999999999,0.4658601721938775,0.5341398278061225,0.0,,mappingafrica-256/images/TZ2176765_2022-10.tif,mappingafrica-256/labels/TZ2176765_2088_2022-10.tif,train
TZ2182304,mappingafrica,v2.0.0,TZ,31.2765,-7.9725,0.9473453443877552,0.0526546556122448,0.0,,mappingafrica-256/images/TZ2182304_2019-08.tif,mappingafrica-256/labels/TZ2182304_10223_2019-08.tif,test
TZ2185718,mappingafrica,v2.0.0,TZ,39.3965,-7.97749999999999,0.4005899234693877,0.5994100765306123,0.0,,mappingafrica-256/images/TZ2185718_2021-10.tif,mappingafrica-256/labels/TZ2185718_14606_2021-10.tif,train
TZ2189173,mappingafrica,v2.0.0,TZ,38.7465,-7.9875,0.2781210140306122,0.7218789859693878,0.0,,mappingafrica-256/images/TZ2189173_2023-10.tif,mappingafrica-256/labels/TZ2189173_32412_2023-10.tif,train
TZ2192803,mappingafrica,v2.0.0,TZ,39.0765,-7.9975,0.5187340561224489,0.481265943877551,0.0,,mappingafrica-256/images/TZ2192803_2022-10.tif,mappingafrica-256/labels/TZ2192803_7003_2022-10.tif,train
TZ2208895,mappingafrica,v2.0.0,TZ,31.6615,-8.04749999999999,0.2824657206632653,0.7175342793367347,0.0,,mappingafrica-256/images/TZ2208895_2018-08.tif,mappingafrica-256/labels/TZ2208895_7004_2018-08.tif,train
TZ2231522,mappingafrica,v2.0.0,TZ,31.5365,-8.1125,0.5388831313775511,0.4611168686224489,0.0,,mappingafrica-256/images/TZ2231522_2021-06.tif,mappingafrica-256/labels/TZ2231522_26346_2021-06.tif,train
TZ2234993,mappingafrica,v2.0.0,TZ,31.5565,-8.1225,0.6913464604591837,0.3086535395408163,0.0,,mappingafrica-256/images/TZ2234993_2023-06.tif,mappingafrica-256/labels/TZ2234993_36655_2023-06.tif,validate
TZ2237060,mappingafrica,v2.0.0,TZ,33.2315,-8.1275,0.4752670599489796,0.5247329400510203,0.0,,mappingafrica-256/images/TZ2237060_2023-06.tif,mappingafrica-256/labels/TZ2237060_35111_2023-06.tif,test
TZ2260189,mappingafrica,v2.0.0,TZ,36.6615,-8.1925,0.9802495216836736,0.0197504783163263,0.0,,mappingafrica-256/images/TZ2260189_2023-10.tif,mappingafrica-256/labels/TZ2260189_35086_2023-10.tif,train
TZ2264324,mappingafrica,v2.0.0,TZ,31.5115,-8.2075,0.6497130102040817,0.3502869897959183,0.0,,mappingafrica-256/images/TZ2264324_2020-07.tif,mappingafrica-256/labels/TZ2264324_16633_2020-07.tif,train
TZ2279753,mappingafrica,v2.0.0,TZ,31.5215,-8.25249999999999,0.5833466198979592,0.4166533801020408,0.0,,mappingafrica-256/images/TZ2279753_2020-07.tif,mappingafrica-256/labels/TZ2279753_5925_2020-07.tif,train
TZ2311065,mappingafrica,v2.0.0,TZ,34.8765,-8.34249999999999,0.4898158482142857,0.5101841517857143,0.0,,mappingafrica-256/images/TZ2311065_2021-09.tif,mappingafrica-256/labels/TZ2311065_19635_2021-09.tif,train
TZ2314695,mappingafrica,v2.0.0,TZ,36.1415,-8.3525,0.9657605229591836,0.0342394770408164,0.0,,mappingafrica-256/images/TZ2314695_2019-08.tif,mappingafrica-256/labels/TZ2314695_33557_2019-08.tif,train
TZ2323990,mappingafrica,v2.0.0,TZ,31.9615,-8.3825,0.9674545599489796,0.0325454400510204,0.0,,mappingafrica-256/images/TZ2323990_2019-08.tif,mappingafrica-256/labels/TZ2323990_28130_2019-08.tif,train
TZ2337499,mappingafrica,v2.0.0,TZ,32.0865,-8.4225,0.6599569515306123,0.3400430484693877,0.0,,mappingafrica-256/images/TZ2337499_2017-08.tif,mappingafrica-256/labels/TZ2337499_26442_2017-08.tif,test
TZ2359764,mappingafrica,v2.0.0,TZ,34.4415,-8.4875,0.1846301020408163,0.8153698979591837,0.0,,mappingafrica-256/images/TZ2359764_2022-07.tif,mappingafrica-256/labels/TZ2359764_38464_2022-07.tif,test
TZ2363506,mappingafrica,v2.0.0,TZ,36.4465,-8.4975,0.6202965561224489,0.379703443877551,0.0,,mappingafrica-256/images/TZ2363506_2017-08.tif,mappingafrica-256/labels/TZ2363506_10234_2017-08.tif,validate
TZ2366519,mappingafrica,v2.0.0,TZ,34.8065,-8.50749999999999,0.6252989477040817,0.3747010522959183,0.0,,mappingafrica-256/images/TZ2366519_2021-07.tif,mappingafrica-256/labels/TZ2366519_4872_2021-07.tif,train
TZ2382579,mappingafrica,v2.0.0,TZ,31.5665,-8.55749999999999,0.3210100446428571,0.6789899553571429,0.0,,mappingafrica-256/images/TZ2382579_2018-08.tif,mappingafrica-256/labels/TZ2382579_20490_2018-08.tif,train
TZ2385232,mappingafrica,v2.0.0,TZ,36.4965,-8.5625,0.5752152423469388,0.4247847576530612,0.0,,mappingafrica-256/images/TZ2385232_2022-10.tif,mappingafrica-256/labels/TZ2385232_25875_2022-10.tif,train
TZ2396371,mappingafrica,v2.0.0,TZ,34.1215,-8.5975,0.9233498086734694,0.0766501913265306,0.0,,mappingafrica-256/images/TZ2396371_2021-07.tif,mappingafrica-256/labels/TZ2396371_28999_2021-07.tif,train
TZ2402676,mappingafrica,v2.0.0,TZ,33.0715,-8.61749999999999,0.9542211415816326,0.0457788584183673,0.0,,mappingafrica-256/images/TZ2402676_2021-07.tif,mappingafrica-256/labels/TZ2402676_18525_2021-07.tif,train
TZ2414036,mappingafrica,v2.0.0,TZ,34.1615,-8.6525,0.4851921237244898,0.5148078762755102,0.0,,mappingafrica-256/images/TZ2414036_2018-08.tif,mappingafrica-256/labels/TZ2414036_8043_2018-08.tif,train
TZ2427616,mappingafrica,v2.0.0,TZ,39.2365,-8.6925,0.0849210778061224,0.9150789221938777,0.0,,mappingafrica-256/images/TZ2427616_2018-08.tif,mappingafrica-256/labels/TZ2427616_35396_2018-08.tif,train
TZ2428242,mappingafrica,v2.0.0,TZ,34.5665,-8.6975,0.7180723852040817,0.2819276147959183,0.0,,mappingafrica-256/images/TZ2428242_2020-07.tif,mappingafrica-256/labels/TZ2428242_25882_2020-07.tif,test
TZ2431702,mappingafrica,v2.0.0,TZ,36.2715,-8.7075,0.9845742984693876,0.0154257015306124,0.0,,mappingafrica-256/images/TZ2431702_2018-08.tif,mappingafrica-256/labels/TZ2431702_30881_2018-08.tif,train
TZ2433223,mappingafrica,v2.0.0,TZ,36.0765,-8.7125,0.9260204081632653,0.0739795918367347,0.0,,mappingafrica-256/images/TZ2433223_2023-10.tif,mappingafrica-256/labels/TZ2433223_37837_2023-10.tif,train
TZ2448677,mappingafrica,v2.0.0,TZ,35.0815,-8.7625,0.6705596301020408,0.3294403698979592,0.0,,mappingafrica-256/images/TZ2448677_2019-08.tif,mappingafrica-256/labels/TZ2448677_10233_2019-08.tif,train
TZ2463760,mappingafrica,v2.0.0,TZ,31.7615,-8.8125,0.2648875956632653,0.7351124043367347,0.0,,mappingafrica-256/images/TZ2463760_2023-06.tif,mappingafrica-256/labels/TZ2463760_34490_2023-06.tif,train
TZ2471898,mappingafrica,v2.0.0,TZ,32.9365,-8.83749999999999,0.8502471301020408,0.1497528698979592,0.0,,mappingafrica-256/images/TZ2471898_2017-08.tif,mappingafrica-256/labels/TZ2471898_10236_2017-08.tif,train
TZ2475651,mappingafrica,v2.0.0,TZ,35.9015,-8.8475,0.9794921875,0.0205078125,0.0,,mappingafrica-256/images/TZ2475651_2020-10.tif,mappingafrica-256/labels/TZ2475651_25893_2020-10.tif,train
TZ2485149,mappingafrica,v2.0.0,TZ,36.1315,-8.8775,0.6183235012755102,0.3816764987244898,0.0,,mappingafrica-256/images/TZ2485149_2023-10.tif,mappingafrica-256/labels/TZ2485149_35112_2023-10.tif,validate
TZ2497003,mappingafrica,v2.0.0,TZ,33.6015,-8.9175,0.6007852359693877,0.3992147640306123,0.0,,mappingafrica-256/images/TZ2497003_2022-09.tif,mappingafrica-256/labels/TZ2497003_28318_2022-09.tif,train
TZ2501755,mappingafrica,v2.0.0,TZ,34.5365,-8.93249999999999,0.6928611288265306,0.3071388711734694,0.0,,mappingafrica-256/images/TZ2501755_2021-09.tif,mappingafrica-256/labels/TZ2501755_11287_2021-09.tif,test
TZ2504532,mappingafrica,v2.0.0,TZ,33.2615,-8.9425,0.7675382653061225,0.2324617346938775,0.0,,mappingafrica-256/images/TZ2504532_2019-08.tif,mappingafrica-256/labels/TZ2504532_7010_2019-08.tif,validate
TZ2529377,mappingafrica,v2.0.0,TZ,36.2065,-9.0225,0.9093590561224488,0.0906409438775511,0.0,,mappingafrica-256/images/TZ2529377_2023-10.tif,mappingafrica-256/labels/TZ2529377_27869_2023-10.tif,validate
TZ2538442,mappingafrica,v2.0.0,TZ,36.1765,-9.05249999999999,0.3694196428571428,0.6305803571428572,0.0,,mappingafrica-256/images/TZ2538442_2021-10.tif,mappingafrica-256/labels/TZ2538442_13572_2021-10.tif,test
TZ2602786,mappingafrica,v2.0.0,TZ,34.4565,-9.2775,0.6180245535714286,0.3819754464285714,0.0,,mappingafrica-256/images/TZ2602786_2017-08.tif,mappingafrica-256/labels/TZ2602786_26495_2017-08.tif,train
TZ2693335,mappingafrica,v2.0.0,TZ,33.9515,-9.6275,0.8881736288265306,0.1118263711734693,0.0,,mappingafrica-256/images/TZ2693335_2019-08.tif,mappingafrica-256/labels/TZ2693335_25910_2019-08.tif,train
TZ2881773,mappingafrica,v2.0.0,TZ,39.4765,-10.4725,0.2616390306122449,0.7383609693877551,0.0,,mappingafrica-256/images/TZ2881773_2019-08.tif,mappingafrica-256/labels/TZ2881773_11292_2019-08.tif,train
TZ2893908,mappingafrica,v2.0.0,TZ,35.7215,-10.5275,0.5250916772959183,0.4749083227040817,0.0,,mappingafrica-256/images/TZ2893908_2019-08.tif,mappingafrica-256/labels/TZ2893908_25920_2019-08.tif,train
TZ2902710,mappingafrica,v2.0.0,TZ,38.9765,-10.5625,0.5049226721938775,0.4950773278061224,0.0,,mappingafrica-256/images/TZ2902710_2020-02.tif,mappingafrica-256/labels/TZ2902710_31569_2020-02.tif,train
TZ2905600,mappingafrica,v2.0.0,TZ,36.0565,-10.5775,0.2524314413265306,0.7475685586734694,0.0,,mappingafrica-256/images/TZ2905600_2017-08.tif,mappingafrica-256/labels/TZ2905600_8048_2017-08.tif,train
TZ2910725,mappingafrica,v2.0.0,TZ,38.8615,-10.5975,0.032485650510204,0.967514349489796,0.0,,mappingafrica-256/images/TZ2910725_2017-02.tif,mappingafrica-256/labels/TZ2910725_30122_2017-02.tif,train
TZ2925323,mappingafrica,v2.0.0,TZ,38.7965,-10.6625,0.869758450255102,0.130241549744898,0.0,,mappingafrica-256/images/TZ2925323_2018-08.tif,mappingafrica-256/labels/TZ2925323_27876_2018-08.tif,train
TZ2935587,mappingafrica,v2.0.0,TZ,34.7615,-10.7125,0.3759964923469387,0.6240035076530612,0.0,,mappingafrica-256/images/TZ2935587_2019-08.tif,mappingafrica-256/labels/TZ2935587_36926_2019-08.tif,train
TZ2944802,mappingafrica,v2.0.0,TZ,37.1215,-10.7525,0.4057118941326531,0.5942881058673469,0.0,,mappingafrica-256/images/TZ2944802_2018-08.tif,mappingafrica-256/labels/TZ2944802_33782_2018-08.tif,train
TZ2946332,mappingafrica,v2.0.0,TZ,39.3465,-10.7575,0.1992984693877551,0.8007015306122449,0.0,,mappingafrica-256/images/TZ2946332_2019-08.tif,mappingafrica-256/labels/TZ2946332_28648_2019-08.tif,train
TZ2953041,mappingafrica,v2.0.0,TZ,35.0665,-10.7925,0.1689652423469387,0.8310347576530613,0.0,,mappingafrica-256/images/TZ2953041_2019-08.tif,mappingafrica-256/labels/TZ2953041_34988_2019-08.tif,train
TZ2974149,mappingafrica,v2.0.0,TZ,34.8865,-10.8925,0.5485291772959183,0.4514708227040817,0.0,,mappingafrica-256/images/TZ2974149_2017-08.tif,mappingafrica-256/labels/TZ2974149_10244_2017-08.tif,validate
TZ3012777,mappingafrica,v2.0.0,TZ,39.3215,-11.0825,0.6144571109693877,0.3855428890306123,0.0,,mappingafrica-256/images/TZ3012777_2017-02.tif,mappingafrica-256/labels/TZ3012777_14619_2017-02.tif,train
TZ3016628,mappingafrica,v2.0.0,TZ,34.9015,-11.1075,0.3052853954081632,0.6947146045918369,0.0,,mappingafrica-256/images/TZ3016628_2021-09.tif,mappingafrica-256/labels/TZ3016628_13578_2021-09.tif,validate
TZ3022070,mappingafrica,v2.0.0,TZ,38.6365,-11.1325,0.0243144132653061,0.975685586734694,0.0,,mappingafrica-256/images/TZ3022070_2021-09.tif,mappingafrica-256/labels/TZ3022070_32285_2021-09.tif,train
TZ3048055,mappingafrica,v2.0.0,TZ,34.9815,-11.2925,0.4096580038265306,0.5903419961734694,0.0,,mappingafrica-256/images/TZ3048055_2018-08.tif,mappingafrica-256/labels/TZ3048055_11294_2018-08.tif,train
TZ3053610,mappingafrica,v2.0.0,TZ,35.0565,-11.3325,0.918327487244898,0.081672512755102,0.0,,mappingafrica-256/images/TZ3053610_2021-09.tif,mappingafrica-256/labels/TZ3053610_26569_2021-09.tif,train
UG0019515,mappingafrica,v2.0.0,UG,31.8365,3.6575,0.0266661352040816,0.9733338647959184,0.0,,mappingafrica-256/images/UG0019515_2018-02.tif,mappingafrica-256/labels/UG0019515_34316_2018-02.tif,train
UG0032735,mappingafrica,v2.0.0,UG,31.4715,3.5575,0.1483577806122449,0.8516422193877551,0.0,,mappingafrica-256/images/UG0032735_2021-04.tif,mappingafrica-256/labels/UG0032735_13580_2021-04.tif,train
UG0034415,mappingafrica,v2.0.0,UG,33.0915,3.54750000000001,0.0137316645408163,0.9862683354591836,0.0,,mappingafrica-256/images/UG0034415_2022-04.tif,mappingafrica-256/labels/UG0034415_4885_2022-04.tif,train
UG0058207,mappingafrica,v2.0.0,UG,32.9465,3.3775,0.9798907844387756,0.0201092155612243,0.0,,mappingafrica-256/images/UG0058207_2021-04.tif,mappingafrica-256/labels/UG0058207_25944_2021-04.tif,train
UG0058864,mappingafrica,v2.0.0,UG,32.7315,3.3725,0.1624681122448979,0.8375318877551021,0.0,,mappingafrica-256/images/UG0058864_2018-02.tif,mappingafrica-256/labels/UG0058864_19649_2018-02.tif,train
UG0067214,mappingafrica,v2.0.0,UG,32.1165,3.31250000000001,0.1543765943877551,0.8456234056122449,0.0,,mappingafrica-256/images/UG0067214_2019-02.tif,mappingafrica-256/labels/UG0067214_15622_2019-02.tif,test
UG0087639,mappingafrica,v2.0.0,UG,32.8515,3.1725,0.5642538265306123,0.4357461734693877,0.0,,mappingafrica-256/images/UG0087639_2019-02.tif,mappingafrica-256/labels/UG0087639_34819_2019-02.tif,validate
UG0097786,mappingafrica,v2.0.0,UG,31.3565,3.10250000000001,0.0394212372448979,0.960578762755102,0.0,,mappingafrica-256/images/UG0097786_2022-04.tif,mappingafrica-256/labels/UG0097786_19651_2022-04.tif,train
UG0107103,mappingafrica,v2.0.0,UG,32.3665,3.0425,0.4476243622448979,0.5523756377551021,0.0,,mappingafrica-256/images/UG0107103_2023-04.tif,mappingafrica-256/labels/UG0107103_35814_2023-04.tif,train
UG0116347,mappingafrica,v2.0.0,UG,33.0865,2.9825,0.8339245854591837,0.1660754145408163,0.0,,mappingafrica-256/images/UG0116347_2022-04.tif,mappingafrica-256/labels/UG0116347_20505_2022-04.tif,train
UG0118420,mappingafrica,v2.0.0,UG,32.1715,2.9675,0.6719746492346939,0.3280253507653061,0.0,,mappingafrica-256/images/UG0118420_2023-03.tif,mappingafrica-256/labels/UG0118420_30670_2023-03.tif,train
UG0122350,mappingafrica,v2.0.0,UG,33.0765,2.9425,0.5490473533163265,0.4509526466836735,0.0,,mappingafrica-256/images/UG0122350_2022-04.tif,mappingafrica-256/labels/UG0122350_10249_2022-04.tif,train
UG0124085,mappingafrica,v2.0.0,UG,34.2665,2.9325,0.2405731823979592,0.7594268176020408,0.0,,mappingafrica-256/images/UG0124085_2022-10.tif,mappingafrica-256/labels/UG0124085_16643_2022-10.tif,train
UG0142912,mappingafrica,v2.0.0,UG,33.1065,2.8075,0.4172911352040816,0.5827088647959184,0.0,,mappingafrica-256/images/UG0142912_2017-08.tif,mappingafrica-256/labels/UG0142912_14628_2017-08.tif,train
UG0153694,mappingafrica,v2.0.0,UG,31.8715,2.7375,0.6176458864795918,0.3823541135204081,0.0,,mappingafrica-256/images/UG0153694_2017-02.tif,mappingafrica-256/labels/UG0153694_28890_2017-02.tif,validate
UG0157922,mappingafrica,v2.0.0,UG,33.1765,2.71250000000001,0.2936065051020408,0.7063934948979592,0.0,,mappingafrica-256/images/UG0157922_2022-09.tif,mappingafrica-256/labels/UG0157922_20509_2022-09.tif,train
UG0158307,mappingafrica,v2.0.0,UG,31.1265,2.7075,0.3220065369897959,0.677993463010204,0.0,,mappingafrica-256/images/UG0158307_2018-08.tif,mappingafrica-256/labels/UG0158307_10251_2018-08.tif,train
UG0187969,mappingafrica,v2.0.0,UG,33.0765,2.5275,0.6159119897959183,0.3840880102040817,0.0,,mappingafrica-256/images/UG0187969_2022-09.tif,mappingafrica-256/labels/UG0187969_14633_2022-09.tif,train
UG0194515,mappingafrica,v2.0.0,UG,32.4315,2.4875,0.0610650510204081,0.938934948979592,0.0,,mappingafrica-256/images/UG0194515_2020-09.tif,mappingafrica-256/labels/UG0194515_8060_2020-09.tif,train
UG0205395,mappingafrica,v2.0.0,UG,32.4165,2.42250000000001,0.2728993941326531,0.7271006058673469,0.0,,mappingafrica-256/images/UG0205395_2020-09.tif,mappingafrica-256/labels/UG0205395_7026_2020-09.tif,train
UG0220493,mappingafrica,v2.0.0,UG,32.3465,2.3275,0.7502590880102041,0.2497409119897958,0.0,,mappingafrica-256/images/UG0220493_2019-02.tif,mappingafrica-256/labels/UG0220493_25977_2019-02.tif,train
UG0242503,mappingafrica,v2.0.0,UG,33.0665,2.1825,0.8288823341836735,0.1711176658163264,0.0,,mappingafrica-256/images/UG0242503_2018-08.tif,mappingafrica-256/labels/UG0242503_31796_2018-08.tif,train
UG0246261,mappingafrica,v2.0.0,UG,33.4865,2.1575,0.6739875637755102,0.3260124362244898,0.0,,mappingafrica-256/images/UG0246261_2020-09.tif,mappingafrica-256/labels/UG0246261_29956_2020-09.tif,train
UG0263189,mappingafrica,v2.0.0,UG,33.4065,2.0425,0.8276466836734694,0.1723533163265306,0.0,,mappingafrica-256/images/UG0263189_2023-09.tif,mappingafrica-256/labels/UG0263189_29954_2023-09.tif,train
UG0267471,mappingafrica,v2.0.0,UG,32.3865,2.0125,0.3447863520408163,0.6552136479591837,0.0,,mappingafrica-256/images/UG0267471_2018-08.tif,mappingafrica-256/labels/UG0267471_17601_2018-08.tif,validate
UG0267721,mappingafrica,v2.0.0,UG,33.6365,2.0125,0.6713169642857143,0.3286830357142857,0.0,,mappingafrica-256/images/UG0267721_2022-09.tif,mappingafrica-256/labels/UG0267721_25993_2022-09.tif,train
UG0272301,mappingafrica,v2.0.0,UG,33.9565,1.9825,0.4570910395408163,0.5429089604591837,0.0,,mappingafrica-256/images/UG0272301_2019-08.tif,mappingafrica-256/labels/UG0272301_37436_2019-08.tif,train
UG0282106,mappingafrica,v2.0.0,UG,33.1115,1.9175,0.6756218112244898,0.3243781887755101,0.0,,mappingafrica-256/images/UG0282106_2021-09.tif,mappingafrica-256/labels/UG0282106_36448_2021-09.tif,train
UG0286058,mappingafrica,v2.0.0,UG,33.3865,1.8925,0.4862484056122449,0.5137515943877551,0.0,,mappingafrica-256/images/UG0286058_2023-07.tif,mappingafrica-256/labels/UG0286058_30270_2023-07.tif,train
UG0287842,mappingafrica,v2.0.0,UG,34.4915,1.8825,0.4409279336734694,0.5590720663265306,0.0,,mappingafrica-256/images/UG0287842_2020-12.tif,mappingafrica-256/labels/UG0287842_31821_2020-12.tif,test
UG0293566,mappingafrica,v2.0.0,UG,31.7265,1.8425,0.8748206313775511,0.1251793686224489,0.0,,mappingafrica-256/images/UG0293566_2020-12.tif,mappingafrica-256/labels/UG0293566_26002_2020-12.tif,train
UG0303202,mappingafrica,v2.0.0,UG,32.4465,1.78250000000001,0.2693917410714285,0.7306082589285715,0.0,,mappingafrica-256/images/UG0303202_2019-08.tif,mappingafrica-256/labels/UG0303202_15629_2019-08.tif,train
UG0303508,mappingafrica,v2.0.0,UG,33.9765,1.78250000000001,0.7939253826530612,0.2060746173469387,0.0,,mappingafrica-256/images/UG0303508_2017-08.tif,mappingafrica-256/labels/UG0303508_100524_2017-08.tif,train
UG0307356,mappingafrica,v2.0.0,UG,33.3165,1.7575,0.6934789540816326,0.3065210459183674,0.0,,mappingafrica-256/images/UG0307356_2022-09.tif,mappingafrica-256/labels/UG0307356_36896_2022-09.tif,train
UG0316150,mappingafrica,v2.0.0,UG,33.0915,1.7025,0.9257413903061223,0.0742586096938776,0.0,,mappingafrica-256/images/UG0316150_2021-09.tif,mappingafrica-256/labels/UG0316150_101181_2021-09.tif,train
UG0320056,mappingafrica,v2.0.0,UG,32.3015,1.6775,0.3313337053571428,0.6686662946428572,0.0,,mappingafrica-256/images/UG0320056_2020-12.tif,mappingafrica-256/labels/UG0320056_18553_2020-12.tif,train
UG0323994,mappingafrica,v2.0.0,UG,31.5665,1.6525,0.4491390306122449,0.5508609693877551,0.0,,mappingafrica-256/images/UG0323994_2019-02.tif,mappingafrica-256/labels/UG0323994_4898_2019-02.tif,train
UG0334371,mappingafrica,v2.0.0,UG,34.0315,1.5925,0.9800103635204082,0.0199896364795918,0.0,,mappingafrica-256/images/UG0334371_2023-07.tif,mappingafrica-256/labels/UG0334371_34930_2023-07.tif,train
UG0335516,mappingafrica,v2.0.0,UG,31.4665,1.5825,0.5397600446428571,0.4602399553571429,0.0,,mappingafrica-256/images/UG0335516_2022-12.tif,mappingafrica-256/labels/UG0335516_7035_2022-12.tif,train
UG0336030,mappingafrica,v2.0.0,UG,34.0365,1.5825,0.7011320153061225,0.2988679846938775,0.0,,mappingafrica-256/images/UG0336030_2020-07.tif,mappingafrica-256/labels/UG0336030_26010_2020-07.tif,test
UG0338999,mappingafrica,v2.0.0,UG,32.2915,1.56250000000001,0.0408960459183673,0.9591039540816328,0.0,,mappingafrica-256/images/UG0338999_2020-02.tif,mappingafrica-256/labels/UG0338999_11840_2020-02.tif,test
UG0343454,mappingafrica,v2.0.0,UG,33.9115,1.5375,0.9541214923469388,0.0458785076530612,0.0,,mappingafrica-256/images/UG0343454_2019-08.tif,mappingafrica-256/labels/UG0343454_100526_2019-08.tif,train
UG0346866,mappingafrica,v2.0.0,UG,34.4265,1.51750000000001,0.6268734056122449,0.3731265943877551,0.0,,mappingafrica-256/images/UG0346866_2020-02.tif,mappingafrica-256/labels/UG0346866_13597_2020-02.tif,validate
UG0369218,mappingafrica,v2.0.0,UG,33.5815,1.3825,0.0080516581632653,0.9919483418367347,0.0,,mappingafrica-256/images/UG0369218_2022-05.tif,mappingafrica-256/labels/UG0369218_35546_2022-05.tif,train
UG0369571,mappingafrica,v2.0.0,UG,31.1465,1.3775,0.459602200255102,0.540397799744898,0.0,,mappingafrica-256/images/UG0369571_2017-08.tif,mappingafrica-256/labels/UG0369571_9172_2017-08.tif,validate
UG0371623,mappingafrica,v2.0.0,UG,32.9915,1.36750000000001,0.2839006696428571,0.7160993303571429,0.0,,mappingafrica-256/images/UG0371623_2017-08.tif,mappingafrica-256/labels/UG0371623_16649_2017-08.tif,train
UG0385514,mappingafrica,v2.0.0,UG,34.2665,1.2875,0.4478635204081632,0.5521364795918369,0.0,,mappingafrica-256/images/UG0385514_2018-02.tif,mappingafrica-256/labels/UG0385514_19675_2018-02.tif,train
UG0386996,mappingafrica,v2.0.0,UG,33.0665,1.2775,0.2314054528061224,0.7685945471938775,0.0,,mappingafrica-256/images/UG0386996_2018-08.tif,mappingafrica-256/labels/UG0386996_11845_2018-08.tif,train
UG0398976,mappingafrica,v2.0.0,UG,32.4915,1.2075,0.1087372448979591,0.8912627551020409,0.0,,mappingafrica-256/images/UG0398976_2021-10.tif,mappingafrica-256/labels/UG0398976_26026_2021-10.tif,train
UG0410283,mappingafrica,v2.0.0,UG,33.0265,1.14250000000001,0.1018813775510204,0.8981186224489796,0.0,,mappingafrica-256/images/UG0410283_2020-10.tif,mappingafrica-256/labels/UG0410283_12537_2020-10.tif,test
UG0415448,mappingafrica,v2.0.0,UG,33.0065,1.1125,0.300422512755102,0.699577487244898,0.0,,mappingafrica-256/images/UG0415448_2018-08.tif,mappingafrica-256/labels/UG0415448_26032_2018-08.tif,train
UG0424235,mappingafrica,v2.0.0,UG,34.0865,1.06250000000001,0.0635961415816326,0.9364038584183674,0.0,,mappingafrica-256/images/UG0424235_2017-02.tif,mappingafrica-256/labels/UG0424235_19680_2017-02.tif,train
UG0433493,mappingafrica,v2.0.0,UG,33.4215,1.0075,0.7275789221938775,0.2724210778061224,0.0,,mappingafrica-256/images/UG0433493_2017-02.tif,mappingafrica-256/labels/UG0433493_26038_2017-02.tif,train
UG0436089,mappingafrica,v2.0.0,UG,33.6015,0.992500000000007,0.8067203443877551,0.1932796556122449,0.0,,mappingafrica-256/images/UG0436089_2017-02.tif,mappingafrica-256/labels/UG0436089_26039_2017-02.tif,train
UG0438740,mappingafrica,v2.0.0,UG,34.0165,0.977500000000006,0.9102359693877552,0.0897640306122448,0.0,,mappingafrica-256/images/UG0438740_2018-02.tif,mappingafrica-256/labels/UG0438740_21041_2018-02.tif,train
UG0440462,mappingafrica,v2.0.0,UG,34.0415,0.967500000000008,0.537109375,0.462890625,0.0,,mappingafrica-256/images/UG0440462_2017-02.tif,mappingafrica-256/labels/UG0440462_29435_2017-02.tif,train
UG0442525,mappingafrica,v2.0.0,UG,31.4765,0.952500000000008,0.4857700892857143,0.5142299107142857,0.0,,mappingafrica-256/images/UG0442525_2023-10.tif,mappingafrica-256/labels/UG0442525_32074_2023-10.tif,train
UG0444240,mappingafrica,v2.0.0,UG,31.4365,0.942500000000003,0.8757374043367347,0.1242625956632652,0.0,,mappingafrica-256/images/UG0444240_2021-10.tif,mappingafrica-256/labels/UG0444240_10263_2021-10.tif,train
UG0446544,mappingafrica,v2.0.0,UG,34.3265,0.9325,0.3715322066326531,0.6284677933673469,0.0,,mappingafrica-256/images/UG0446544_2022-05.tif,mappingafrica-256/labels/UG0446544_32026_2022-05.tif,train
UG0449083,mappingafrica,v2.0.0,UG,34.0965,0.9175,0.3011798469387755,0.6988201530612246,0.0,,mappingafrica-256/images/UG0449083_2020-02.tif,mappingafrica-256/labels/UG0449083_33731_2020-02.tif,train
UG0449631,mappingafrica,v2.0.0,UG,32.5265,0.9125,0.6303212691326531,0.3696787308673469,0.0,,mappingafrica-256/images/UG0449631_2023-05.tif,mappingafrica-256/labels/UG0449631_28407_2023-05.tif,train
UG0454965,mappingafrica,v2.0.0,UG,33.1015,0.882500000000007,0.1689054528061224,0.8310945471938775,0.0,,mappingafrica-256/images/UG0454965_2022-05.tif,mappingafrica-256/labels/UG0454965_12782_2022-05.tif,train
UG0457772,mappingafrica,v2.0.0,UG,33.8965,0.867500000000007,0.0844626913265306,0.9155373086734694,0.0,,mappingafrica-256/images/UG0457772_2017-02.tif,mappingafrica-256/labels/UG0457772_15636_2017-02.tif,train
UG0460453,mappingafrica,v2.0.0,UG,33.9965,0.852500000000006,0.6795280612244898,0.3204719387755101,0.0,,mappingafrica-256/images/UG0460453_2022-05.tif,mappingafrica-256/labels/UG0460453_15637_2022-05.tif,train
UG0463953,mappingafrica,v2.0.0,UG,33.7065,0.832500000000003,0.9664779974489796,0.0335220025510204,0.0,,mappingafrica-256/images/UG0463953_2021-10.tif,mappingafrica-256/labels/UG0463953_8072_2021-10.tif,train
UG0467311,mappingafrica,v2.0.0,UG,32.6915,0.812500000000007,0.9098174426020408,0.0901825573979592,0.0,,mappingafrica-256/images/UG0467311_2022-05.tif,mappingafrica-256/labels/UG0467311_32086_2022-05.tif,train
UG0479084,mappingafrica,v2.0.0,UG,34.2265,0.747500000000002,0.806640625,0.193359375,0.0,,mappingafrica-256/images/UG0479084_2017-02.tif,mappingafrica-256/labels/UG0479084_100531_2017-02.tif,train
UG0484153,mappingafrica,v2.0.0,UG,33.4665,0.717500000000008,0.4116509885204081,0.588349011479592,0.0,,mappingafrica-256/images/UG0484153_2018-08.tif,mappingafrica-256/labels/UG0484153_7041_2018-08.tif,train
UG0485001,mappingafrica,v2.0.0,UG,33.3465,0.712500000000006,0.4991629464285714,0.5008370535714286,0.0,,mappingafrica-256/images/UG0485001_2017-02.tif,mappingafrica-256/labels/UG0485001_13606_2017-02.tif,validate
UG0492590,mappingafrica,v2.0.0,UG,32.1965,0.667500000000004,0.5044642857142857,0.4955357142857143,0.0,,mappingafrica-256/images/UG0492590_2022-10.tif,mappingafrica-256/labels/UG0492590_14649_2022-10.tif,train
UG0493554,mappingafrica,v2.0.0,UG,32.6815,0.6625,0.0737005739795918,0.9262994260204082,0.0,,mappingafrica-256/images/UG0493554_2019-02.tif,mappingafrica-256/labels/UG0493554_32036_2019-02.tif,test
UG0498774,mappingafrica,v2.0.0,UG,32.8365,0.632500000000007,0.1417211415816326,0.8582788584183674,0.0,,mappingafrica-256/images/UG0498774_2018-02.tif,mappingafrica-256/labels/UG0498774_26069_2018-02.tif,train
UG0498856,mappingafrica,v2.0.0,UG,33.2465,0.632500000000007,0.1520846619897959,0.8479153380102041,0.0,,mappingafrica-256/images/UG0498856_2018-02.tif,mappingafrica-256/labels/UG0498856_11862_2018-02.tif,train
UG0511420,mappingafrica,v2.0.0,UG,32.8815,0.5575,0.340023118622449,0.6599768813775511,0.0,,mappingafrica-256/images/UG0511420_2017-02.tif,mappingafrica-256/labels/UG0511420_34989_2017-02.tif,test
UG0513660,mappingafrica,v2.0.0,UG,31.5815,0.5425,0.1173469387755102,0.8826530612244898,0.0,,mappingafrica-256/images/UG0513660_2023-10.tif,mappingafrica-256/labels/UG0513660_35829_2023-10.tif,train
UG0517096,mappingafrica,v2.0.0,UG,32.1215,0.522500000000008,0.4406887755102041,0.559311224489796,0.0,,mappingafrica-256/images/UG0517096_2018-08.tif,mappingafrica-256/labels/UG0517096_2574_2018-08.tif,train
UG0536326,mappingafrica,v2.0.0,UG,31.8865,0.407500000000006,0.2166772959183673,0.7833227040816327,0.0,,mappingafrica-256/images/UG0536326_2020-02.tif,mappingafrica-256/labels/UG0536326_100533_2020-02.tif,train
UG0546071,mappingafrica,v2.0.0,UG,33.9115,0.352500000000006,0.3451251594387755,0.6548748405612246,0.0,,mappingafrica-256/images/UG0546071_2019-08.tif,mappingafrica-256/labels/UG0546071_2005_2019-08.tif,train
UG0552275,mappingafrica,v2.0.0,UG,31.0765,0.312500000000007,0.4915098852040816,0.5084901147959184,0.0,,mappingafrica-256/images/UG0552275_2021-11.tif,mappingafrica-256/labels/UG0552275_16672_2021-11.tif,train
UG0555141,mappingafrica,v2.0.0,UG,32.7615,0.297500000000007,0.6343271683673469,0.3656728316326531,0.0,,mappingafrica-256/images/UG0555141_2018-08.tif,mappingafrica-256/labels/UG0555141_34486_2018-08.tif,train
UG0563267,mappingafrica,v2.0.0,UG,31.4215,0.2475,0.0388233418367346,0.9611766581632654,0.0,,mappingafrica-256/images/UG0563267_2019-08.tif,mappingafrica-256/labels/UG0563267_26095_2019-08.tif,train
UG0569048,mappingafrica,v2.0.0,UG,31.1165,0.212500000000006,0.4031608737244898,0.5968391262755102,0.0,,mappingafrica-256/images/UG0569048_2022-11.tif,mappingafrica-256/labels/UG0569048_32130_2022-11.tif,train
UG0580874,mappingafrica,v2.0.0,UG,31.8565,0.142500000000005,0.439632493622449,0.5603675063775511,0.0,,mappingafrica-256/images/UG0580874_2018-08.tif,mappingafrica-256/labels/UG0580874_26098_2018-08.tif,train
UG0588050,mappingafrica,v2.0.0,UG,30.0065,0.0975000000000037,0.7668207908163265,0.2331792091836735,0.0,,mappingafrica-256/images/UG0588050_2020-11.tif,mappingafrica-256/labels/UG0588050_35741_2020-11.tif,train
UG0598495,mappingafrica,v2.0.0,UG,31.7515,0.0375000000000014,0.6131417410714286,0.3868582589285714,0.0,,mappingafrica-256/images/UG0598495_2019-08.tif,mappingafrica-256/labels/UG0598495_7046_2019-08.tif,train
UG0683311,mappingafrica,v2.0.0,UG,30.1965,-0.462499999999999,0.4411272321428571,0.5588727678571429,0.0,,mappingafrica-256/images/UG0683311_2017-08.tif,mappingafrica-256/labels/UG0683311_17627_2017-08.tif,validate
UG0690106,mappingafrica,v2.0.0,UG,30.0965,-0.502499999999998,0.5211654974489796,0.4788345025510204,0.0,,mappingafrica-256/images/UG0690106_2019-08.tif,mappingafrica-256/labels/UG0690106_100179_2019-08.tif,train
UG0693794,mappingafrica,v2.0.0,UG,31.5265,-0.522499999999994,0.404476243622449,0.5955237563775511,0.0,,mappingafrica-256/images/UG0693794_2017-08.tif,mappingafrica-256/labels/UG0693794_8080_2017-08.tif,test
UG0700529,mappingafrica,v2.0.0,UG,31.1915,-0.562499999999993,0.2897600446428571,0.7102399553571429,0.0,,mappingafrica-256/images/UG0700529_2018-08.tif,mappingafrica-256/labels/UG0700529_2949_2018-08.tif,test
UG0721900,mappingafrica,v2.0.0,UG,31.3165,-0.687499999999993,0.5909996811224489,0.409000318877551,0.0,,mappingafrica-256/images/UG0721900_2022-11.tif,mappingafrica-256/labels/UG0721900_32158_2022-11.tif,train
UG0726155,mappingafrica,v2.0.0,UG,31.1015,-0.712499999999992,0.0213847257653061,0.978615274234694,0.0,,mappingafrica-256/images/UG0726155_2023-11.tif,mappingafrica-256/labels/UG0726155_37721_2023-11.tif,train
UG0731348,mappingafrica,v2.0.0,UG,31.2715,-0.742499999999993,0.0443239795918367,0.9556760204081634,0.0,,mappingafrica-256/images/UG0731348_2020-11.tif,mappingafrica-256/labels/UG0731348_8081_2020-11.tif,train
UG0739898,mappingafrica,v2.0.0,UG,31.0315,-0.792499999999997,0.3570033482142857,0.6429966517857143,0.0,,mappingafrica-256/images/UG0739898_2017-08.tif,mappingafrica-256/labels/UG0739898_21048_2017-08.tif,train
UG0740815,mappingafrica,v2.0.0,UG,31.3215,-0.797499999999992,0.163703762755102,0.836296237244898,0.0,,mappingafrica-256/images/UG0740815_2020-11.tif,mappingafrica-256/labels/UG0740815_5977_2020-11.tif,train
UG0770698,mappingafrica,v2.0.0,UG,29.7465,-0.9725,0.0698541135204081,0.930145886479592,0.0,,mappingafrica-256/images/UG0770698_2023-10.tif,mappingafrica-256/labels/UG0770698_37568_2023-10.tif,train
UG0782599,mappingafrica,v2.0.0,UG,30.2365,-1.2075,0.6663942920918368,0.3336057079081632,0.0,,mappingafrica-256/images/UG0782599_2021-11.tif,mappingafrica-256/labels/UG0782599_39431_2021-11.tif,test
UG0786165,mappingafrica,v2.0.0,UG,30.0665,-1.3575,0.1512276785714285,0.8487723214285715,0.0,,mappingafrica-256/images/UG0786165_2023-11.tif,mappingafrica-256/labels/UG0786165_37574_2023-11.tif,train
ZA0113771,mappingafrica,v2.0.0,ZA,28.9965,-23.1825,0.5417530293367347,0.4582469706632652,0.0,,mappingafrica-256/images/ZA0113771_2022-06.tif,mappingafrica-256/labels/ZA0113771_31141_2022-06.tif,train
ZA0164858,mappingafrica,v2.0.0,ZA,28.9965,-23.4975,0.2638911033163265,0.7361088966836735,0.0,,mappingafrica-256/images/ZA0164858_2022-06.tif,mappingafrica-256/labels/ZA0164858_2744_2022-06.tif,train
ZA0179537,mappingafrica,v2.0.0,ZA,31.0615,-23.5775,0.1332708864795918,0.8667291135204083,0.0,,mappingafrica-256/images/ZA0179537_2020-07.tif,mappingafrica-256/labels/ZA0179537_20537_2020-07.tif,train
ZA0180025,mappingafrica,v2.0.0,ZA,28.9515,-23.5825,0.5593112244897959,0.4406887755102041,0.0,,mappingafrica-256/images/ZA0180025_2019-08.tif,mappingafrica-256/labels/ZA0180025_15650_2019-08.tif,train
ZA0198602,mappingafrica,v2.0.0,ZA,29.2615,-23.6825,0.4517697704081632,0.5482302295918369,0.0,,mappingafrica-256/images/ZA0198602_2020-07.tif,mappingafrica-256/labels/ZA0198602_26131_2020-07.tif,train
ZA0235647,mappingafrica,v2.0.0,ZA,28.6715,-23.8775,0.1600765306122449,0.8399234693877551,0.0,,mappingafrica-256/images/ZA0235647_2020-07.tif,mappingafrica-256/labels/ZA0235647_40703_2020-07.tif,train
ZA0278579,mappingafrica,v2.0.0,ZA,30.4165,-24.0925,0.7479870854591837,0.2520129145408163,0.0,,mappingafrica-256/images/ZA0278579_2019-08.tif,mappingafrica-256/labels/ZA0278579_100186_2019-08.tif,train
ZA0315005,mappingafrica,v2.0.0,ZA,30.4565,-24.2725,0.2446388711734693,0.7553611288265307,0.0,,mappingafrica-256/images/ZA0315005_2023-06.tif,mappingafrica-256/labels/ZA0315005_38256_2023-06.tif,train
ZA0323148,mappingafrica,v2.0.0,ZA,29.5865,-24.3125,0.0985730229591836,0.9014269770408164,0.0,,mappingafrica-256/images/ZA0323148_2023-06.tif,mappingafrica-256/labels/ZA0323148_34554_2023-06.tif,train
ZA0375202,mappingafrica,v2.0.0,ZA,29.5415,-24.5525,0.5393614477040817,0.4606385522959183,0.0,,mappingafrica-256/images/ZA0375202_2021-06.tif,mappingafrica-256/labels/ZA0375202_30885_2021-06.tif,test
ZA0377471,mappingafrica,v2.0.0,ZA,29.8365,-24.5625,0.1763791454081632,0.8236208545918368,0.0,,mappingafrica-256/images/ZA0377471_2018-08.tif,mappingafrica-256/labels/ZA0377471_14654_2018-08.tif,train
ZA0388372,mappingafrica,v2.0.0,ZA,28.8815,-24.6125,0.6747249681122449,0.3252750318877551,0.0,,mappingafrica-256/images/ZA0388372_2023-06.tif,mappingafrica-256/labels/ZA0388372_31005_2023-06.tif,train
ZA0403141,mappingafrica,v2.0.0,ZA,28.9265,-24.6775,0.6417211415816326,0.3582788584183674,0.0,,mappingafrica-256/images/ZA0403141_2020-07.tif,mappingafrica-256/labels/ZA0403141_26140_2020-07.tif,train
ZA0461258,mappingafrica,v2.0.0,ZA,29.7715,-24.9125,0.9876434948979592,0.0123565051020407,0.0,,mappingafrica-256/images/ZA0461258_2023-06.tif,mappingafrica-256/labels/ZA0461258_34273_2023-06.tif,train
ZA0489557,mappingafrica,v2.0.0,ZA,28.5565,-25.0225,0.998046875,0.001953125,0.0,,mappingafrica-256/images/ZA0489557_2019-08.tif,mappingafrica-256/labels/ZA0489557_11329_2019-08.tif,train
ZA0498755,mappingafrica,v2.0.0,ZA,28.2965,-25.0575,0.8988360969387755,0.1011639030612244,0.0,,mappingafrica-256/images/ZA0498755_2018-08.tif,mappingafrica-256/labels/ZA0498755_16680_2018-08.tif,train
ZA0596958,mappingafrica,v2.0.0,ZA,29.8115,-25.4075,1.0,0.0,0.0,,mappingafrica-256/images/ZA0596958_2020-07.tif,mappingafrica-256/labels/ZA0596958_5986_2020-07.tif,train
ZA0660562,mappingafrica,v2.0.0,ZA,29.8765,-25.6075,0.9683713329081632,0.0316286670918367,0.0,,mappingafrica-256/images/ZA0660562_2022-06.tif,mappingafrica-256/labels/ZA0660562_5987_2022-06.tif,train
ZA0667540,mappingafrica,v2.0.0,ZA,31.7615,-25.6275,0.9772002551020408,0.0227997448979592,0.0,,mappingafrica-256/images/ZA0667540_2020-11.tif,mappingafrica-256/labels/ZA0667540_37201_2020-11.tif,test
ZA0672296,mappingafrica,v2.0.0,ZA,30.0865,-25.6425,0.6925223214285714,0.3074776785714286,0.0,,mappingafrica-256/images/ZA0672296_2018-08.tif,mappingafrica-256/labels/ZA0672296_9190_2018-08.tif,train
ZA0681100,mappingafrica,v2.0.0,ZA,31.1965,-25.6675,0.3891302614795918,0.6108697385204083,0.0,,mappingafrica-256/images/ZA0681100_2017-08.tif,mappingafrica-256/labels/ZA0681100_18574_2017-08.tif,train
ZA0732235,mappingafrica,v2.0.0,ZA,25.5615,-25.8125,1.0,0.0,0.0,,mappingafrica-256/images/ZA0732235_2020-07.tif,mappingafrica-256/labels/ZA0732235_20540_2020-07.tif,train
ZA0754103,mappingafrica,v2.0.0,ZA,29.5015,-25.8675,0.0169802295918367,0.9830197704081634,0.0,,mappingafrica-256/images/ZA0754103_2021-06.tif,mappingafrica-256/labels/ZA0754103_13619_2021-06.tif,train
ZA0786315,mappingafrica,v2.0.0,ZA,29.5565,-25.9525,0.9944595025510204,0.0055404974489795,0.0,,mappingafrica-256/images/ZA0786315_2023-06.tif,mappingafrica-256/labels/ZA0786315_37475_2023-06.tif,train
ZA0786433,mappingafrica,v2.0.0,ZA,30.1465,-25.9525,0.923569036989796,0.076430963010204,0.0,,mappingafrica-256/images/ZA0786433_2017-08.tif,mappingafrica-256/labels/ZA0786433_2188_2017-08.tif,train
ZA0789805,mappingafrica,v2.0.0,ZA,28.2015,-25.9625,0.044383769132653,0.955616230867347,0.0,,mappingafrica-256/images/ZA0789805_2021-06.tif,mappingafrica-256/labels/ZA0789805_26849_2021-06.tif,validate
ZA0798921,mappingafrica,v2.0.0,ZA,27.2165,-25.9875,0.8064014668367347,0.1935985331632652,0.0,,mappingafrica-256/images/ZA0798921_2021-07.tif,mappingafrica-256/labels/ZA0798921_26155_2021-07.tif,train
ZA0802345,mappingafrica,v2.0.0,ZA,25.8765,-25.9975,0.947006536989796,0.052993463010204,0.0,,mappingafrica-256/images/ZA0802345_2021-07.tif,mappingafrica-256/labels/ZA0802345_37823_2021-07.tif,train
ZA0805932,mappingafrica,v2.0.0,ZA,25.4015,-26.0075,0.8985172193877551,0.1014827806122449,0.0,,mappingafrica-256/images/ZA0805932_2019-08.tif,mappingafrica-256/labels/ZA0805932_26156_2019-08.tif,train
ZA0810352,mappingafrica,v2.0.0,ZA,29.0865,-26.0175,0.9646643813775512,0.0353356186224488,0.0,,mappingafrica-256/images/ZA0810352_2021-06.tif,mappingafrica-256/labels/ZA0810352_13620_2021-06.tif,train
ZA0834368,mappingafrica,v2.0.0,ZA,28.8915,-26.0825,0.9322983099489796,0.0677016900510204,0.0,,mappingafrica-256/images/ZA0834368_2017-08.tif,mappingafrica-256/labels/ZA0834368_100541_2017-08.tif,train
ZA0843309,mappingafrica,v2.0.0,ZA,27.2865,-26.1075,0.9878029336734694,0.0121970663265306,0.0,,mappingafrica-256/images/ZA0843309_2021-07.tif,mappingafrica-256/labels/ZA0843309_27935_2021-07.tif,train
ZA0875163,mappingafrica,v2.0.0,ZA,28.7265,-26.1925,0.992287149234694,0.007712850765306,0.0,,mappingafrica-256/images/ZA0875163_2017-08.tif,mappingafrica-256/labels/ZA0875163_14660_2017-08.tif,train
ZA0879051,mappingafrica,v2.0.0,ZA,29.6565,-26.2025,0.6433753188775511,0.3566246811224489,0.0,,mappingafrica-256/images/ZA0879051_2019-08.tif,mappingafrica-256/labels/ZA0879051_31091_2019-08.tif,train
ZA0898819,mappingafrica,v2.0.0,ZA,25.5815,-26.2575,0.9832190688775512,0.0167809311224488,0.0,,mappingafrica-256/images/ZA0898819_2017-08.tif,mappingafrica-256/labels/ZA0898819_5990_2017-08.tif,train
ZA0902712,mappingafrica,v2.0.0,ZA,26.3215,-26.2675,1.0,0.0,0.0,,mappingafrica-256/images/ZA0902712_2017-08.tif,mappingafrica-256/labels/ZA0902712_15659_2017-08.tif,train
ZA0905295,mappingafrica,v2.0.0,ZA,29.8865,-26.2725,0.8461415816326531,0.1538584183673469,0.0,,mappingafrica-256/images/ZA0905295_2019-08.tif,mappingafrica-256/labels/ZA0905295_18581_2019-08.tif,train
ZA0910447,mappingafrica,v2.0.0,ZA,27.6315,-26.2875,1.0,0.0,0.0,,mappingafrica-256/images/ZA0910447_2021-06.tif,mappingafrica-256/labels/ZA0910447_12557_2021-06.tif,train
ZA0914487,mappingafrica,v2.0.0,ZA,29.1765,-26.2975,0.6638632015306123,0.3361367984693877,0.0,,mappingafrica-256/images/ZA0914487_2020-07.tif,mappingafrica-256/labels/ZA0914487_34917_2020-07.tif,train
ZA0917561,mappingafrica,v2.0.0,ZA,25.9215,-26.3075,0.0088687818877551,0.9911312181122448,0.0,,mappingafrica-256/images/ZA0917561_2021-06.tif,mappingafrica-256/labels/ZA0917561_3886_2021-06.tif,train
ZA0926902,mappingafrica,v2.0.0,ZA,26.1665,-26.3325,0.9034598214285714,0.0965401785714286,0.0,,mappingafrica-256/images/ZA0926902_2017-08.tif,mappingafrica-256/labels/ZA0926902_38875_2017-08.tif,train
ZA0928917,mappingafrica,v2.0.0,ZA,26.9415,-26.3375,0.9954559948979592,0.0045440051020407,0.0,,mappingafrica-256/images/ZA0928917_2022-06.tif,mappingafrica-256/labels/ZA0928917_9195_2022-06.tif,train
ZA0935051,mappingafrica,v2.0.0,ZA,29.6215,-26.3525,0.5459781568877551,0.4540218431122449,0.0,,mappingafrica-256/images/ZA0935051_2021-07.tif,mappingafrica-256/labels/ZA0935051_10276_2021-07.tif,train
ZA0939908,mappingafrica,v2.0.0,ZA,25.8465,-26.3675,1.0,0.0,0.0,,mappingafrica-256/images/ZA0939908_2019-08.tif,mappingafrica-256/labels/ZA0939908_32487_2019-08.tif,train
ZA0946198,mappingafrica,v2.0.0,ZA,29.2615,-26.3825,0.8806600765306123,0.1193399234693877,0.0,,mappingafrica-256/images/ZA0946198_2021-06.tif,mappingafrica-256/labels/ZA0946198_9197_2021-06.tif,train
ZA0953467,mappingafrica,v2.0.0,ZA,28.2115,-26.4025,0.4378985969387755,0.5621014030612246,0.0,,mappingafrica-256/images/ZA0953467_2023-06.tif,mappingafrica-256/labels/ZA0953467_30088_2023-06.tif,train
ZA0953528,mappingafrica,v2.0.0,ZA,28.5165,-26.4025,0.4479830994897959,0.552016900510204,0.0,,mappingafrica-256/images/ZA0953528_2019-08.tif,mappingafrica-256/labels/ZA0953528_26179_2019-08.tif,train
ZA0953879,mappingafrica,v2.0.0,ZA,30.2715,-26.4025,0.3342633928571428,0.6657366071428572,0.0,,mappingafrica-256/images/ZA0953879_2021-11.tif,mappingafrica-256/labels/ZA0953879_100194_2021-11.tif,train
ZA0962830,mappingafrica,v2.0.0,ZA,28.4615,-26.4275,0.0553451849489795,0.9446548150510206,0.0,,mappingafrica-256/images/ZA0962830_2021-07.tif,mappingafrica-256/labels/ZA0962830_26183_2021-07.tif,validate
ZA0965033,mappingafrica,v2.0.0,ZA,30.1715,-26.4325,0.7333984375,0.2666015625,0.0,,mappingafrica-256/images/ZA0965033_2020-11.tif,mappingafrica-256/labels/ZA0965033_26185_2020-11.tif,test
ZA0977058,mappingafrica,v2.0.0,ZA,25.4065,-26.4675,0.9883011798469388,0.0116988201530612,0.0,,mappingafrica-256/images/ZA0977058_2022-07.tif,mappingafrica-256/labels/ZA0977058_9200_2022-07.tif,train
ZA0990036,mappingafrica,v2.0.0,ZA,25.4015,-26.5025,1.0,0.0,0.0,,mappingafrica-256/images/ZA0990036_2022-07.tif,mappingafrica-256/labels/ZA0990036_20547_2022-07.tif,test
ZA0999280,mappingafrica,v2.0.0,ZA,25.2415,-26.5275,0.5432676977040817,0.4567323022959183,0.0,,mappingafrica-256/images/ZA0999280_2023-07.tif,mappingafrica-256/labels/ZA0999280_27942_2023-07.tif,train
ZA1011286,mappingafrica,v2.0.0,ZA,29.4965,-26.5575,0.9299266581632653,0.0700733418367347,0.0,,mappingafrica-256/images/ZA1011286_2022-07.tif,mappingafrica-256/labels/ZA1011286_3317_2022-07.tif,train
ZA1022344,mappingafrica,v2.0.0,ZA,28.7715,-26.5875,0.4829998405612244,0.5170001594387756,0.0,,mappingafrica-256/images/ZA1022344_2021-07.tif,mappingafrica-256/labels/ZA1022344_14972_2021-07.tif,train
ZA1054102,mappingafrica,v2.0.0,ZA,27.3365,-26.6725,0.7888432716836735,0.2111567283163264,0.0,,mappingafrica-256/images/ZA1054102_2023-06.tif,mappingafrica-256/labels/ZA1054102_32060_2023-06.tif,test
ZA1078804,mappingafrica,v2.0.0,ZA,25.3915,-26.7375,0.7151227678571429,0.2848772321428571,0.0,,mappingafrica-256/images/ZA1078804_2017-08.tif,mappingafrica-256/labels/ZA1078804_1481_2017-08.tif,train
ZA1081105,mappingafrica,v2.0.0,ZA,27.2415,-26.7425,0.3088727678571428,0.6911272321428572,0.0,,mappingafrica-256/images/ZA1081105_2019-08.tif,mappingafrica-256/labels/ZA1081105_6000_2019-08.tif,validate
ZA1081137,mappingafrica,v2.0.0,ZA,27.4015,-26.7425,0.8984972895408163,0.1015027104591836,0.0,,mappingafrica-256/images/ZA1081137_2020-07.tif,mappingafrica-256/labels/ZA1081137_1485_2020-07.tif,train
ZA1092574,mappingafrica,v2.0.0,ZA,26.6515,-26.7725,0.2535076530612244,0.7464923469387756,0.0,,mappingafrica-256/images/ZA1092574_2023-06.tif,mappingafrica-256/labels/ZA1092574_34013_2023-06.tif,train
ZA1094623,mappingafrica,v2.0.0,ZA,27.2365,-26.7775,0.6844108737244898,0.3155891262755101,0.0,,mappingafrica-256/images/ZA1094623_2019-08.tif,mappingafrica-256/labels/ZA1094623_26205_2019-08.tif,train
ZA1102792,mappingafrica,v2.0.0,ZA,29.3715,-26.7975,0.7024872448979592,0.2975127551020408,0.0,,mappingafrica-256/images/ZA1102792_2023-06.tif,mappingafrica-256/labels/ZA1102792_30986_2023-06.tif,train
ZA1106487,mappingafrica,v2.0.0,ZA,28.2715,-26.8075,0.7953404017857143,0.2046595982142857,0.0,,mappingafrica-256/images/ZA1106487_2023-06.tif,mappingafrica-256/labels/ZA1106487_34531_2023-06.tif,test
ZA1117942,mappingafrica,v2.0.0,ZA,25.1715,-26.8375,0.9999800701530612,1.992984693877098e-05,0.0,,mappingafrica-256/images/ZA1117942_2017-08.tif,mappingafrica-256/labels/ZA1117942_9207_2017-08.tif,validate
ZA1145717,mappingafrica,v2.0.0,ZA,27.6665,-26.8975,1.0,0.0,0.0,,mappingafrica-256/images/ZA1145717_2021-06.tif,mappingafrica-256/labels/ZA1145717_8105_2021-06.tif,train
ZA1152368,mappingafrica,v2.0.0,ZA,25.3865,-26.9125,0.9487205038265306,0.0512794961734693,0.0,,mappingafrica-256/images/ZA1152368_2023-06.tif,mappingafrica-256/labels/ZA1152368_36956_2023-06.tif,train
ZA1159569,mappingafrica,v2.0.0,ZA,25.8015,-26.9275,0.9973493303571428,0.0026506696428572,0.0,,mappingafrica-256/images/ZA1159569_2022-06.tif,mappingafrica-256/labels/ZA1159569_26211_2022-06.tif,train
ZA1166765,mappingafrica,v2.0.0,ZA,26.1665,-26.9425,1.0,0.0,0.0,,mappingafrica-256/images/ZA1166765_2023-06.tif,mappingafrica-256/labels/ZA1166765_38615_2023-06.tif,train
ZA1195876,mappingafrica,v2.0.0,ZA,29.3565,-27.0025,0.8252949617346939,0.1747050382653061,0.0,,mappingafrica-256/images/ZA1195876_2020-07.tif,mappingafrica-256/labels/ZA1195876_3889_2020-07.tif,train
ZA1226574,mappingafrica,v2.0.0,ZA,28.4715,-27.0675,0.8970623405612245,0.1029376594387755,0.0,,mappingafrica-256/images/ZA1226574_2022-06.tif,mappingafrica-256/labels/ZA1226574_26219_2022-06.tif,validate
ZA1231372,mappingafrica,v2.0.0,ZA,28.6665,-27.0775,0.7868702168367347,0.2131297831632652,0.0,,mappingafrica-256/images/ZA1231372_2023-06.tif,mappingafrica-256/labels/ZA1231372_37404_2023-06.tif,train
ZA1233122,mappingafrica,v2.0.0,ZA,25.5015,-27.0825,0.9599210778061223,0.0400789221938776,0.0,,mappingafrica-256/images/ZA1233122_2018-08.tif,mappingafrica-256/labels/ZA1233122_26220_2018-08.tif,train
ZA1235473,mappingafrica,v2.0.0,ZA,25.3365,-27.0875,1.0,0.0,0.0,,mappingafrica-256/images/ZA1235473_2018-08.tif,mappingafrica-256/labels/ZA1235473_26223_2018-08.tif,train
ZA1276744,mappingafrica,v2.0.0,ZA,28.5765,-27.1725,0.9606983418367347,0.0393016581632652,0.0,,mappingafrica-256/images/ZA1276744_2023-06.tif,mappingafrica-256/labels/ZA1276744_31458_2023-06.tif,train
ZA1279305,mappingafrica,v2.0.0,ZA,29.4165,-27.1775,0.2928890306122449,0.7071109693877551,0.0,,mappingafrica-256/images/ZA1279305_2022-11.tif,mappingafrica-256/labels/ZA1279305_26229_2022-11.tif,test
ZA1286150,mappingafrica,v2.0.0,ZA,27.7215,-27.1925,0.7366669323979592,0.2633330676020408,0.0,,mappingafrica-256/images/ZA1286150_2022-06.tif,mappingafrica-256/labels/ZA1286150_100200_2022-06.tif,train
ZA1292927,mappingafrica,v2.0.0,ZA,25.6615,-27.2075,0.9821827168367347,0.0178172831632652,0.0,,mappingafrica-256/images/ZA1292927_2023-06.tif,mappingafrica-256/labels/ZA1292927_39056_2023-06.tif,train
ZA1327186,mappingafrica,v2.0.0,ZA,27.7715,-27.2775,0.9980269451530612,0.0019730548469387,0.0,,mappingafrica-256/images/ZA1327186_2022-06.tif,mappingafrica-256/labels/ZA1327186_14670_2022-06.tif,train
ZA1329879,mappingafrica,v2.0.0,ZA,29.0465,-27.2825,0.9591836734693876,0.0408163265306124,0.0,,mappingafrica-256/images/ZA1329879_2020-11.tif,mappingafrica-256/labels/ZA1329879_2192_2020-11.tif,train
ZA1337395,mappingafrica,v2.0.0,ZA,29.9765,-27.2975,0.7591876594387755,0.2408123405612244,0.0,,mappingafrica-256/images/ZA1337395_2018-08.tif,mappingafrica-256/labels/ZA1337395_26238_2018-08.tif,train
ZA1339059,mappingafrica,v2.0.0,ZA,26.0565,-27.3025,0.3893494897959184,0.6106505102040816,0.0,,mappingafrica-256/images/ZA1339059_2023-06.tif,mappingafrica-256/labels/ZA1339059_38492_2023-06.tif,train
ZA1353817,mappingafrica,v2.0.0,ZA,25.2215,-27.3325,0.5088289221938775,0.4911710778061224,0.0,,mappingafrica-256/images/ZA1353817_2018-08.tif,mappingafrica-256/labels/ZA1353817_40623_2018-08.tif,test
ZA1362101,mappingafrica,v2.0.0,ZA,28.3465,-27.3475,0.146743463010204,0.853256536989796,0.0,,mappingafrica-256/images/ZA1362101_2019-08.tif,mappingafrica-256/labels/ZA1362101_26240_2019-08.tif,train
ZA1362613,mappingafrica,v2.0.0,ZA,30.9065,-27.3475,0.3738042091836734,0.6261957908163266,0.0,,mappingafrica-256/images/ZA1362613_2022-11.tif,mappingafrica-256/labels/ZA1362613_17645_2022-11.tif,train
ZA1400497,mappingafrica,v2.0.0,ZA,29.1015,-27.4225,0.239875637755102,0.760124362244898,0.0,,mappingafrica-256/images/ZA1400497_2017-08.tif,mappingafrica-256/labels/ZA1400497_16698_2017-08.tif,validate
ZA1402996,mappingafrica,v2.0.0,ZA,28.8615,-27.4275,0.6327327806122449,0.3672672193877551,0.0,,mappingafrica-256/images/ZA1402996_2021-06.tif,mappingafrica-256/labels/ZA1402996_19710_2021-06.tif,train
ZA1448152,mappingafrica,v2.0.0,ZA,25.8865,-27.5175,0.9437779017857144,0.0562220982142855,0.0,,mappingafrica-256/images/ZA1448152_2022-06.tif,mappingafrica-256/labels/ZA1448152_36027_2022-06.tif,train
ZA1453824,mappingafrica,v2.0.0,ZA,28.8665,-27.5275,0.4602798150510204,0.5397201849489797,0.0,,mappingafrica-256/images/ZA1453824_2017-08.tif,mappingafrica-256/labels/ZA1453824_3892_2017-08.tif,train
ZA1461297,mappingafrica,v2.0.0,ZA,28.1615,-27.5425,0.8130381058673469,0.186961894132653,0.0,,mappingafrica-256/images/ZA1461297_2017-08.tif,mappingafrica-256/labels/ZA1461297_15677_2017-08.tif,validate
ZA1473999,mappingafrica,v2.0.0,ZA,28.2265,-27.5675,0.6193997130102041,0.3806002869897958,0.0,,mappingafrica-256/images/ZA1473999_2018-08.tif,mappingafrica-256/labels/ZA1473999_100554_2018-08.tif,train
ZA1509166,mappingafrica,v2.0.0,ZA,26.6165,-27.6375,0.9774194834183674,0.0225805165816326,0.0,,mappingafrica-256/images/ZA1509166_2020-07.tif,mappingafrica-256/labels/ZA1509166_6019_2020-07.tif,test
ZA1529628,mappingafrica,v2.0.0,ZA,27.6315,-27.6775,0.7886240433673469,0.211375956632653,0.0,,mappingafrica-256/images/ZA1529628_2021-10.tif,mappingafrica-256/labels/ZA1529628_26257_2021-10.tif,test
ZA1537842,mappingafrica,v2.0.0,ZA,30.7365,-27.6925,0.6872209821428571,0.3127790178571429,0.0,,mappingafrica-256/images/ZA1537842_2023-11.tif,mappingafrica-256/labels/ZA1537842_36811_2023-11.tif,train
ZA1537864,mappingafrica,v2.0.0,ZA,30.8465,-27.6925,0.0896045918367346,0.9103954081632654,0.0,,mappingafrica-256/images/ZA1537864_2022-11.tif,mappingafrica-256/labels/ZA1537864_26258_2022-11.tif,train
ZA1547113,mappingafrica,v2.0.0,ZA,26.4965,-27.7125,1.0,0.0,0.0,,mappingafrica-256/images/ZA1547113_2019-08.tif,mappingafrica-256/labels/ZA1547113_14675_2019-08.tif,train
ZA1552139,mappingafrica,v2.0.0,ZA,26.3365,-27.7225,0.986427774234694,0.013572225765306,0.0,,mappingafrica-256/images/ZA1552139_2018-08.tif,mappingafrica-256/labels/ZA1552139_26261_2018-08.tif,validate
ZA1557610,mappingafrica,v2.0.0,ZA,28.4115,-27.7325,0.8360770089285714,0.1639229910714286,0.0,,mappingafrica-256/images/ZA1557610_2020-11.tif,mappingafrica-256/labels/ZA1557610_26265_2020-11.tif,train
ZA1575036,mappingafrica,v2.0.0,ZA,27.1015,-27.7675,0.1445711096938775,0.8554288903061225,0.0,,mappingafrica-256/images/ZA1575036_2021-10.tif,mappingafrica-256/labels/ZA1575036_33694_2021-10.tif,train
ZA1600600,mappingafrica,v2.0.0,ZA,28.6865,-27.8175,0.8603316326530612,0.1396683673469387,0.0,,mappingafrica-256/images/ZA1600600_2018-08.tif,mappingafrica-256/labels/ZA1600600_3328_2018-08.tif,train
ZA1601007,mappingafrica,v2.0.0,ZA,30.7215,-27.8175,0.7734972895408163,0.2265027104591837,0.0,,mappingafrica-256/images/ZA1601007_2020-11.tif,mappingafrica-256/labels/ZA1601007_3329_2020-11.tif,train
ZA1602972,mappingafrica,v2.0.0,ZA,27.9315,-27.8225,0.9776985012755102,0.0223014987244898,0.0,,mappingafrica-256/images/ZA1602972_2021-06.tif,mappingafrica-256/labels/ZA1602972_2200_2021-06.tif,train
ZA1632727,mappingafrica,v2.0.0,ZA,25.3665,-27.8825,0.9937021683673468,0.0062978316326531,0.0,,mappingafrica-256/images/ZA1632727_2023-10.tif,mappingafrica-256/labels/ZA1632727_36163_2023-10.tif,train
ZA1651075,mappingafrica,v2.0.0,ZA,28.8865,-27.9175,0.9214564732142856,0.0785435267857144,0.0,,mappingafrica-256/images/ZA1651075_2022-11.tif,mappingafrica-256/labels/ZA1651075_9220_2022-11.tif,validate
ZA1668081,mappingafrica,v2.0.0,ZA,25.6865,-27.9525,0.9860092474489796,0.0139907525510204,0.0,,mappingafrica-256/images/ZA1668081_2019-08.tif,mappingafrica-256/labels/ZA1668081_2201_2019-08.tif,train
ZA1686025,mappingafrica,v2.0.0,ZA,27.2065,-27.9875,0.9194834183673468,0.0805165816326531,0.0,,mappingafrica-256/images/ZA1686025_2023-10.tif,mappingafrica-256/labels/ZA1686025_27965_2023-10.tif,train
ZA1696056,mappingafrica,v2.0.0,ZA,26.9815,-28.0075,0.2953005420918367,0.7046994579081634,0.0,,mappingafrica-256/images/ZA1696056_2022-10.tif,mappingafrica-256/labels/ZA1696056_4939_2022-10.tif,train
ZA1709035,mappingafrica,v2.0.0,ZA,28.9215,-28.0325,0.3123007015306122,0.6876992984693878,0.0,,mappingafrica-256/images/ZA1709035_2017-08.tif,mappingafrica-256/labels/ZA1709035_26291_2017-08.tif,train
ZA1744551,mappingafrica,v2.0.0,ZA,28.0115,-28.1025,0.4665577168367347,0.5334422831632653,0.0,,mappingafrica-256/images/ZA1744551_2022-06.tif,mappingafrica-256/labels/ZA1744551_8114_2022-06.tif,train
ZA1780229,mappingafrica,v2.0.0,ZA,26.0015,-28.1725,0.8972018494897959,0.1027981505102041,0.0,,mappingafrica-256/images/ZA1780229_2019-08.tif,mappingafrica-256/labels/ZA1780229_27970_2019-08.tif,validate
ZA1785985,mappingafrica,v2.0.0,ZA,28.9565,-28.1825,0.9258410395408164,0.0741589604591835,0.0,,mappingafrica-256/images/ZA1785985_2018-08.tif,mappingafrica-256/labels/ZA1785985_38393_2018-08.tif,train
ZA1796317,mappingafrica,v2.0.0,ZA,29.0315,-28.2025,0.9614357461734694,0.0385642538265306,0.0,,mappingafrica-256/images/ZA1796317_2020-11.tif,mappingafrica-256/labels/ZA1796317_17656_2020-11.tif,train
ZA1801383,mappingafrica,v2.0.0,ZA,28.6015,-28.2125,0.2595264668367347,0.7404735331632653,0.0,,mappingafrica-256/images/ZA1801383_2019-08.tif,mappingafrica-256/labels/ZA1801383_27975_2019-08.tif,train
ZA1806209,mappingafrica,v2.0.0,ZA,26.8565,-28.2225,0.7017099808673469,0.2982900191326531,0.0,,mappingafrica-256/images/ZA1806209_2019-08.tif,mappingafrica-256/labels/ZA1806209_10300_2019-08.tif,test
ZA1826972,mappingafrica,v2.0.0,ZA,26.4615,-28.2625,0.9954559948979592,0.0045440051020407,0.0,,mappingafrica-256/images/ZA1826972_2019-08.tif,mappingafrica-256/labels/ZA1826972_7083_2019-08.tif,train
ZA1972589,mappingafrica,v2.0.0,ZA,29.4515,-28.5375,0.1260164221938775,0.8739835778061225,0.0,,mappingafrica-256/images/ZA1972589_2019-08.tif,mappingafrica-256/labels/ZA1972589_32645_2019-08.tif,test
ZA2018789,mappingafrica,v2.0.0,ZA,27.7565,-28.6225,0.7905771683673469,0.209422831632653,0.0,,mappingafrica-256/images/ZA2018789_2023-06.tif,mappingafrica-256/labels/ZA2018789_27977_2023-06.tif,train
ZA2032536,mappingafrica,v2.0.0,ZA,29.4115,-28.6475,0.2071308992346938,0.7928691007653061,0.0,,mappingafrica-256/images/ZA2032536_2020-10.tif,mappingafrica-256/labels/ZA2032536_27978_2020-10.tif,test
ZA2061846,mappingafrica,v2.0.0,ZA,29.2215,-28.7025,0.3428730867346938,0.6571269132653061,0.0,,mappingafrica-256/images/ZA2061846_2021-11.tif,mappingafrica-256/labels/ZA2061846_32683_2021-11.tif,train
ZA2131324,mappingafrica,v2.0.0,ZA,29.6215,-28.8325,0.2884845344387755,0.7115154655612246,0.0,,mappingafrica-256/images/ZA2131324_2021-11.tif,mappingafrica-256/labels/ZA2131324_19721_2021-11.tif,train
ZA2147092,mappingafrica,v2.0.0,ZA,26.1965,-28.8625,0.3124202806122449,0.6875797193877551,0.0,,mappingafrica-256/images/ZA2147092_2023-06.tif,mappingafrica-256/labels/ZA2147092_35451_2023-06.tif,validate
ZA2199959,mappingafrica,v2.0.0,ZA,29.7365,-28.9575,0.6631257971938775,0.3368742028061224,0.0,,mappingafrica-256/images/ZA2199959_2019-08.tif,mappingafrica-256/labels/ZA2199959_18621_2019-08.tif,test
ZA2214069,mappingafrica,v2.0.0,ZA,31.6915,-28.9825,0.1190210459183673,0.8809789540816327,0.0,,mappingafrica-256/images/ZA2214069_2019-08.tif,mappingafrica-256/labels/ZA2214069_15693_2019-08.tif,train
ZA2224067,mappingafrica,v2.0.0,ZA,25.7615,-29.0025,0.1247608418367346,0.8752391581632654,0.0,,mappingafrica-256/images/ZA2224067_2017-08.tif,mappingafrica-256/labels/ZA2224067_102189_2017-08.tif,train
ZA2241147,mappingafrica,v2.0.0,ZA,31.5165,-29.0325,0.7998844068877551,0.2001155931122449,0.0,,mappingafrica-256/images/ZA2241147_2021-11.tif,mappingafrica-256/labels/ZA2241147_38067_2021-11.tif,train
ZA2296198,mappingafrica,v2.0.0,ZA,27.0215,-29.1375,0.9999601403061223,3.985969387765298e-05,0.0,,mappingafrica-256/images/ZA2296198_2020-07.tif,mappingafrica-256/labels/ZA2296198_32572_2020-07.tif,test
ZA2330450,mappingafrica,v2.0.0,ZA,31.4265,-29.2025,0.001235650510204,0.998764349489796,0.0,,mappingafrica-256/images/ZA2330450_2021-11.tif,mappingafrica-256/labels/ZA2330450_15695_2021-11.tif,train
ZA2383813,mappingafrica,v2.0.0,ZA,31.1265,-29.3075,0.7580117984693877,0.2419882015306123,0.0,,mappingafrica-256/images/ZA2383813_2021-11.tif,mappingafrica-256/labels/ZA2383813_14685_2021-11.tif,train
ZA2405968,mappingafrica,v2.0.0,ZA,27.3815,-29.3525,0.956154336734694,0.043845663265306,0.0,,mappingafrica-256/images/ZA2405968_2022-06.tif,mappingafrica-256/labels/ZA2405968_13646_2022-06.tif,train
ZA2421115,mappingafrica,v2.0.0,ZA,30.6465,-29.3825,0.891242825255102,0.1087571747448979,0.0,,mappingafrica-256/images/ZA2421115_2021-11.tif,mappingafrica-256/labels/ZA2421115_3336_2021-11.tif,train
ZA2430922,mappingafrica,v2.0.0,ZA,30.1315,-29.4025,0.9163544323979592,0.0836455676020407,0.0,,mappingafrica-256/images/ZA2430922_2020-10.tif,mappingafrica-256/labels/ZA2430922_26337_2020-10.tif,train
ZA2453097,mappingafrica,v2.0.0,ZA,29.8865,-29.4475,0.6494937818877551,0.3505062181122449,0.0,,mappingafrica-256/images/ZA2453097_2023-10.tif,mappingafrica-256/labels/ZA2453097_33271_2023-10.tif,train
ZA2461992,mappingafrica,v2.0.0,ZA,22.9965,-29.4675,0.8481744260204082,0.1518255739795918,0.0,,mappingafrica-256/images/ZA2461992_2021-09.tif,mappingafrica-256/labels/ZA2461992_18627_2021-09.tif,train
ZA2495023,mappingafrica,v2.0.0,ZA,30.3915,-29.5325,0.887077487244898,0.112922512755102,0.0,,mappingafrica-256/images/ZA2495023_2023-10.tif,mappingafrica-256/labels/ZA2495023_29311_2023-10.tif,train
ZA2561592,mappingafrica,v2.0.0,ZA,25.1815,-29.6725,1.0,0.0,0.0,,mappingafrica-256/images/ZA2561592_2021-01.tif,mappingafrica-256/labels/ZA2561592_32770_2021-01.tif,train
ZA2638996,mappingafrica,v2.0.0,ZA,30.4765,-29.8325,0.7116749043367347,0.2883250956632652,0.0,,mappingafrica-256/images/ZA2638996_2022-11.tif,mappingafrica-256/labels/ZA2638996_32802_2022-11.tif,train
ZA2648372,mappingafrica,v2.0.0,ZA,29.3665,-29.8525,0.8293407206632653,0.1706592793367347,0.0,,mappingafrica-256/images/ZA2648372_2018-08.tif,mappingafrica-256/labels/ZA2648372_100565_2018-08.tif,train
ZA2650557,mappingafrica,v2.0.0,ZA,26.3315,-29.8575,0.6233059630102041,0.3766940369897958,0.0,,mappingafrica-256/images/ZA2650557_2022-01.tif,mappingafrica-256/labels/ZA2650557_26349_2022-01.tif,validate
ZA2677304,mappingafrica,v2.0.0,ZA,30.3165,-29.9125,0.4412468112244898,0.5587531887755102,0.0,,mappingafrica-256/images/ZA2677304_2023-11.tif,mappingafrica-256/labels/ZA2677304_34797_2023-11.tif,train
ZA2679755,mappingafrica,v2.0.0,ZA,30.6165,-29.9175,0.4141621492346938,0.5858378507653061,0.0,,mappingafrica-256/images/ZA2679755_2018-08.tif,mappingafrica-256/labels/ZA2679755_4949_2018-08.tif,train
ZA2701312,mappingafrica,v2.0.0,ZA,30.6165,-29.9625,0.6061662946428571,0.3938337053571429,0.0,,mappingafrica-256/images/ZA2701312_2019-08.tif,mappingafrica-256/labels/ZA2701312_26350_2019-08.tif,test
ZM0033897,mappingafrica,v1.3.0,ZM,31.4915,-8.72749999999999,0.1122847576530612,0.8877152423469388,0.0,,mappingafrica-256/images/ZM0033897_2021-08.tif,mappingafrica-256/labels/ZM0033897_904418_2021-08.tif,validate
ZM0041801,mappingafrica,v2.0.0,ZM,30.8915,-8.8025,0.4614556760204081,0.538544323979592,0.0,,mappingafrica-256/images/ZM0041801_2021-10.tif,mappingafrica-256/labels/ZM0041801_26356_2021-10.tif,train
ZM0043002,mappingafrica,v1.3.0,ZM,31.5115,-8.81249999999999,0.3071189413265306,0.6928810586734694,0.0,,mappingafrica-256/images/ZM0043002_2021-08.tif,mappingafrica-256/labels/ZM0043002_904420_2021-08.tif,test
ZM0080034,mappingafrica,v1.3.0,ZM,31.8965,-9.10749999999999,0.7316446109693877,0.2683553890306123,0.0,,mappingafrica-256/images/ZM0080034_2021-08.tif,mappingafrica-256/labels/ZM0080034_904428_2021-08.tif,train
ZM0083040,mappingafrica,v1.3.0,ZM,32.1365,-9.12749999999999,0.2226363201530612,0.7773636798469388,0.0,,mappingafrica-256/images/ZM0083040_2021-08.tif,mappingafrica-256/labels/ZM0083040_904429_2021-08.tif,test
ZM0127117,mappingafrica,v2.0.0,ZM,32.2065,-9.3875,0.5891063456632653,0.4108936543367347,0.0,,mappingafrica-256/images/ZM0127117_2020-07.tif,mappingafrica-256/labels/ZM0127117_35290_2020-07.tif,train
ZM0177183,mappingafrica,v1.3.0,ZM,32.7315,-9.6675,0.2937260841836734,0.7062739158163266,0.0,,mappingafrica-256/images/ZM0177183_2021-08.tif,mappingafrica-256/labels/ZM0177183_904444_2021-08.tif,train
ZM0204088,mappingafrica,v1.3.0,ZM,29.0665,-9.8175,0.7725805165816326,0.2274194834183673,0.0,,mappingafrica-256/images/ZM0204088_2021-08.tif,mappingafrica-256/labels/ZM0204088_904457_2021-08.tif,test
ZM0205011,mappingafrica,v1.3.0,ZM,29.0265,-9.82249999999999,0.0404974489795918,0.9595025510204082,0.0,,mappingafrica-256/images/ZM0205011_2021-08.tif,mappingafrica-256/labels/ZM0205011_904458_2021-08.tif,train
ZM0230232,mappingafrica,v2.0.0,ZM,32.4265,-9.95249999999999,0.1665736607142857,0.8334263392857143,0.0,,mappingafrica-256/images/ZM0230232_2018-08.tif,mappingafrica-256/labels/ZM0230232_12586_2018-08.tif,train
ZM0231571,mappingafrica,v1.3.0,ZM,29.6715,-9.96249999999999,0.0431481186224489,0.9568518813775512,0.0,,mappingafrica-256/images/ZM0231571_2021-08.tif,mappingafrica-256/labels/ZM0231571_904461_2021-08.tif,validate
ZM0268138,mappingafrica,v2.0.0,ZM,32.6815,-10.1525,0.2027264030612245,0.7972735969387755,0.0,,mappingafrica-256/images/ZM0268138_2021-06.tif,mappingafrica-256/labels/ZM0268138_9231_2021-06.tif,train
ZM0399465,mappingafrica,v2.0.0,ZM,30.3665,-10.8175,0.2396364795918367,0.7603635204081634,0.0,,mappingafrica-256/images/ZM0399465_2018-08.tif,mappingafrica-256/labels/ZM0399465_10308_2018-08.tif,validate
ZM0468240,mappingafrica,v2.0.0,ZM,28.8865,-11.1625,0.3018375318877551,0.6981624681122449,0.0,,mappingafrica-256/images/ZM0468240_2021-06.tif,mappingafrica-256/labels/ZM0468240_15702_2021-06.tif,train
ZM0470096,mappingafrica,v2.0.0,ZM,32.8965,-11.1675,0.3899673150510204,0.6100326849489797,0.0,,mappingafrica-256/images/ZM0470096_2022-09.tif,mappingafrica-256/labels/ZM0470096_1302_2022-09.tif,validate
ZM0470454,mappingafrica,v1.3.0,ZM,29.4165,-11.1725,0.0171994579081632,0.9828005420918368,0.0,,mappingafrica-256/images/ZM0470454_2021-08.tif,mappingafrica-256/labels/ZM0470454_904502_2021-08.tif,train
ZM0509285,mappingafrica,v1.3.0,ZM,24.3415,-11.3475,0.2294523278061224,0.7705476721938775,0.0,,mappingafrica-256/images/ZM0509285_2021-08.tif,mappingafrica-256/labels/ZM0509285_904505_2021-08.tif,train
ZM0542991,mappingafrica,v1.3.0,ZM,30.7315,-11.4875,0.0458386479591836,0.9541613520408164,0.0,,mappingafrica-256/images/ZM0542991_2021-08.tif,mappingafrica-256/labels/ZM0542991_904522_2021-08.tif,train
ZM0545457,mappingafrica,v1.3.0,ZM,30.7615,-11.4975,0.3002630739795918,0.6997369260204083,0.0,,mappingafrica-256/images/ZM0545457_2021-08.tif,mappingafrica-256/labels/ZM0545457_904526_2021-08.tif,train
ZM0546690,mappingafrica,v1.3.0,ZM,30.7715,-11.5025,0.2904575892857143,0.7095424107142857,0.0,,mappingafrica-256/images/ZM0546690_2021-08.tif,mappingafrica-256/labels/ZM0546690_904529_2021-08.tif,train
ZM0573246,mappingafrica,v2.0.0,ZM,33.1915,-11.6075,0.4909717793367347,0.5090282206632653,0.0,,mappingafrica-256/images/ZM0573246_2018-08.tif,mappingafrica-256/labels/ZM0573246_18631_2018-08.tif,train
ZM0651923,mappingafrica,v2.0.0,ZM,33.2665,-11.8975,0.7996851084183674,0.2003148915816326,0.0,,mappingafrica-256/images/ZM0651923_2019-08.tif,mappingafrica-256/labels/ZM0651923_1306_2019-08.tif,validate
ZM0656824,mappingafrica,v1.3.0,ZM,28.6915,-11.9175,0.2204041772959183,0.7795958227040817,0.0,,mappingafrica-256/images/ZM0656824_2021-08.tif,mappingafrica-256/labels/ZM0656824_904538_2021-08.tif,train
ZM0677704,mappingafrica,v2.0.0,ZM,33.2215,-11.9825,0.5239556760204082,0.4760443239795918,0.0,,mappingafrica-256/images/ZM0677704_2021-09.tif,mappingafrica-256/labels/ZM0677704_100570_2021-09.tif,train
ZM0738013,mappingafrica,v2.0.0,ZM,31.3765,-12.1725,0.445491868622449,0.5545081313775511,0.0,,mappingafrica-256/images/ZM0738013_2023-07.tif,mappingafrica-256/labels/ZM0738013_30998_2023-07.tif,train
ZM0775597,mappingafrica,v2.0.0,ZM,33.0065,-12.2925,0.8305165816326531,0.1694834183673469,0.0,,mappingafrica-256/images/ZM0775597_2023-09.tif,mappingafrica-256/labels/ZM0775597_33508_2023-09.tif,test
ZM0779369,mappingafrica,v2.0.0,ZM,26.8015,-12.3075,0.4748684630102041,0.525131536989796,0.0,,mappingafrica-256/images/ZM0779369_2017-08.tif,mappingafrica-256/labels/ZM0779369_27995_2017-08.tif,test
ZM0782839,mappingafrica,v1.3.0,ZM,29.3815,-12.3175,0.021484375,0.978515625,0.0,,mappingafrica-256/images/ZM0782839_2021-08.tif,mappingafrica-256/labels/ZM0782839_904552_2021-08.tif,train
ZM0793163,mappingafrica,v2.0.0,ZM,33.3565,-12.3475,0.698860012755102,0.301139987244898,0.0,,mappingafrica-256/images/ZM0793163_2019-08.tif,mappingafrica-256/labels/ZM0793163_27997_2019-08.tif,train
ZM0802990,mappingafrica,v2.0.0,ZM,33.3565,-12.3775,0.9685307716836736,0.0314692283163263,0.0,,mappingafrica-256/images/ZM0802990_2017-08.tif,mappingafrica-256/labels/ZM0802990_31268_2017-08.tif,train
ZM0816896,mappingafrica,v1.3.0,ZM,30.2265,-12.4225,0.1445511798469387,0.8554488201530613,0.0,,mappingafrica-256/images/ZM0816896_2021-08.tif,mappingafrica-256/labels/ZM0816896_904557_2021-08.tif,train
ZM0819028,mappingafrica,v1.3.0,ZM,32.8015,-12.4275,0.3482940051020408,0.6517059948979592,0.0,,mappingafrica-256/images/ZM0819028_2021-08.tif,mappingafrica-256/labels/ZM0819028_904558_2021-08.tif,train
ZM0841628,mappingafrica,v2.0.0,ZM,32.8715,-12.4975,0.8034319196428571,0.1965680803571429,0.0,,mappingafrica-256/images/ZM0841628_2022-09.tif,mappingafrica-256/labels/ZM0841628_6036_2022-09.tif,train
ZM0856175,mappingafrica,v2.0.0,ZM,32.9615,-12.5425,0.8013592155612245,0.1986407844387755,0.0,,mappingafrica-256/images/ZM0856175_2018-08.tif,mappingafrica-256/labels/ZM0856175_6038_2018-08.tif,train
ZM0918275,mappingafrica,v2.0.0,ZM,28.3665,-12.7425,0.1790696747448979,0.8209303252551021,0.0,,mappingafrica-256/images/ZM0918275_2017-08.tif,mappingafrica-256/labels/ZM0918275_13659_2017-08.tif,train
ZM0919332,mappingafrica,v2.0.0,ZM,25.9165,-12.7475,0.5793407206632653,0.4206592793367347,0.0,,mappingafrica-256/images/ZM0919332_2019-08.tif,mappingafrica-256/labels/ZM0919332_3226_2019-08.tif,train
ZM0952811,mappingafrica,v2.0.0,ZM,30.8665,-12.8525,0.3744818239795918,0.6255181760204083,0.0,,mappingafrica-256/images/ZM0952811_2020-09.tif,mappingafrica-256/labels/ZM0952811_11382_2020-09.tif,test
ZM0980997,mappingafrica,v1.3.0,ZM,27.2765,-12.9425,0.1241230867346938,0.8758769132653061,0.0,,mappingafrica-256/images/ZM0980997_2021-08.tif,mappingafrica-256/labels/ZM0980997_904595_2021-08.tif,test
ZM0982611,mappingafrica,v1.3.0,ZM,27.3665,-12.9475,0.0159040178571428,0.9840959821428572,0.0,,mappingafrica-256/images/ZM0982611_2021-08.tif,mappingafrica-256/labels/ZM0982611_904596_2021-08.tif,test
ZM0984060,mappingafrica,v1.3.0,ZM,26.6315,-12.9525,0.2176737882653061,0.7823262117346939,0.0,,mappingafrica-256/images/ZM0984060_2021-08.tif,mappingafrica-256/labels/ZM0984060_904597_2021-08.tif,validate
ZM0988959,mappingafrica,v1.3.0,ZM,27.2065,-12.9675,0.0990513392857142,0.9009486607142858,0.0,,mappingafrica-256/images/ZM0988959_2021-08.tif,mappingafrica-256/labels/ZM0988959_904598_2021-08.tif,validate
ZM0990867,mappingafrica,v2.0.0,ZM,28.7765,-12.9725,0.1627471301020408,0.8372528698979592,0.0,,mappingafrica-256/images/ZM0990867_2018-08.tif,mappingafrica-256/labels/ZM0990867_16716_2018-08.tif,train
ZM0991493,mappingafrica,v2.0.0,ZM,32.9165,-12.9725,0.6500916772959183,0.3499083227040817,0.0,,mappingafrica-256/images/ZM0991493_2019-08.tif,mappingafrica-256/labels/ZM0991493_19005_2019-08.tif,test
ZM0998729,mappingafrica,v2.0.0,ZM,26.5265,-12.9975,0.0243144132653061,0.975685586734694,0.0,,mappingafrica-256/images/ZM0998729_2020-07.tif,mappingafrica-256/labels/ZM0998729_32419_2020-07.tif,train
ZM1064799,mappingafrica,v1.3.0,ZM,25.9765,-13.1625,0.1220304528061224,0.8779695471938775,0.0,,mappingafrica-256/images/ZM1064799_2021-08.tif,mappingafrica-256/labels/ZM1064799_904609_2021-08.tif,train
ZM1075580,mappingafrica,v2.0.0,ZM,30.2465,-13.1875,0.1389708227040816,0.8610291772959184,0.0,,mappingafrica-256/images/ZM1075580_2019-02.tif,mappingafrica-256/labels/ZM1075580_19730_2019-02.tif,test
ZM1092708,mappingafrica,v1.3.0,ZM,23.6365,-13.2325,0.0192920918367346,0.9807079081632654,0.0,,mappingafrica-256/images/ZM1092708_2021-08.tif,mappingafrica-256/labels/ZM1092708_904620_2021-08.tif,train
ZM1101968,mappingafrica,v1.3.0,ZM,28.8465,-13.2525,0.0789819834183673,0.9210180165816328,0.0,,mappingafrica-256/images/ZM1101968_2021-08.tif,mappingafrica-256/labels/ZM1101968_904623_2021-08.tif,validate
ZM1114943,mappingafrica,v2.0.0,ZM,32.6515,-13.2825,0.3996731505102041,0.600326849489796,0.0,,mappingafrica-256/images/ZM1114943_2018-08.tif,mappingafrica-256/labels/ZM1114943_26412_2018-08.tif,train
ZM1135107,mappingafrica,v2.0.0,ZM,30.1965,-13.3325,0.027602838010204,0.972397161989796,0.0,,mappingafrica-256/images/ZM1135107_2020-02.tif,mappingafrica-256/labels/ZM1135107_7101_2020-02.tif,train
ZM1164925,mappingafrica,v1.3.0,ZM,32.3615,-13.4025,0.3066206951530612,0.6933793048469388,0.0,,mappingafrica-256/images/ZM1164925_2021-08.tif,mappingafrica-256/labels/ZM1164925_904633_2021-08.tif,test
ZM1176494,mappingafrica,v2.0.0,ZM,25.8265,-13.4325,0.679069674744898,0.320930325255102,0.0,,mappingafrica-256/images/ZM1176494_2022-06.tif,mappingafrica-256/labels/ZM1176494_20566_2022-06.tif,train
ZM1183465,mappingafrica,v2.0.0,ZM,28.2815,-13.4475,0.1917051977040816,0.8082948022959184,0.0,,mappingafrica-256/images/ZM1183465_2018-08.tif,mappingafrica-256/labels/ZM1183465_18636_2018-08.tif,train
ZM1188640,mappingafrica,v2.0.0,ZM,32.4115,-13.4575,0.3831911670918367,0.6168088329081634,0.0,,mappingafrica-256/images/ZM1188640_2018-08.tif,mappingafrica-256/labels/ZM1188640_100217_2018-08.tif,train
ZM1192239,mappingafrica,v2.0.0,ZM,28.6715,-13.4675,0.2944236288265306,0.7055763711734694,0.0,,mappingafrica-256/images/ZM1192239_2017-08.tif,mappingafrica-256/labels/ZM1192239_26415_2017-08.tif,train
ZM1207297,mappingafrica,v2.0.0,ZM,28.0415,-13.5025,0.984016262755102,0.0159837372448979,0.0,,mappingafrica-256/images/ZM1207297_2020-07.tif,mappingafrica-256/labels/ZM1207297_33929_2020-07.tif,train
ZM1221191,mappingafrica,v1.3.0,ZM,32.4415,-13.5325,0.7021882971938775,0.2978117028061224,0.0,,mappingafrica-256/images/ZM1221191_2021-08.tif,mappingafrica-256/labels/ZM1221191_904640_2021-08.tif,train
ZM1234167,mappingafrica,v2.0.0,ZM,32.5215,-13.5625,0.3013392857142857,0.6986607142857143,0.0,,mappingafrica-256/images/ZM1234167_2020-07.tif,mappingafrica-256/labels/ZM1234167_32912_2020-07.tif,test
ZM1239321,mappingafrica,v2.0.0,ZM,26.0415,-13.5775,0.1221500318877551,0.8778499681122449,0.0,,mappingafrica-256/images/ZM1239321_2022-06.tif,mappingafrica-256/labels/ZM1239321_29997_2022-06.tif,train
ZM1284948,mappingafrica,v2.0.0,ZM,28.6265,-13.6825,0.1763193558673469,0.8236806441326531,0.0,,mappingafrica-256/images/ZM1284948_2021-06.tif,mappingafrica-256/labels/ZM1284948_17672_2021-06.tif,train
ZM1308785,mappingafrica,v2.0.0,ZM,28.6315,-13.7375,0.8691007653061225,0.1308992346938775,0.0,,mappingafrica-256/images/ZM1308785_2017-08.tif,mappingafrica-256/labels/ZM1308785_34924_2017-08.tif,train
ZM1311683,mappingafrica,v2.0.0,ZM,32.3115,-13.7425,0.8454440369897959,0.1545559630102041,0.0,,mappingafrica-256/images/ZM1311683_2022-01.tif,mappingafrica-256/labels/ZM1311683_32926_2022-01.tif,test
ZM1317557,mappingafrica,v2.0.0,ZM,29.2915,-13.7575,0.452327806122449,0.5476721938775511,0.0,,mappingafrica-256/images/ZM1317557_2022-06.tif,mappingafrica-256/labels/ZM1317557_28000_2022-06.tif,train
ZM1318210,mappingafrica,v2.0.0,ZM,32.5565,-13.7575,0.5243542729591837,0.4756457270408163,0.0,,mappingafrica-256/images/ZM1318210_2022-07.tif,mappingafrica-256/labels/ZM1318210_6043_2022-07.tif,train
ZM1326235,mappingafrica,v2.0.0,ZM,29.5515,-13.7775,0.9112125318877552,0.0887874681122448,0.0,,mappingafrica-256/images/ZM1326235_2023-06.tif,mappingafrica-256/labels/ZM1326235_35005_2023-06.tif,train
ZM1329034,mappingafrica,v1.3.0,ZM,32.7515,-13.7825,0.2334582270408163,0.7665417729591837,0.0,,mappingafrica-256/images/ZM1329034_2021-08.tif,mappingafrica-256/labels/ZM1329034_904669_2021-08.tif,validate
ZM1330620,mappingafrica,v2.0.0,ZM,29.8515,-13.7875,0.2954599808673469,0.7045400191326531,0.0,,mappingafrica-256/images/ZM1330620_2021-06.tif,mappingafrica-256/labels/ZM1330620_12595_2021-06.tif,test
ZM1348514,mappingafrica,v2.0.0,ZM,32.2915,-13.8275,0.3195750956632653,0.6804249043367347,0.0,,mappingafrica-256/images/ZM1348514_2022-01.tif,mappingafrica-256/labels/ZM1348514_28002_2022-01.tif,train
ZM1350053,mappingafrica,v2.0.0,ZM,29.0865,-13.8325,0.9882015306122448,0.0117984693877551,0.0,,mappingafrica-256/images/ZM1350053_2023-06.tif,mappingafrica-256/labels/ZM1350053_28320_2023-06.tif,train
ZM1352873,mappingafrica,v2.0.0,ZM,32.2865,-13.8375,0.4091996173469387,0.5908003826530612,0.0,,mappingafrica-256/images/ZM1352873_2020-02.tif,mappingafrica-256/labels/ZM1352873_2675_2020-02.tif,train
ZM1365411,mappingafrica,v2.0.0,ZM,29.5115,-13.8675,0.725227200255102,0.274772799744898,0.0,,mappingafrica-256/images/ZM1365411_2022-06.tif,mappingafrica-256/labels/ZM1365411_10318_2022-06.tif,test
ZM1369611,mappingafrica,v2.0.0,ZM,28.6365,-13.8775,0.3067801339285714,0.6932198660714286,0.0,,mappingafrica-256/images/ZM1369611_2018-08.tif,mappingafrica-256/labels/ZM1369611_31061_2018-08.tif,train
ZM1380433,mappingafrica,v2.0.0,ZM,28.0015,-13.9025,0.8975207270408163,0.1024792729591836,0.0,,mappingafrica-256/images/ZM1380433_2023-06.tif,mappingafrica-256/labels/ZM1380433_34135_2023-06.tif,test
ZM1380562,mappingafrica,v2.0.0,ZM,28.6465,-13.9025,0.7876275510204082,0.2123724489795918,0.0,,mappingafrica-256/images/ZM1380562_2018-08.tif,mappingafrica-256/labels/ZM1380562_36273_2018-08.tif,test
ZM1381210,mappingafrica,v2.0.0,ZM,31.8865,-13.9025,0.349250637755102,0.650749362244898,0.0,,mappingafrica-256/images/ZM1381210_2020-09.tif,mappingafrica-256/labels/ZM1381210_17679_2020-09.tif,train
ZM1383558,mappingafrica,v2.0.0,ZM,32.6715,-13.9075,0.5998286033163265,0.4001713966836735,0.0,,mappingafrica-256/images/ZM1383558_2018-08.tif,mappingafrica-256/labels/ZM1383558_30184_2018-08.tif,train
ZM1404867,mappingafrica,v2.0.0,ZM,29.3215,-13.9575,0.8962452168367347,0.1037547831632652,0.0,,mappingafrica-256/images/ZM1404867_2019-08.tif,mappingafrica-256/labels/ZM1404867_8140_2019-08.tif,train
ZM1407735,mappingafrica,v2.0.0,ZM,32.5715,-13.9625,0.7446787308673469,0.2553212691326531,0.0,,mappingafrica-256/images/ZM1407735_2022-09.tif,mappingafrica-256/labels/ZM1407735_100577_2022-09.tif,train
ZM1407798,mappingafrica,v2.0.0,ZM,32.8865,-13.9625,0.299445950255102,0.700554049744898,0.0,,mappingafrica-256/images/ZM1407798_2022-09.tif,mappingafrica-256/labels/ZM1407798_26438_2022-09.tif,train
ZM1410422,mappingafrica,v1.3.0,ZM,23.7965,-13.9725,0.0357940051020408,0.9642059948979592,0.0,,mappingafrica-256/images/ZM1410422_2021-08.tif,mappingafrica-256/labels/ZM1410422_904673_2021-08.tif,validate
ZM1425384,mappingafrica,v2.0.0,ZM,31.8465,-14.0025,0.583625637755102,0.416374362244898,0.0,,mappingafrica-256/images/ZM1425384_2018-02.tif,mappingafrica-256/labels/ZM1425384_4959_2018-02.tif,train
ZM1429830,mappingafrica,v1.3.0,ZM,31.7915,-14.0125,0.7467713647959183,0.2532286352040817,0.0,,mappingafrica-256/images/ZM1429830_2021-08.tif,mappingafrica-256/labels/ZM1429830_904675_2021-08.tif,train
ZM1442703,mappingafrica,v2.0.0,ZM,29.4915,-14.0425,0.5892059948979592,0.4107940051020408,0.0,,mappingafrica-256/images/ZM1442703_2021-06.tif,mappingafrica-256/labels/ZM1442703_6046_2021-06.tif,train
ZM1447488,mappingafrica,v1.3.0,ZM,31.2365,-14.0525,0.5458785076530612,0.4541214923469387,0.0,,mappingafrica-256/images/ZM1447488_2021-08.tif,mappingafrica-256/labels/ZM1447488_904682_2021-08.tif,train
ZM1453571,mappingafrica,v1.3.0,ZM,28.4465,-14.0675,0.6853475765306123,0.3146524234693877,0.0,,mappingafrica-256/images/ZM1453571_2021-08.tif,mappingafrica-256/labels/ZM1453571_904683_2021-08.tif,train
ZM1454156,mappingafrica,v2.0.0,ZM,31.3715,-14.0675,0.9091597576530612,0.0908402423469387,0.0,,mappingafrica-256/images/ZM1454156_2018-02.tif,mappingafrica-256/labels/ZM1454156_8143_2018-02.tif,train
ZM1458572,mappingafrica,v1.3.0,ZM,31.3865,-14.0775,0.3385283801020408,0.6614716198979592,0.0,,mappingafrica-256/images/ZM1458572_2021-08.tif,mappingafrica-256/labels/ZM1458572_904685_2021-08.tif,test
ZM1463011,mappingafrica,v1.3.0,ZM,31.5665,-14.0875,0.8479352678571429,0.1520647321428571,0.0,,mappingafrica-256/images/ZM1463011_2021-08.tif,mappingafrica-256/labels/ZM1463011_904687_2021-08.tif,train
ZM1480437,mappingafrica,v1.3.0,ZM,31.2115,-14.1275,0.5392817283163265,0.4607182716836735,0.0,,mappingafrica-256/images/ZM1480437_2021-08.tif,mappingafrica-256/labels/ZM1480437_904692_2021-08.tif,train
ZM1488538,mappingafrica,v1.3.0,ZM,28.3265,-14.1475,0.2194874043367347,0.7805125956632653,0.0,,mappingafrica-256/images/ZM1488538_2021-08.tif,mappingafrica-256/labels/ZM1488538_904694_2021-08.tif,test
ZM1489183,mappingafrica,v1.3.0,ZM,31.5515,-14.1475,0.6834143813775511,0.3165856186224489,0.0,,mappingafrica-256/images/ZM1489183_2021-08.tif,mappingafrica-256/labels/ZM1489183_904696_2021-08.tif,train
ZM1519181,mappingafrica,v1.3.0,ZM,31.4815,-14.2175,0.6930604272959183,0.3069395727040817,0.0,,mappingafrica-256/images/ZM1519181_2021-08.tif,mappingafrica-256/labels/ZM1519181_904707_2021-08.tif,train
ZM1525725,mappingafrica,v2.0.0,ZM,32.3965,-14.2325,0.7046795280612245,0.2953204719387755,0.0,,mappingafrica-256/images/ZM1525725_2020-09.tif,mappingafrica-256/labels/ZM1525725_26464_2020-09.tif,train
ZM1540437,mappingafrica,v2.0.0,ZM,32.1715,-14.2675,0.9433793048469388,0.0566206951530612,0.0,,mappingafrica-256/images/ZM1540437_2017-08.tif,mappingafrica-256/labels/ZM1540437_32367_2017-08.tif,train
ZM1541728,mappingafrica,v2.0.0,ZM,28.1315,-14.2725,0.7157007334183674,0.2842992665816326,0.0,,mappingafrica-256/images/ZM1541728_2023-06.tif,mappingafrica-256/labels/ZM1541728_34466_2023-06.tif,train
ZM1546620,mappingafrica,v2.0.0,ZM,31.6365,-14.2825,0.6156529017857143,0.3843470982142857,0.0,,mappingafrica-256/images/ZM1546620_2021-01.tif,mappingafrica-256/labels/ZM1546620_30023_2021-01.tif,train
ZM1550935,mappingafrica,v2.0.0,ZM,32.3065,-14.2925,0.8315130739795918,0.1684869260204081,0.0,,mappingafrica-256/images/ZM1550935_2023-09.tif,mappingafrica-256/labels/ZM1550935_31210_2023-09.tif,train
ZM1552358,mappingafrica,v2.0.0,ZM,29.0015,-14.2975,0.4352877869897959,0.564712213010204,0.0,,mappingafrica-256/images/ZM1552358_2018-08.tif,mappingafrica-256/labels/ZM1552358_8147_2018-08.tif,train
ZM1552842,mappingafrica,v2.0.0,ZM,31.4215,-14.2975,0.6189014668367347,0.3810985331632652,0.0,,mappingafrica-256/images/ZM1552842_2018-02.tif,mappingafrica-256/labels/ZM1552842_1330_2018-02.tif,train
ZM1570817,mappingafrica,v2.0.0,ZM,28.6815,-14.3425,0.7253467793367347,0.2746532206632652,0.0,,mappingafrica-256/images/ZM1570817_2017-08.tif,mappingafrica-256/labels/ZM1570817_28503_2017-08.tif,train
ZM1595012,mappingafrica,v1.3.0,ZM,28.3165,-14.4025,0.394172512755102,0.605827487244898,0.0,,mappingafrica-256/images/ZM1595012_2021-08.tif,mappingafrica-256/labels/ZM1595012_904728_2021-08.tif,train
ZM1603602,mappingafrica,v1.3.0,ZM,31.3865,-14.4225,0.3064014668367347,0.6935985331632653,0.0,,mappingafrica-256/images/ZM1603602_2021-08.tif,mappingafrica-256/labels/ZM1603602_904732_2021-08.tif,train
ZM1611482,mappingafrica,v2.0.0,ZM,31.1065,-14.4425,0.6518056441326531,0.3481943558673469,0.0,,mappingafrica-256/images/ZM1611482_2023-09.tif,mappingafrica-256/labels/ZM1611482_33475_2023-09.tif,train
ZM1618822,mappingafrica,v1.3.0,ZM,28.2865,-14.4625,0.4299864477040816,0.5700135522959184,0.0,,mappingafrica-256/images/ZM1618822_2021-08.tif,mappingafrica-256/labels/ZM1618822_904737_2021-08.tif,validate
ZM1621496,mappingafrica,v2.0.0,ZM,31.8015,-14.4675,0.6140983737244898,0.3859016262755101,0.0,,mappingafrica-256/images/ZM1621496_2019-08.tif,mappingafrica-256/labels/ZM1621496_37926_2019-08.tif,validate
ZM1622949,mappingafrica,v1.3.0,ZM,29.2215,-14.4725,0.1761001275510204,0.8238998724489797,0.0,,mappingafrica-256/images/ZM1622949_2021-08.tif,mappingafrica-256/labels/ZM1622949_904739_2021-08.tif,test
ZM1626857,mappingafrica,v2.0.0,ZM,29.1015,-14.4825,0.4106744260204081,0.589325573979592,0.0,,mappingafrica-256/images/ZM1626857_2017-08.tif,mappingafrica-256/labels/ZM1626857_100587_2017-08.tif,train
ZM1631179,mappingafrica,v2.0.0,ZM,31.1215,-14.4925,0.4237484056122449,0.5762515943877551,0.0,,mappingafrica-256/images/ZM1631179_2021-09.tif,mappingafrica-256/labels/ZM1631179_18637_2021-09.tif,train
ZM1638235,mappingafrica,v2.0.0,ZM,27.4915,-14.5125,0.5771484375,0.4228515625,0.0,,mappingafrica-256/images/ZM1638235_2022-06.tif,mappingafrica-256/labels/ZM1638235_16728_2022-06.tif,train
ZM1648061,mappingafrica,v2.0.0,ZM,28.3215,-14.5375,0.9996213329081632,0.0003786670918367,0.0,,mappingafrica-256/images/ZM1648061_2022-06.tif,mappingafrica-256/labels/ZM1648061_37061_2022-06.tif,train
ZM1665066,mappingafrica,v2.0.0,ZM,26.9565,-14.5825,0.2308673469387755,0.7691326530612245,0.0,,mappingafrica-256/images/ZM1665066_2020-07.tif,mappingafrica-256/labels/ZM1665066_100588_2020-07.tif,train
ZM1677401,mappingafrica,v1.3.0,ZM,31.4565,-14.6125,0.4519491390306122,0.5480508609693878,0.0,,mappingafrica-256/images/ZM1677401_2021-08.tif,mappingafrica-256/labels/ZM1677401_904767_2021-08.tif,train
ZM1683020,mappingafrica,v2.0.0,ZM,31.0915,-14.6275,0.8426339285714286,0.1573660714285714,0.0,,mappingafrica-256/images/ZM1683020_2023-09.tif,mappingafrica-256/labels/ZM1683020_32397_2023-09.tif,train
ZM1688624,mappingafrica,v1.3.0,ZM,30.8515,-14.6425,0.5479113520408163,0.4520886479591837,0.0,,mappingafrica-256/images/ZM1688624_2021-08.tif,mappingafrica-256/labels/ZM1688624_904773_2021-08.tif,train
ZM1690593,mappingafrica,v1.3.0,ZM,31.3215,-14.6475,0.8823142538265306,0.1176857461734693,0.0,,mappingafrica-256/images/ZM1690593_2021-08.tif,mappingafrica-256/labels/ZM1690593_904775_2021-08.tif,train
ZM1697438,mappingafrica,v1.3.0,ZM,28.3065,-14.6675,0.4106146364795918,0.5893853635204083,0.0,,mappingafrica-256/images/ZM1697438_2021-08.tif,mappingafrica-256/labels/ZM1697438_904778_2021-08.tif,train
ZM1697557,mappingafrica,v2.0.0,ZM,28.9015,-14.6675,0.411750637755102,0.588249362244898,0.0,,mappingafrica-256/images/ZM1697557_2023-06.tif,mappingafrica-256/labels/ZM1697557_35943_2023-06.tif,test
ZM1710231,mappingafrica,v2.0.0,ZM,27.8965,-14.7025,0.7562579719387755,0.2437420280612244,0.0,,mappingafrica-256/images/ZM1710231_2019-08.tif,mappingafrica-256/labels/ZM1710231_36239_2019-08.tif,train
ZM1714522,mappingafrica,v1.3.0,ZM,31.0965,-14.7125,0.8029735331632653,0.1970264668367347,0.0,,mappingafrica-256/images/ZM1714522_2021-08.tif,mappingafrica-256/labels/ZM1714522_904788_2021-08.tif,train
ZM1717637,mappingafrica,v1.3.0,ZM,28.4765,-14.7225,0.6857661033163265,0.3142338966836735,0.0,,mappingafrica-256/images/ZM1717637_2021-08.tif,mappingafrica-256/labels/ZM1717637_904791_2021-08.tif,train
ZM1719919,mappingafrica,v1.3.0,ZM,30.8215,-14.7275,0.1907884247448979,0.8092115752551021,0.0,,mappingafrica-256/images/ZM1719919_2021-08.tif,mappingafrica-256/labels/ZM1719919_904794_2021-08.tif,test
ZM1735320,mappingafrica,v2.0.0,ZM,27.1515,-14.7725,0.2555404974489796,0.7444595025510203,0.0,,mappingafrica-256/images/ZM1735320_2022-06.tif,mappingafrica-256/labels/ZM1735320_4965_2022-06.tif,validate
ZM1740730,mappingafrica,v2.0.0,ZM,27.6815,-14.7875,0.3831313775510204,0.6168686224489797,0.0,,mappingafrica-256/images/ZM1740730_2018-08.tif,mappingafrica-256/labels/ZM1740730_20581_2018-08.tif,train
ZM1740780,mappingafrica,v2.0.0,ZM,27.9315,-14.7875,0.9231704400510204,0.0768295599489795,0.0,,mappingafrica-256/images/ZM1740780_2019-08.tif,mappingafrica-256/labels/ZM1740780_26481_2019-08.tif,train
ZM1741967,mappingafrica,v2.0.0,ZM,25.0665,-14.7925,0.5018136160714286,0.4981863839285714,0.0,,mappingafrica-256/images/ZM1741967_2017-08.tif,mappingafrica-256/labels/ZM1741967_4967_2017-08.tif,validate
ZM1762821,mappingafrica,v1.3.0,ZM,24.7615,-14.8525,0.3714524872448979,0.6285475127551021,0.0,,mappingafrica-256/images/ZM1762821_2021-08.tif,mappingafrica-256/labels/ZM1762821_904804_2021-08.tif,train
ZM1767014,mappingafrica,v1.3.0,ZM,28.4865,-14.8625,0.4221739477040816,0.5778260522959184,0.0,,mappingafrica-256/images/ZM1767014_2021-08.tif,mappingafrica-256/labels/ZM1767014_904806_2021-08.tif,validate
ZM1771826,mappingafrica,v2.0.0,ZM,26.7815,-14.8775,0.5577766262755102,0.4422233737244898,0.0,,mappingafrica-256/images/ZM1771826_2020-07.tif,mappingafrica-256/labels/ZM1771826_9251_2020-07.tif,test
ZM1780443,mappingafrica,v2.0.0,ZM,27.1965,-14.9025,0.6567283163265306,0.3432716836734694,0.0,,mappingafrica-256/images/ZM1780443_2018-08.tif,mappingafrica-256/labels/ZM1780443_35718_2018-08.tif,train
ZM1787513,mappingafrica,v2.0.0,ZM,28.6265,-14.9225,0.2154217155612245,0.7845782844387755,0.0,,mappingafrica-256/images/ZM1787513_2020-07.tif,mappingafrica-256/labels/ZM1787513_17687_2020-07.tif,train
ZM1789170,mappingafrica,v1.3.0,ZM,28.4565,-14.9275,0.1482780612244898,0.8517219387755102,0.0,,mappingafrica-256/images/ZM1789170_2021-08.tif,mappingafrica-256/labels/ZM1789170_904807_2021-08.tif,train
ZM1807355,mappingafrica,v2.0.0,ZM,27.1515,-14.9825,0.6274713010204082,0.3725286989795918,0.0,,mappingafrica-256/images/ZM1807355_2018-08.tif,mappingafrica-256/labels/ZM1807355_34708_2018-08.tif,test
ZM1823749,mappingafrica,v1.3.0,ZM,26.7165,-15.0325,0.0714883609693877,0.9285116390306124,0.0,,mappingafrica-256/images/ZM1823749_2021-08.tif,mappingafrica-256/labels/ZM1823749_904817_2021-08.tif,train
ZM1827161,mappingafrica,v2.0.0,ZM,27.3015,-15.0425,0.3431919642857143,0.6568080357142857,0.0,,mappingafrica-256/images/ZM1827161_2019-08.tif,mappingafrica-256/labels/ZM1827161_13673_2019-08.tif,test
ZM1834970,mappingafrica,v2.0.0,ZM,25.1965,-15.0675,0.378547512755102,0.621452487244898,0.0,,mappingafrica-256/images/ZM1834970_2023-06.tif,mappingafrica-256/labels/ZM1834970_33098_2023-06.tif,train
ZM1857276,mappingafrica,v2.0.0,ZM,29.7365,-15.1325,0.2912946428571428,0.7087053571428572,0.0,,mappingafrica-256/images/ZM1857276_2020-09.tif,mappingafrica-256/labels/ZM1857276_16730_2020-09.tif,validate
ZM1858563,mappingafrica,v1.3.0,ZM,27.9365,-15.1375,0.0204878826530612,0.9795121173469388,0.0,,mappingafrica-256/images/ZM1858563_2021-08.tif,mappingafrica-256/labels/ZM1858563_904828_2021-08.tif,train
ZM1858604,mappingafrica,v1.3.0,ZM,28.1415,-15.1375,0.224250637755102,0.775749362244898,0.0,,mappingafrica-256/images/ZM1858604_2021-08.tif,mappingafrica-256/labels/ZM1858604_904829_2021-08.tif,test
ZM1886553,mappingafrica,v2.0.0,ZM,27.5515,-15.2225,0.8899075255102041,0.1100924744897958,0.0,,mappingafrica-256/images/ZM1886553_2023-06.tif,mappingafrica-256/labels/ZM1886553_37809_2023-06.tif,train
ZM1886674,mappingafrica,v2.0.0,ZM,28.1565,-15.2225,0.3032326211734694,0.6967673788265306,0.0,,mappingafrica-256/images/ZM1886674_2017-08.tif,mappingafrica-256/labels/ZM1886674_26498_2017-08.tif,train
ZM1894627,mappingafrica,v2.0.0,ZM,26.5515,-15.2475,0.074477838010204,0.925522161989796,0.0,,mappingafrica-256/images/ZM1894627_2021-06.tif,mappingafrica-256/labels/ZM1894627_18643_2021-06.tif,train
ZM1896554,mappingafrica,v1.3.0,ZM,27.9015,-15.2525,0.0935905612244897,0.9064094387755104,0.0,,mappingafrica-256/images/ZM1896554_2021-08.tif,mappingafrica-256/labels/ZM1896554_904843_2021-08.tif,train
ZM1896595,mappingafrica,v1.3.0,ZM,28.1065,-15.2525,0.1789899553571428,0.8210100446428572,0.0,,mappingafrica-256/images/ZM1896595_2021-08.tif,mappingafrica-256/labels/ZM1896595_904844_2021-08.tif,train
ZM1926536,mappingafrica,v1.3.0,ZM,27.7415,-15.3425,0.8075972576530612,0.1924027423469387,0.0,,mappingafrica-256/images/ZM1926536_2021-08.tif,mappingafrica-256/labels/ZM1926536_904856_2021-08.tif,train
ZM1926654,mappingafrica,v2.0.0,ZM,28.3315,-15.3425,0.1104711415816326,0.8895288584183674,0.0,,mappingafrica-256/images/ZM1926654_2021-06.tif,mappingafrica-256/labels/ZM1926654_3815_2021-06.tif,train
ZM1926676,mappingafrica,v1.3.0,ZM,28.4415,-15.3425,0.3474968112244898,0.6525031887755102,0.0,,mappingafrica-256/images/ZM1926676_2021-08.tif,mappingafrica-256/labels/ZM1926676_904858_2021-08.tif,validate
ZM1939948,mappingafrica,v1.3.0,ZM,27.7365,-15.3825,0.0781449298469387,0.9218550701530612,0.0,,mappingafrica-256/images/ZM1939948_2021-08.tif,mappingafrica-256/labels/ZM1939948_904867_2021-08.tif,train
ZM1946529,mappingafrica,v2.0.0,ZM,27.0815,-15.4025,0.6689253826530612,0.3310746173469387,0.0,,mappingafrica-256/images/ZM1946529_2019-08.tif,mappingafrica-256/labels/ZM1946529_17690_2019-08.tif,train
ZM1946557,mappingafrica,v2.0.0,ZM,27.2215,-15.4025,0.7256257971938775,0.2743742028061224,0.0,,mappingafrica-256/images/ZM1946557_2023-06.tif,mappingafrica-256/labels/ZM1946557_33221_2023-06.tif,train
ZM1950072,mappingafrica,v1.3.0,ZM,28.0265,-15.4125,0.2484056122448979,0.7515943877551021,0.0,,mappingafrica-256/images/ZM1950072_2021-08.tif,mappingafrica-256/labels/ZM1950072_904871_2021-08.tif,train
ZM1968156,mappingafrica,v2.0.0,ZM,26.1365,-15.4675,0.6909677933673469,0.3090322066326531,0.0,,mappingafrica-256/images/ZM1968156_2023-06.tif,mappingafrica-256/labels/ZM1968156_33794_2023-06.tif,validate
ZM1971903,mappingafrica,v2.0.0,ZM,28.0615,-15.4775,0.9248844068877552,0.0751155931122448,0.0,,mappingafrica-256/images/ZM1971903_2018-08.tif,mappingafrica-256/labels/ZM1971903_37481_2018-08.tif,train
ZM1978781,mappingafrica,v1.3.0,ZM,28.8465,-15.4975,0.3069595025510204,0.6930404974489797,0.0,,mappingafrica-256/images/ZM1978781_2021-08.tif,mappingafrica-256/labels/ZM1978781_904882_2021-08.tif,train
ZM1981314,mappingafrica,v1.3.0,ZM,24.7265,-15.5075,0.1706991390306122,0.8293008609693878,0.0,,mappingafrica-256/images/ZM1981314_2021-08.tif,mappingafrica-256/labels/ZM1981314_904884_2021-08.tif,train
ZM2004784,mappingafrica,v1.3.0,ZM,24.7615,-15.5775,0.358039700255102,0.641960299744898,0.0,,mappingafrica-256/images/ZM2004784_2021-08.tif,mappingafrica-256/labels/ZM2004784_904898_2021-08.tif,train
ZM2034538,mappingafrica,v1.3.0,ZM,28.0665,-15.6675,0.2622369260204081,0.737763073979592,0.0,,mappingafrica-256/images/ZM2034538_2021-08.tif,mappingafrica-256/labels/ZM2034538_904910_2021-08.tif,train
ZM2035143,mappingafrica,v1.3.0,ZM,23.5715,-15.6725,0.0976363201530612,0.9023636798469388,0.0,,mappingafrica-256/images/ZM2035143_2021-08.tif,mappingafrica-256/labels/ZM2035143_904911_2021-08.tif,train
ZM2043527,mappingafrica,v1.3.0,ZM,28.1215,-15.6975,0.3720105229591837,0.6279894770408163,0.0,,mappingafrica-256/images/ZM2043527_2021-08.tif,mappingafrica-256/labels/ZM2043527_904912_2021-08.tif,validate
ZM2079799,mappingafrica,v1.3.0,ZM,27.9765,-15.8225,0.7476283482142857,0.2523716517857143,0.0,,mappingafrica-256/images/ZM2079799_2021-08.tif,mappingafrica-256/labels/ZM2079799_904928_2021-08.tif,test
ZM2115045,mappingafrica,v2.0.0,ZM,27.6065,-15.9475,0.884765625,0.115234375,0.0,,mappingafrica-256/images/ZM2115045_2023-06.tif,mappingafrica-256/labels/ZM2115045_37644_2023-06.tif,train
ZM2145006,mappingafrica,v1.3.0,ZM,26.0615,-16.0575,0.9171316964285714,0.0828683035714286,0.0,,mappingafrica-256/images/ZM2145006_2021-08.tif,mappingafrica-256/labels/ZM2145006_904961_2021-08.tif,train
ZM2145201,mappingafrica,v1.3.0,ZM,27.0365,-16.0575,0.2023278061224489,0.7976721938775511,0.0,,mappingafrica-256/images/ZM2145201_2021-08.tif,mappingafrica-256/labels/ZM2145201_904962_2021-08.tif,test
ZM2164253,mappingafrica,v2.0.0,ZM,26.3965,-16.1275,0.4651626275510204,0.5348373724489797,0.0,,mappingafrica-256/images/ZM2164253_2017-08.tif,mappingafrica-256/labels/ZM2164253_9261_2017-08.tif,test
ZM2165740,mappingafrica,v2.0.0,ZM,26.9715,-16.1325,0.3387077487244898,0.6612922512755102,0.0,,mappingafrica-256/images/ZM2165740_2020-07.tif,mappingafrica-256/labels/ZM2165740_17695_2020-07.tif,validate
ZM2167021,mappingafrica,v2.0.0,ZM,26.5215,-16.1375,0.4604791135204081,0.539520886479592,0.0,,mappingafrica-256/images/ZM2167021_2019-08.tif,mappingafrica-256/labels/ZM2167021_10335_2019-08.tif,test
ZM2169848,mappingafrica,v2.0.0,ZM,26.9515,-16.1475,0.3486726721938775,0.6513273278061225,0.0,,mappingafrica-256/images/ZM2169848_2020-07.tif,mappingafrica-256/labels/ZM2169848_4971_2020-07.tif,validate
ZM2170009,mappingafrica,v1.3.0,ZM,27.7565,-16.1475,0.7334183673469388,0.2665816326530612,0.0,,mappingafrica-256/images/ZM2170009_2021-08.tif,mappingafrica-256/labels/ZM2170009_904989_2021-08.tif,train
ZM2172514,mappingafrica,v2.0.0,ZM,26.5865,-16.1575,0.8431521045918368,0.1568478954081632,0.0,,mappingafrica-256/images/ZM2172514_2017-08.tif,mappingafrica-256/labels/ZM2172514_26523_2017-08.tif,validate
ZM2179283,mappingafrica,v1.3.0,ZM,26.2315,-16.1825,0.6526626275510204,0.3473373724489795,0.0,,mappingafrica-256/images/ZM2179283_2021-08.tif,mappingafrica-256/labels/ZM2179283_904995_2021-08.tif,train
ZM2200049,mappingafrica,v2.0.0,ZM,27.7515,-16.2575,0.6015625,0.3984375,0.0,,mappingafrica-256/images/ZM2200049_2018-08.tif,mappingafrica-256/labels/ZM2200049_100229_2018-08.tif,train
ZM2207861,mappingafrica,v1.3.0,ZM,26.1565,-16.2875,0.6346061862244898,0.3653938137755101,0.0,,mappingafrica-256/images/ZM2207861_2021-08.tif,mappingafrica-256/labels/ZM2207861_905018_2021-08.tif,validate
ZM2220044,mappingafrica,v1.3.0,ZM,26.3815,-16.3325,0.5687380420918368,0.4312619579081632,0.0,,mappingafrica-256/images/ZM2220044_2021-08.tif,mappingafrica-256/labels/ZM2220044_905032_2021-08.tif,train
ZM2233702,mappingafrica,v1.3.0,ZM,27.3815,-16.3825,0.5149473852040817,0.4850526147959183,0.0,,mappingafrica-256/images/ZM2233702_2021-08.tif,mappingafrica-256/labels/ZM2233702_905043_2021-08.tif,train
ZM2244490,mappingafrica,v2.0.0,ZM,27.6115,-16.4225,0.266780931122449,0.7332190688775511,0.0,,mappingafrica-256/images/ZM2244490_2020-07.tif,mappingafrica-256/labels/ZM2244490_33100_2020-07.tif,train
ZM2255401,mappingafrica,v2.0.0,ZM,28.6415,-16.4625,0.1641422193877551,0.8358577806122449,0.0,,mappingafrica-256/images/ZM2255401_2019-08.tif,mappingafrica-256/labels/ZM2255401_37547_2019-08.tif,train
ZM2257799,mappingafrica,v1.3.0,ZM,27.2565,-16.4725,0.0893853635204081,0.910614636479592,0.0,,mappingafrica-256/images/ZM2257799_2021-08.tif,mappingafrica-256/labels/ZM2257799_905064_2021-08.tif,validate
ZM2260365,mappingafrica,v1.3.0,ZM,26.7165,-16.4825,0.0236367984693877,0.9763632015306124,0.0,,mappingafrica-256/images/ZM2260365_2021-08.tif,mappingafrica-256/labels/ZM2260365_905065_2021-08.tif,validate
ZM2275008,mappingafrica,v1.3.0,ZM,26.9565,-16.5375,0.3662906568877551,0.6337093431122449,0.0,,mappingafrica-256/images/ZM2275008_2021-08.tif,mappingafrica-256/labels/ZM2275008_905077_2021-08.tif,test
ZM2276436,mappingafrica,v1.3.0,ZM,27.5365,-16.5425,0.388671875,0.611328125,0.0,,mappingafrica-256/images/ZM2276436_2021-08.tif,mappingafrica-256/labels/ZM2276436_905079_2021-08.tif,train
ZM2278851,mappingafrica,v1.3.0,ZM,26.5165,-16.5525,0.0869539221938775,0.9130460778061223,0.0,,mappingafrica-256/images/ZM2278851_2021-08.tif,mappingafrica-256/labels/ZM2278851_905084_2021-08.tif,train
ZM2280080,mappingafrica,v2.0.0,ZM,26.1365,-16.5575,0.5565210459183674,0.4434789540816326,0.0,,mappingafrica-256/images/ZM2280080_2020-07.tif,mappingafrica-256/labels/ZM2280080_11408_2020-07.tif,train
ZM2280417,mappingafrica,v1.3.0,ZM,27.8215,-16.5575,0.1406847895408163,0.8593152104591837,0.0,,mappingafrica-256/images/ZM2280417_2021-08.tif,mappingafrica-256/labels/ZM2280417_905088_2021-08.tif,train
ZM2281382,mappingafrica,v2.0.0,ZM,26.1565,-16.5625,0.5449019451530612,0.4550980548469387,0.0,,mappingafrica-256/images/ZM2281382_2022-06.tif,mappingafrica-256/labels/ZM2281382_26530_2022-06.tif,validate
ZM2288316,mappingafrica,v1.3.0,ZM,22.4915,-16.5925,0.2371651785714285,0.7628348214285715,0.0,,mappingafrica-256/images/ZM2288316_2021-08.tif,mappingafrica-256/labels/ZM2288316_905095_2021-08.tif,test
ZM2291592,mappingafrica,v2.0.0,ZM,26.2565,-16.6025,0.6134008290816326,0.3865991709183674,0.0,,mappingafrica-256/images/ZM2291592_2018-08.tif,mappingafrica-256/labels/ZM2291592_1423_2018-08.tif,train
ZM2294597,mappingafrica,v1.3.0,ZM,22.4715,-16.6175,0.3385283801020408,0.6614716198979592,0.0,,mappingafrica-256/images/ZM2294597_2021-08.tif,mappingafrica-256/labels/ZM2294597_905108_2021-08.tif,validate
ZM2295847,mappingafrica,v1.3.0,ZM,22.4865,-16.6225,0.153579400510204,0.846420599489796,0.0,,mappingafrica-256/images/ZM2295847_2021-08.tif,mappingafrica-256/labels/ZM2295847_905111_2021-08.tif,test
ZM2304105,mappingafrica,v2.0.0,ZM,26.8065,-16.6525,0.5795400191326531,0.4204599808673469,0.0,,mappingafrica-256/images/ZM2304105_2018-08.tif,mappingafrica-256/labels/ZM2304105_14718_2018-08.tif,train
ZM2326909,mappingafrica,v1.3.0,ZM,27.7365,-16.7475,0.162727200255102,0.837272799744898,0.0,,mappingafrica-256/images/ZM2326909_2021-08.tif,mappingafrica-256/labels/ZM2326909_905153_2021-08.tif,test
ZM2327894,mappingafrica,v1.3.0,ZM,26.8565,-16.7525,0.8011001275510204,0.1988998724489795,0.0,,mappingafrica-256/images/ZM2327894_2021-08.tif,mappingafrica-256/labels/ZM2327894_905154_2021-08.tif,train
ZM2331559,mappingafrica,v2.0.0,ZM,27.8215,-16.7675,0.5394411670918368,0.4605588329081632,0.0,,mappingafrica-256/images/ZM2331559_2019-08.tif,mappingafrica-256/labels/ZM2331559_33163_2019-08.tif,train
ZM2332539,mappingafrica,v2.0.0,ZM,26.9565,-16.7725,0.5955038265306123,0.4044961734693877,0.0,,mappingafrica-256/images/ZM2332539_2023-06.tif,mappingafrica-256/labels/ZM2332539_29133_2023-06.tif,train
ZM2336168,mappingafrica,v1.3.0,ZM,27.8665,-16.7875,0.2140664859693877,0.7859335140306123,0.0,,mappingafrica-256/images/ZM2336168_2021-08.tif,mappingafrica-256/labels/ZM2336168_905165_2021-08.tif,test
ZM2349650,mappingafrica,v1.3.0,ZM,27.4315,-16.8475,0.232063137755102,0.767936862244898,0.0,,mappingafrica-256/images/ZM2349650_2021-08.tif,mappingafrica-256/labels/ZM2349650_905174_2021-08.tif,test
ZM2356246,mappingafrica,v1.3.0,ZM,27.2415,-16.8775,0.6011838329081632,0.3988161670918367,0.0,,mappingafrica-256/images/ZM2356246_2021-08.tif,mappingafrica-256/labels/ZM2356246_905185_2021-08.tif,train
ZM2359747,mappingafrica,v1.3.0,ZM,22.9965,-16.8975,0.1223692602040816,0.8776307397959184,0.0,,mappingafrica-256/images/ZM2359747_2021-08.tif,mappingafrica-256/labels/ZM2359747_905192_2021-08.tif,train
ZM2361899,mappingafrica,v1.3.0,ZM,22.9915,-16.9075,0.1561702806122449,0.8438297193877551,0.0,,mappingafrica-256/images/ZM2361899_2021-08.tif,mappingafrica-256/labels/ZM2361899_905203_2021-08.tif,validate
ZM2364894,mappingafrica,v2.0.0,ZM,27.2615,-16.9175,0.2944236288265306,0.7055763711734694,0.0,,mappingafrica-256/images/ZM2364894_2017-08.tif,mappingafrica-256/labels/ZM2364894_26537_2017-08.tif,test
ZM2372114,mappingafrica,v2.0.0,ZM,26.3715,-16.9525,0.1520248724489795,0.8479751275510206,0.0,,mappingafrica-256/images/ZM2372114_2020-07.tif,mappingafrica-256/labels/ZM2372114_18655_2020-07.tif,train
ZM2382535,mappingafrica,v1.3.0,ZM,26.6965,-17.0025,0.2042610012755102,0.7957389987244898,0.0,,mappingafrica-256/images/ZM2382535_2021-08.tif,mappingafrica-256/labels/ZM2382535_905221_2021-08.tif,validate
ZM2387675,mappingafrica,v1.3.0,ZM,26.8565,-17.0275,0.117446588010204,0.882553411989796,0.0,,mappingafrica-256/images/ZM2387675_2021-08.tif,mappingafrica-256/labels/ZM2387675_905225_2021-08.tif,train
ZM2390548,mappingafrica,v1.3.0,ZM,25.9565,-17.0425,0.6858458227040817,0.3141541772959183,0.0,,mappingafrica-256/images/ZM2390548_2021-08.tif,mappingafrica-256/labels/ZM2390548_905227_2021-08.tif,train
ZM2414018,mappingafrica,v1.3.0,ZM,24.0965,-17.1625,0.164500956632653,0.835499043367347,0.0,,mappingafrica-256/images/ZM2414018_2021-08.tif,mappingafrica-256/labels/ZM2414018_905250_2021-08.tif,validate
ZM2424240,mappingafrica,v2.0.0,ZM,26.9515,-17.2125,0.7734175701530612,0.2265824298469387,0.0,,mappingafrica-256/images/ZM2424240_2018-08.tif,mappingafrica-256/labels/ZM2424240_2711_2018-08.tif,test
ZM2432544,mappingafrica,v1.3.0,ZM,26.1065,-17.2575,0.7475884885204082,0.2524115114795918,0.0,,mappingafrica-256/images/ZM2432544_2021-08.tif,mappingafrica-256/labels/ZM2432544_905265_2021-08.tif,train
ZM2485162,mappingafrica,v2.0.0,ZM,26.5765,-17.5675,0.8210698341836735,0.1789301658163264,0.0,,mappingafrica-256/images/ZM2485162_2021-06.tif,mappingafrica-256/labels/ZM2485162_34448_2021-06.tif,train
ZM2488825,mappingafrica,v1.3.0,ZM,26.4115,-17.6025,0.2449976084183673,0.7550023915816327,0.0,,mappingafrica-256/images/ZM2488825_2021-08.tif,mappingafrica-256/labels/ZM2488825_905308_2021-08.tif,test
ZM2488850,mappingafrica,v2.0.0,ZM,26.5365,-17.6025,0.4722775829081632,0.5277224170918369,0.0,,mappingafrica-256/images/ZM2488850_2019-08.tif,mappingafrica-256/labels/ZM2488850_35125_2019-08.tif,train
ZM2491782,mappingafrica,v2.0.0,ZM,27.0315,-17.6325,0.3441286670918367,0.6558713329081634,0.0,,mappingafrica-256/images/ZM2491782_2020-07.tif,mappingafrica-256/labels/ZM2491782_100232_2020-07.tif,train
ZW0051392,mappingafrica,v2.0.0,ZW,30.5915,-16.3075,0.6843112244897959,0.3156887755102041,0.0,,mappingafrica-256/images/ZW0051392_2022-07.tif,mappingafrica-256/labels/ZW0051392_1419_2022-07.tif,train
ZW0064049,mappingafrica,v2.0.0,ZW,29.5715,-16.4125,0.0439054528061224,0.9560945471938777,0.0,,mappingafrica-256/images/ZW0064049_2018-08.tif,mappingafrica-256/labels/ZW0064049_19757_2018-08.tif,train
ZW0077575,mappingafrica,v2.0.0,ZW,31.0565,-16.5075,0.6208745216836735,0.3791254783163265,0.0,,mappingafrica-256/images/ZW0077575_2023-09.tif,mappingafrica-256/labels/ZW0077575_37777_2023-09.tif,train
ZW0083337,mappingafrica,v2.0.0,ZW,29.4715,-16.5475,0.0580755739795918,0.9419244260204082,0.0,,mappingafrica-256/images/ZW0083337_2018-08.tif,mappingafrica-256/labels/ZW0083337_3824_2018-08.tif,train
ZW0085504,mappingafrica,v2.0.0,ZW,32.5165,-16.5575,0.0444036989795918,0.9555963010204082,0.0,,mappingafrica-256/images/ZW0085504_2017-08.tif,mappingafrica-256/labels/ZW0085504_26562_2017-08.tif,train
ZW0090857,mappingafrica,v2.0.0,ZW,31.0115,-16.5925,0.4094188456632653,0.5905811543367347,0.0,,mappingafrica-256/images/ZW0090857_2021-09.tif,mappingafrica-256/labels/ZW0090857_35524_2021-09.tif,train
ZW0095224,mappingafrica,v2.0.0,ZW,31.9915,-16.6175,0.6361208545918368,0.3638791454081632,0.0,,mappingafrica-256/images/ZW0095224_2021-09.tif,mappingafrica-256/labels/ZW0095224_26565_2021-09.tif,train
ZW0108881,mappingafrica,v2.0.0,ZW,31.3915,-16.6975,0.4310227997448979,0.5689772002551021,0.0,,mappingafrica-256/images/ZW0108881_2017-08.tif,mappingafrica-256/labels/ZW0108881_11413_2017-08.tif,train
ZW0110579,mappingafrica,v2.0.0,ZW,30.8565,-16.7075,0.0931919642857142,0.9068080357142858,0.0,,mappingafrica-256/images/ZW0110579_2019-08.tif,mappingafrica-256/labels/ZW0110579_26573_2019-08.tif,train
ZW0115260,mappingafrica,v2.0.0,ZW,30.7065,-16.7325,0.5566206951530612,0.4433793048469387,0.0,,mappingafrica-256/images/ZW0115260_2021-09.tif,mappingafrica-256/labels/ZW0115260_18657_2021-09.tif,test
ZW0115418,mappingafrica,v2.0.0,ZW,31.4965,-16.7325,0.7053372130102041,0.2946627869897958,0.0,,mappingafrica-256/images/ZW0115418_2020-09.tif,mappingafrica-256/labels/ZW0115418_32151_2020-09.tif,validate
ZW0117155,mappingafrica,v2.0.0,ZW,30.6965,-16.7425,0.3890306122448979,0.6109693877551021,0.0,,mappingafrica-256/images/ZW0117155_2022-09.tif,mappingafrica-256/labels/ZW0117155_26574_2022-09.tif,train
ZW0137333,mappingafrica,v2.0.0,ZW,30.7765,-16.8475,0.9938416772959184,0.0061583227040815,0.0,,mappingafrica-256/images/ZW0137333_2022-07.tif,mappingafrica-256/labels/ZW0137333_33320_2022-07.tif,train
ZW0138081,mappingafrica,v2.0.0,ZW,29.6415,-16.8525,0.1480986926020408,0.8519013073979592,0.0,,mappingafrica-256/images/ZW0138081_2020-07.tif,mappingafrica-256/labels/ZW0138081_35796_2020-07.tif,train
ZW0150079,mappingafrica,v2.0.0,ZW,30.5165,-16.9125,0.6661949936224489,0.333805006377551,0.0,,mappingafrica-256/images/ZW0150079_2021-07.tif,mappingafrica-256/labels/ZW0150079_11414_2021-07.tif,train
ZW0164928,mappingafrica,v2.0.0,ZW,29.6765,-16.9875,0.5201690051020408,0.4798309948979592,0.0,,mappingafrica-256/images/ZW0164928_2022-06.tif,mappingafrica-256/labels/ZW0164928_1429_2022-06.tif,train
ZW0170383,mappingafrica,v2.0.0,ZW,31.4815,-17.0125,0.7348333864795918,0.2651666135204081,0.0,,mappingafrica-256/images/ZW0170383_2022-09.tif,mappingafrica-256/labels/ZW0170383_12628_2022-09.tif,validate
ZW0171962,mappingafrica,v2.0.0,ZW,29.1365,-17.0225,0.4737523915816326,0.5262476084183674,0.0,,mappingafrica-256/images/ZW0171962_2020-07.tif,mappingafrica-256/labels/ZW0171962_16748_2020-07.tif,train
ZW0172797,mappingafrica,v2.0.0,ZW,28.1815,-17.0275,0.1723732461734693,0.8276267538265307,0.0,,mappingafrica-256/images/ZW0172797_2021-06.tif,mappingafrica-256/labels/ZW0172797_40925_2021-06.tif,train
ZW0174752,mappingafrica,v2.0.0,ZW,32.8215,-17.0325,0.1278101084183673,0.8721898915816327,0.0,,mappingafrica-256/images/ZW0174752_2017-08.tif,mappingafrica-256/labels/ZW0174752_12629_2017-08.tif,train
ZW0181933,mappingafrica,v2.0.0,ZW,32.5815,-17.0675,0.5652104591836735,0.4347895408163265,0.0,,mappingafrica-256/images/ZW0181933_2018-08.tif,mappingafrica-256/labels/ZW0181933_1432_2018-08.tif,train
ZW0191718,mappingafrica,v2.0.0,ZW,29.3215,-17.1175,0.4231903698979591,0.5768096301020409,0.0,,mappingafrica-256/images/ZW0191718_2018-08.tif,mappingafrica-256/labels/ZW0191718_16750_2018-08.tif,test
ZW0199732,mappingafrica,v2.0.0,ZW,32.5215,-17.1525,0.3563855229591837,0.6436144770408163,0.0,,mappingafrica-256/images/ZW0199732_2023-06.tif,mappingafrica-256/labels/ZW0199732_36715_2023-06.tif,train
ZW0218595,mappingafrica,v2.0.0,ZW,30.8665,-17.2425,0.7341956313775511,0.2658043686224489,0.0,,mappingafrica-256/images/ZW0218595_2022-09.tif,mappingafrica-256/labels/ZW0218595_4985_2022-09.tif,train
ZW0226226,mappingafrica,v2.0.0,ZW,31.4065,-17.2775,0.7195073341836735,0.2804926658163265,0.0,,mappingafrica-256/images/ZW0226226_2021-09.tif,mappingafrica-256/labels/ZW0226226_8186_2021-09.tif,train
ZW0238915,mappingafrica,v2.0.0,ZW,30.1765,-17.3375,0.7342554209183674,0.2657445790816326,0.0,,mappingafrica-256/images/ZW0238915_2022-06.tif,mappingafrica-256/labels/ZW0238915_26601_2022-06.tif,validate
ZW0240426,mappingafrica,v2.0.0,ZW,32.3015,-17.3425,0.4545998086734694,0.5454001913265306,0.0,,mappingafrica-256/images/ZW0240426_2018-08.tif,mappingafrica-256/labels/ZW0240426_15740_2018-08.tif,train
ZW0247598,mappingafrica,v2.0.0,ZW,30.0565,-17.3775,0.4313416772959184,0.5686583227040816,0.0,,mappingafrica-256/images/ZW0247598_2017-08.tif,mappingafrica-256/labels/ZW0247598_26602_2017-08.tif,test
ZW0249921,mappingafrica,v2.0.0,ZW,30.7815,-17.3875,0.0981544961734693,0.9018455038265308,0.0,,mappingafrica-256/images/ZW0249921_2017-08.tif,mappingafrica-256/labels/ZW0249921_26604_2017-08.tif,train
ZW0260729,mappingafrica,v2.0.0,ZW,30.1915,-17.4375,0.3211694834183674,0.6788305165816326,0.0,,mappingafrica-256/images/ZW0260729_2019-08.tif,mappingafrica-256/labels/ZW0260729_14735_2019-08.tif,train
ZW0262693,mappingafrica,v2.0.0,ZW,29.0265,-17.4475,0.5482501594387755,0.4517498405612244,0.0,,mappingafrica-256/images/ZW0262693_2019-08.tif,mappingafrica-256/labels/ZW0262693_6077_2019-08.tif,train
ZW0276832,mappingafrica,v2.0.0,ZW,28.0265,-17.5125,0.0305524553571428,0.9694475446428572,0.0,,mappingafrica-256/images/ZW0276832_2023-06.tif,mappingafrica-256/labels/ZW0276832_34485_2023-06.tif,train
ZW0281708,mappingafrica,v2.0.0,ZW,30.1665,-17.5325,0.2111766581632653,0.7888233418367347,0.0,,mappingafrica-256/images/ZW0281708_2018-08.tif,mappingafrica-256/labels/ZW0281708_11420_2018-08.tif,validate
ZW0285445,mappingafrica,v2.0.0,ZW,32.0765,-17.5475,0.5310307716836735,0.4689692283163265,0.0,,mappingafrica-256/images/ZW0285445_2019-08.tif,mappingafrica-256/labels/ZW0285445_26617_2019-08.tif,train
ZW0293787,mappingafrica,v2.0.0,ZW,28.5215,-17.5875,0.3862404336734694,0.6137595663265306,0.0,,mappingafrica-256/images/ZW0293787_2018-08.tif,mappingafrica-256/labels/ZW0293787_14739_2018-08.tif,train
ZW0298981,mappingafrica,v2.0.0,ZW,31.5615,-17.6075,0.4545200892857143,0.5454799107142857,0.0,,mappingafrica-256/images/ZW0298981_2017-08.tif,mappingafrica-256/labels/ZW0298981_33356_2017-08.tif,train
ZW0301243,mappingafrica,v2.0.0,ZW,31.3765,-17.6175,0.7351921237244898,0.2648078762755101,0.0,,mappingafrica-256/images/ZW0301243_2020-07.tif,mappingafrica-256/labels/ZW0301243_20597_2020-07.tif,train
ZW0306929,mappingafrica,v2.0.0,ZW,31.0015,-17.6425,0.0350765306122448,0.9649234693877552,0.0,,mappingafrica-256/images/ZW0306929_2018-08.tif,mappingafrica-256/labels/ZW0306929_9270_2018-08.tif,validate
ZW0307922,mappingafrica,v2.0.0,ZW,30.1965,-17.6475,0.3900470344387755,0.6099529655612246,0.0,,mappingafrica-256/images/ZW0307922_2020-07.tif,mappingafrica-256/labels/ZW0307922_28047_2020-07.tif,train
ZW0309373,mappingafrica,v2.0.0,ZW,31.6915,-17.6525,0.1573461415816326,0.8426538584183674,0.0,,mappingafrica-256/images/ZW0309373_2021-06.tif,mappingafrica-256/labels/ZW0309373_26623_2021-06.tif,train
ZW0314865,mappingafrica,v2.0.0,ZW,30.3065,-17.6775,0.1534598214285714,0.8465401785714286,0.0,,mappingafrica-256/images/ZW0314865_2019-08.tif,mappingafrica-256/labels/ZW0314865_100242_2019-08.tif,train
ZW0321024,mappingafrica,v2.0.0,ZW,32.1915,-17.7025,0.3520806760204081,0.647919323979592,0.0,,mappingafrica-256/images/ZW0321024_2020-07.tif,mappingafrica-256/labels/ZW0321024_8190_2020-07.tif,train
ZW0321769,mappingafrica,v2.0.0,ZW,30.1265,-17.7075,0.7527104591836735,0.2472895408163264,0.0,,mappingafrica-256/images/ZW0321769_2023-06.tif,mappingafrica-256/labels/ZW0321769_31781_2023-06.tif,train
ZW0322064,mappingafrica,v2.0.0,ZW,31.6015,-17.7075,0.8729870854591837,0.1270129145408163,0.0,,mappingafrica-256/images/ZW0322064_2018-08.tif,mappingafrica-256/labels/ZW0322064_18125_2018-08.tif,train
ZW0322940,mappingafrica,v2.0.0,ZW,30.1865,-17.7125,0.4383968431122449,0.5616031568877551,0.0,,mappingafrica-256/images/ZW0322940_2020-07.tif,mappingafrica-256/labels/ZW0322940_26632_2020-07.tif,test
ZW0323772,mappingafrica,v2.0.0,ZW,28.5465,-17.7175,0.7000757334183674,0.2999242665816326,0.0,,mappingafrica-256/images/ZW0323772_2020-07.tif,mappingafrica-256/labels/ZW0323772_14741_2020-07.tif,validate
ZW0325879,mappingafrica,v2.0.0,ZW,27.4565,-17.7275,0.4358856823979591,0.5641143176020409,0.0,,mappingafrica-256/images/ZW0325879_2017-08.tif,mappingafrica-256/labels/ZW0325879_26633_2017-08.tif,train
ZW0328007,mappingafrica,v2.0.0,ZW,32.2965,-17.7325,0.1465640943877551,0.8534359056122449,0.0,,mappingafrica-256/images/ZW0328007_2018-08.tif,mappingafrica-256/labels/ZW0328007_19774_2018-08.tif,train
ZW0329518,mappingafrica,v2.0.0,ZW,28.2415,-17.7425,0.8236208545918368,0.1763791454081632,0.0,,mappingafrica-256/images/ZW0329518_2020-07.tif,mappingafrica-256/labels/ZW0329518_16754_2020-07.tif,validate
ZW0336599,mappingafrica,v2.0.0,ZW,28.6015,-17.7725,0.943618463010204,0.0563815369897959,0.0,,mappingafrica-256/images/ZW0336599_2022-06.tif,mappingafrica-256/labels/ZW0336599_33666_2022-06.tif,train
ZW0339025,mappingafrica,v2.0.0,ZW,29.0165,-17.7825,0.586555325255102,0.413444674744898,0.0,,mappingafrica-256/images/ZW0339025_2017-08.tif,mappingafrica-256/labels/ZW0339025_35853_2017-08.tif,train
ZW0340611,mappingafrica,v2.0.0,ZW,31.0815,-17.7875,0.3053252551020408,0.6946747448979592,0.0,,mappingafrica-256/images/ZW0340611_2017-08.tif,mappingafrica-256/labels/ZW0340611_10352_2017-08.tif,validate
ZW0342819,mappingafrica,v2.0.0,ZW,30.3665,-17.7975,0.6111886160714286,0.3888113839285714,0.0,,mappingafrica-256/images/ZW0342819_2018-08.tif,mappingafrica-256/labels/ZW0342819_12637_2018-08.tif,train
ZW0357991,mappingafrica,v2.0.0,ZW,27.5715,-17.8625,0.5231584821428571,0.4768415178571429,0.0,,mappingafrica-256/images/ZW0357991_2022-06.tif,mappingafrica-256/labels/ZW0357991_9275_2022-06.tif,train
ZW0362763,mappingafrica,v2.0.0,ZW,32.2165,-17.8775,0.3220065369897959,0.677993463010204,0.0,,mappingafrica-256/images/ZW0362763_2022-06.tif,mappingafrica-256/labels/ZW0362763_11425_2022-06.tif,validate
ZW0370299,mappingafrica,v2.0.0,ZW,30.9065,-17.9075,0.2595463966836734,0.7404536033163266,0.0,,mappingafrica-256/images/ZW0370299_2022-06.tif,mappingafrica-256/labels/ZW0370299_35353_2022-06.tif,train
ZW0385495,mappingafrica,v2.0.0,ZW,32.0765,-17.9625,0.2402144451530612,0.7597855548469388,0.0,,mappingafrica-256/images/ZW0385495_2021-06.tif,mappingafrica-256/labels/ZW0385495_4997_2021-06.tif,validate
ZW0388996,mappingafrica,v2.0.0,ZW,28.4415,-17.9775,0.1847297512755102,0.8152702487244898,0.0,,mappingafrica-256/images/ZW0388996_2019-08.tif,mappingafrica-256/labels/ZW0388996_29951_2019-08.tif,validate
ZW0390710,mappingafrica,v2.0.0,ZW,29.8265,-17.9825,0.9269371811224488,0.0730628188775511,0.0,,mappingafrica-256/images/ZW0390710_2023-06.tif,mappingafrica-256/labels/ZW0390710_31707_2023-06.tif,train
ZW0413033,mappingafrica,v2.0.0,ZW,29.3815,-18.0575,0.2874282525510204,0.7125717474489797,0.0,,mappingafrica-256/images/ZW0413033_2022-06.tif,mappingafrica-256/labels/ZW0413033_7145_2022-06.tif,train
ZW0415252,mappingafrica,v2.0.0,ZW,32.8665,-18.0625,0.2269013073979592,0.7730986926020408,0.0,,mappingafrica-256/images/ZW0415252_2023-09.tif,mappingafrica-256/labels/ZW0415252_33174_2023-09.tif,train
ZW0417801,mappingafrica,v2.0.0,ZW,30.3615,-18.0725,0.9014269770408164,0.0985730229591835,0.0,,mappingafrica-256/images/ZW0417801_2023-06.tif,mappingafrica-256/labels/ZW0417801_32891_2023-06.tif,train
ZW0418786,mappingafrica,v2.0.0,ZW,27.6415,-18.0775,0.2023078762755102,0.7976921237244898,0.0,,mappingafrica-256/images/ZW0418786_2021-06.tif,mappingafrica-256/labels/ZW0418786_32585_2021-06.tif,validate
ZW0423952,mappingafrica,v2.0.0,ZW,30.5815,-18.0925,0.5283601721938775,0.4716398278061224,0.0,,mappingafrica-256/images/ZW0423952_2017-08.tif,mappingafrica-256/labels/ZW0423952_26657_2017-08.tif,train
ZW0425430,mappingafrica,v2.0.0,ZW,30.3615,-18.0975,0.3346221301020408,0.6653778698979592,0.0,,mappingafrica-256/images/ZW0425430_2018-08.tif,mappingafrica-256/labels/ZW0425430_26659_2018-08.tif,train
ZW0430142,mappingafrica,v2.0.0,ZW,31.0815,-18.1125,0.0131536989795918,0.9868463010204082,0.0,,mappingafrica-256/images/ZW0430142_2021-06.tif,mappingafrica-256/labels/ZW0430142_7147_2021-06.tif,train
ZW0431480,mappingafrica,v2.0.0,ZW,30.1615,-18.1175,0.2155811543367347,0.7844188456632653,0.0,,mappingafrica-256/images/ZW0431480_2022-06.tif,mappingafrica-256/labels/ZW0431480_5001_2022-06.tif,test
ZW0441810,mappingafrica,v2.0.0,ZW,28.7965,-18.1525,0.1675302933673469,0.8324697066326531,0.0,,mappingafrica-256/images/ZW0441810_2019-08.tif,mappingafrica-256/labels/ZW0441810_26663_2019-08.tif,train
ZW0442234,mappingafrica,v2.0.0,ZW,30.9165,-18.1525,0.9971101721938777,0.0028898278061223,0.0,,mappingafrica-256/images/ZW0442234_2018-08.tif,mappingafrica-256/labels/ZW0442234_30475_2018-08.tif,train
ZW0459683,mappingafrica,v2.0.0,ZW,27.3365,-18.2125,0.0784837372448979,0.921516262755102,0.0,,mappingafrica-256/images/ZW0459683_2018-08.tif,mappingafrica-256/labels/ZW0459683_6084_2018-08.tif,validate
ZW0463656,mappingafrica,v2.0.0,ZW,32.0865,-18.2225,0.3746811224489796,0.6253188775510203,0.0,,mappingafrica-256/images/ZW0463656_2019-08.tif,mappingafrica-256/labels/ZW0463656_33535_2019-08.tif,test
ZW0479385,mappingafrica,v2.0.0,ZW,27.7465,-18.2775,0.7389787946428571,0.2610212053571429,0.0,,mappingafrica-256/images/ZW0479385_2017-08.tif,mappingafrica-256/labels/ZW0479385_28058_2017-08.tif,train
ZW0490502,mappingafrica,v2.0.0,ZW,30.7015,-18.3125,0.7549027423469388,0.2450972576530612,0.0,,mappingafrica-256/images/ZW0490502_2019-08.tif,mappingafrica-256/labels/ZW0490502_5002_2019-08.tif,test
ZW0496484,mappingafrica,v2.0.0,ZW,30.4965,-18.3325,0.5347177933673469,0.4652822066326531,0.0,,mappingafrica-256/images/ZW0496484_2019-08.tif,mappingafrica-256/labels/ZW0496484_26676_2019-08.tif,validate
ZW0504367,mappingafrica,v2.0.0,ZW,32.2065,-18.3575,0.6248804209183674,0.3751195790816326,0.0,,mappingafrica-256/images/ZW0504367_2019-08.tif,mappingafrica-256/labels/ZW0504367_11433_2019-08.tif,train
ZW0504876,mappingafrica,v2.0.0,ZW,27.2015,-18.3625,0.3518813775510204,0.6481186224489797,0.0,,mappingafrica-256/images/ZW0504876_2019-08.tif,mappingafrica-256/labels/ZW0504876_28101_2019-08.tif,test
ZW0508710,mappingafrica,v2.0.0,ZW,31.2865,-18.3725,0.2952407525510204,0.7047592474489797,0.0,,mappingafrica-256/images/ZW0508710_2018-08.tif,mappingafrica-256/labels/ZW0508710_26678_2018-08.tif,train
ZW0528014,mappingafrica,v2.0.0,ZW,30.4365,-18.4375,0.826789700255102,0.173210299744898,0.0,,mappingafrica-256/images/ZW0528014_2023-06.tif,mappingafrica-256/labels/ZW0528014_36033_2023-06.tif,train
ZW0540949,mappingafrica,v2.0.0,ZW,28.1765,-18.4825,1.0,0.0,0.0,,mappingafrica-256/images/ZW0540949_2018-08.tif,mappingafrica-256/labels/ZW0540949_33580_2018-08.tif,train
ZW0542466,mappingafrica,v2.0.0,ZW,28.3665,-18.4875,0.9151586415816326,0.0848413584183673,0.0,,mappingafrica-256/images/ZW0542466_2020-07.tif,mappingafrica-256/labels/ZW0542466_34181_2020-07.tif,train
ZW0545354,mappingafrica,v2.0.0,ZW,28.1265,-18.4975,0.968032525510204,0.0319674744897959,0.0,,mappingafrica-256/images/ZW0545354_2018-08.tif,mappingafrica-256/labels/ZW0545354_33668_2018-08.tif,train
ZW0549806,mappingafrica,v2.0.0,ZW,28.5565,-18.5125,0.8463010204081632,0.1536989795918367,0.0,,mappingafrica-256/images/ZW0549806_2017-08.tif,mappingafrica-256/labels/ZW0549806_13700_2017-08.tif,train
ZW0551409,mappingafrica,v2.0.0,ZW,29.3265,-18.5175,0.1907884247448979,0.8092115752551021,0.0,,mappingafrica-256/images/ZW0551409_2022-06.tif,mappingafrica-256/labels/ZW0551409_26692_2022-06.tif,train
ZW0551951,mappingafrica,v2.0.0,ZW,32.0365,-18.5175,0.6304408482142857,0.3695591517857143,0.0,,mappingafrica-256/images/ZW0551951_2017-08.tif,mappingafrica-256/labels/ZW0551951_10367_2017-08.tif,test
ZW0560368,mappingafrica,v2.0.0,ZW,30.7215,-18.5475,0.7680564413265306,0.2319435586734693,0.0,,mappingafrica-256/images/ZW0560368_2017-08.tif,mappingafrica-256/labels/ZW0560368_16761_2017-08.tif,validate
ZW0566104,mappingafrica,v2.0.0,ZW,30.4965,-18.5675,0.3617067920918367,0.6382932079081634,0.0,,mappingafrica-256/images/ZW0566104_2020-07.tif,mappingafrica-256/labels/ZW0566104_26696_2020-07.tif,train
ZW0592334,mappingafrica,v2.0.0,ZW,32.6215,-18.6575,0.2479272959183673,0.7520727040816327,0.0,,mappingafrica-256/images/ZW0592334_2017-08.tif,mappingafrica-256/labels/ZW0592334_11435_2017-08.tif,validate
ZW0594430,mappingafrica,v2.0.0,ZW,28.7915,-18.6675,0.1521245216836734,0.8478754783163266,0.0,,mappingafrica-256/images/ZW0594430_2021-06.tif,mappingafrica-256/labels/ZW0594430_14750_2021-06.tif,train
ZW0606624,mappingafrica,v2.0.0,ZW,32.4265,-18.7075,0.3054049744897959,0.694595025510204,0.0,,mappingafrica-256/images/ZW0606624_2020-07.tif,mappingafrica-256/labels/ZW0606624_33290_2020-07.tif,train
ZW0612064,mappingafrica,v2.0.0,ZW,30.9565,-18.7275,0.5354751275510204,0.4645248724489795,0.0,,mappingafrica-256/images/ZW0612064_2018-08.tif,mappingafrica-256/labels/ZW0612064_10375_2018-08.tif,train
ZW0619245,mappingafrica,v2.0.0,ZW,31.1015,-18.7525,0.144969706632653,0.855030293367347,0.0,,mappingafrica-256/images/ZW0619245_2022-06.tif,mappingafrica-256/labels/ZW0619245_38530_2022-06.tif,train
ZW0621691,mappingafrica,v2.0.0,ZW,29.0415,-18.7625,0.7855548469387755,0.2144451530612244,0.0,,mappingafrica-256/images/ZW0621691_2020-07.tif,mappingafrica-256/labels/ZW0621691_20608_2020-07.tif,train
ZW0629214,mappingafrica,v2.0.0,ZW,31.0165,-18.7875,0.212352519132653,0.787647480867347,0.0,,mappingafrica-256/images/ZW0629214_2018-08.tif,mappingafrica-256/labels/ZW0629214_28993_2018-08.tif,train
ZW0643151,mappingafrica,v2.0.0,ZW,31.0265,-18.8375,0.5673230229591837,0.4326769770408163,0.0,,mappingafrica-256/images/ZW0643151_2022-06.tif,mappingafrica-256/labels/ZW0643151_100617_2022-06.tif,train
ZW0648132,mappingafrica,v2.0.0,ZW,28.3965,-18.8575,0.0665258290816326,0.9334741709183674,0.0,,mappingafrica-256/images/ZW0648132_2018-08.tif,mappingafrica-256/labels/ZW0648132_29294_2018-08.tif,train
ZW0652291,mappingafrica,v2.0.0,ZW,28.6365,-18.8725,0.3333665497448979,0.6666334502551021,0.0,,mappingafrica-256/images/ZW0652291_2019-08.tif,mappingafrica-256/labels/ZW0652291_33431_2019-08.tif,train
ZW0655168,mappingafrica,v2.0.0,ZW,29.3415,-18.8825,0.3409398915816326,0.6590601084183674,0.0,,mappingafrica-256/images/ZW0655168_2020-07.tif,mappingafrica-256/labels/ZW0655168_100252_2020-07.tif,train
ZW0661234,mappingafrica,v2.0.0,ZW,32.3615,-18.9025,0.4212970344387755,0.5787029655612246,0.0,,mappingafrica-256/images/ZW0661234_2019-08.tif,mappingafrica-256/labels/ZW0661234_100618_2019-08.tif,train
ZW0666640,mappingafrica,v2.0.0,ZW,32.2065,-18.9225,0.4746890943877551,0.5253109056122449,0.0,,mappingafrica-256/images/ZW0666640_2017-08.tif,mappingafrica-256/labels/ZW0666640_29062_2017-08.tif,train
ZW0689645,mappingafrica,v2.0.0,ZW,32.5715,-19.0075,0.4421635841836734,0.5578364158163266,0.0,,mappingafrica-256/images/ZW0689645_2021-06.tif,mappingafrica-256/labels/ZW0689645_15753_2021-06.tif,test
ZW0692073,mappingafrica,v2.0.0,ZW,31.2565,-19.0175,0.5199099170918368,0.4800900829081632,0.0,,mappingafrica-256/images/ZW0692073_2022-06.tif,mappingafrica-256/labels/ZW0692073_5007_2022-06.tif,train
ZW0701737,mappingafrica,v2.0.0,ZW,31.6315,-19.0525,0.1223692602040816,0.8776307397959184,0.0,,mappingafrica-256/images/ZW0701737_2022-06.tif,mappingafrica-256/labels/ZW0701737_3291_2022-06.tif,validate
ZW0711524,mappingafrica,v2.0.0,ZW,32.2615,-19.0875,0.4817641900510204,0.5182358099489797,0.0,,mappingafrica-256/images/ZW0711524_2021-06.tif,mappingafrica-256/labels/ZW0711524_29523_2021-06.tif,train
ZW0712447,mappingafrica,v2.0.0,ZW,29.9515,-19.0925,0.1030173788265306,0.8969826211734694,0.0,,mappingafrica-256/images/ZW0712447_2019-08.tif,mappingafrica-256/labels/ZW0712447_100256_2019-08.tif,train
ZW0717722,mappingafrica,v2.0.0,ZW,28.6515,-19.1125,0.3827128507653061,0.6172871492346939,0.0,,mappingafrica-256/images/ZW0717722_2023-06.tif,mappingafrica-256/labels/ZW0717722_34418_2023-06.tif,train
ZW0743192,mappingafrica,v2.0.0,ZW,32.2665,-19.2025,0.5472138073979592,0.4527861926020408,0.0,,mappingafrica-256/images/ZW0743192_2021-06.tif,mappingafrica-256/labels/ZW0743192_34566_2021-06.tif,train
ZW0766017,mappingafrica,v2.0.0,ZW,30.6965,-19.2875,0.6750239158163265,0.3249760841836735,0.0,,mappingafrica-256/images/ZW0766017_2020-07.tif,mappingafrica-256/labels/ZW0766017_11439_2020-07.tif,train
ZW0770398,mappingafrica,v2.0.0,ZW,32.2565,-19.3025,0.3564453125,0.6435546875,0.0,,mappingafrica-256/images/ZW0770398_2022-06.tif,mappingafrica-256/labels/ZW0770398_33713_2022-06.tif,train
ZW0776801,mappingafrica,v2.0.0,ZW,30.4865,-19.3275,0.0681600765306122,0.9318399234693878,0.0,,mappingafrica-256/images/ZW0776801_2020-07.tif,mappingafrica-256/labels/ZW0776801_21087_2020-07.tif,train
ZW0779855,mappingafrica,v2.0.0,ZW,32.2865,-19.3375,0.6684470663265306,0.3315529336734694,0.0,,mappingafrica-256/images/ZW0779855_2019-08.tif,mappingafrica-256/labels/ZW0779855_100263_2019-08.tif,train
ZW0781145,mappingafrica,v2.0.0,ZW,32.0115,-19.3425,0.4638073979591837,0.5361926020408163,0.0,,mappingafrica-256/images/ZW0781145_2018-08.tif,mappingafrica-256/labels/ZW0781145_7157_2018-08.tif,train
ZW0783117,mappingafrica,v2.0.0,ZW,28.4515,-19.3525,0.3562460140306122,0.6437539859693878,0.0,,mappingafrica-256/images/ZW0783117_2021-06.tif,mappingafrica-256/labels/ZW0783117_21091_2021-06.tif,test
ZW0785929,mappingafrica,v2.0.0,ZW,29.1265,-19.3625,0.4456911670918367,0.5543088329081634,0.0,,mappingafrica-256/images/ZW0785929_2019-08.tif,mappingafrica-256/labels/ZW0785929_18677_2019-08.tif,test
ZW0789088,mappingafrica,v2.0.0,ZW,31.5665,-19.3725,0.3857421875,0.6142578125,0.0,,mappingafrica-256/images/ZW0789088_2023-06.tif,mappingafrica-256/labels/ZW0789088_36420_2023-06.tif,train
ZW0789213,mappingafrica,v2.0.0,ZW,32.1915,-19.3725,0.912368463010204,0.0876315369897959,0.0,,mappingafrica-256/images/ZW0789213_2022-06.tif,mappingafrica-256/labels/ZW0789213_9290_2022-06.tif,train
ZW0798634,mappingafrica,v2.0.0,ZW,32.5465,-19.4075,0.4960738201530612,0.5039261798469388,0.0,,mappingafrica-256/images/ZW0798634_2017-08.tif,mappingafrica-256/labels/ZW0798634_9291_2017-08.tif,train
ZW0799833,mappingafrica,v2.0.0,ZW,31.8665,-19.4125,0.5194116709183674,0.4805883290816326,0.0,,mappingafrica-256/images/ZW0799833_2019-08.tif,mappingafrica-256/labels/ZW0799833_14758_2019-08.tif,train
ZW0813189,mappingafrica,v2.0.0,ZW,32.0965,-19.4625,0.6125637755102041,0.3874362244897958,0.0,,mappingafrica-256/images/ZW0813189_2019-08.tif,mappingafrica-256/labels/ZW0813189_21092_2019-08.tif,train
ZW0834506,mappingafrica,v2.0.0,ZW,31.6615,-19.5425,0.4282525510204081,0.571747448979592,0.0,,mappingafrica-256/images/ZW0834506_2018-08.tif,mappingafrica-256/labels/ZW0834506_11444_2018-08.tif,train
ZW0858208,mappingafrica,v2.0.0,ZW,31.5965,-19.6325,0.4994021045918367,0.5005978954081634,0.0,,mappingafrica-256/images/ZW0858208_2021-06.tif,mappingafrica-256/labels/ZW0858208_100623_2021-06.tif,train
ZW0863316,mappingafrica,v2.0.0,ZW,31.0315,-19.6525,0.4178292410714285,0.5821707589285715,0.0,,mappingafrica-256/images/ZW0863316_2019-08.tif,mappingafrica-256/labels/ZW0863316_33754_2019-08.tif,train
ZW0868674,mappingafrica,v2.0.0,ZW,31.6315,-19.6725,0.1720145089285714,0.8279854910714286,0.0,,mappingafrica-256/images/ZW0868674_2020-07.tif,mappingafrica-256/labels/ZW0868674_28520_2020-07.tif,train
ZW0868697,mappingafrica,v2.0.0,ZW,31.7465,-19.6725,0.6207748724489796,0.3792251275510204,0.0,,mappingafrica-256/images/ZW0868697_2023-06.tif,mappingafrica-256/labels/ZW0868697_31529_2023-06.tif,train
ZW0869770,mappingafrica,v2.0.0,ZW,30.5565,-19.6775,0.3015585140306122,0.6984414859693878,0.0,,mappingafrica-256/images/ZW0869770_2021-06.tif,mappingafrica-256/labels/ZW0869770_33457_2021-06.tif,train
ZW0872029,mappingafrica,v2.0.0,ZW,28.7215,-19.6875,0.1818797831632653,0.8181202168367347,0.0,,mappingafrica-256/images/ZW0872029_2023-06.tif,mappingafrica-256/labels/ZW0872029_28079_2023-06.tif,train
ZW0894731,mappingafrica,v2.0.0,ZW,30.6015,-19.7725,0.1794882015306122,0.8205117984693878,0.0,,mappingafrica-256/images/ZW0894731_2022-06.tif,mappingafrica-256/labels/ZW0894731_21093_2022-06.tif,test
ZW0897598,mappingafrica,v2.0.0,ZW,31.8815,-19.7825,0.0826889349489796,0.9173110650510204,0.0,,mappingafrica-256/images/ZW0897598_2021-06.tif,mappingafrica-256/labels/ZW0897598_19785_2021-06.tif,train
ZW0899110,mappingafrica,v2.0.0,ZW,32.9165,-19.7875,0.5574178890306123,0.4425821109693877,0.0,,mappingafrica-256/images/ZW0899110_2017-08.tif,mappingafrica-256/labels/ZW0899110_8215_2017-08.tif,train
ZW0911874,mappingafrica,v2.0.0,ZW,31.8915,-19.8375,0.3134367028061224,0.6865632971938775,0.0,,mappingafrica-256/images/ZW0911874_2019-08.tif,mappingafrica-256/labels/ZW0911874_100268_2019-08.tif,train
ZW0912445,mappingafrica,v2.0.0,ZW,28.2815,-19.8425,0.8449258609693877,0.1550741390306123,0.0,,mappingafrica-256/images/ZW0912445_2021-06.tif,mappingafrica-256/labels/ZW0912445_11446_2021-06.tif,train
ZW0917980,mappingafrica,v2.0.0,ZW,30.1365,-19.8625,0.4659398915816326,0.5340601084183674,0.0,,mappingafrica-256/images/ZW0917980_2021-06.tif,mappingafrica-256/labels/ZW0917980_10383_2021-06.tif,train
ZW0920815,mappingafrica,v2.0.0,ZW,31.4265,-19.8725,0.8826929209183674,0.1173070790816326,0.0,,mappingafrica-256/images/ZW0920815_2020-07.tif,mappingafrica-256/labels/ZW0920815_13712_2020-07.tif,train
ZW0962774,mappingafrica,v2.0.0,ZW,29.8215,-20.0425,0.310188137755102,0.689811862244898,0.0,,mappingafrica-256/images/ZW0962774_2018-08.tif,mappingafrica-256/labels/ZW0962774_29589_2018-08.tif,test
ZW0978557,mappingafrica,v2.0.0,ZW,27.7215,-20.1125,0.2002949617346938,0.7997050382653061,0.0,,mappingafrica-256/images/ZW0978557_2023-06.tif,mappingafrica-256/labels/ZW0978557_34352_2023-06.tif,train
ZW0981644,mappingafrica,v2.0.0,ZW,31.7865,-20.1225,0.4552375637755102,0.5447624362244898,0.0,,mappingafrica-256/images/ZW0981644_2022-06.tif,mappingafrica-256/labels/ZW0981644_29092_2022-06.tif,train
ZW0982803,mappingafrica,v2.0.0,ZW,31.9315,-20.1275,0.3106863839285714,0.6893136160714286,0.0,,mappingafrica-256/images/ZW0982803_2017-08.tif,mappingafrica-256/labels/ZW0982803_8218_2017-08.tif,train
ZW0990679,mappingafrica,v2.0.0,ZW,31.9415,-20.1625,0.3270886479591837,0.6729113520408163,0.0,,mappingafrica-256/images/ZW0990679_2019-08.tif,mappingafrica-256/labels/ZW0990679_26761_2019-08.tif,train
ZW0994613,mappingafrica,v2.0.0,ZW,29.1265,-20.1825,0.1437340561224489,0.8562659438775511,0.0,,mappingafrica-256/images/ZW0994613_2022-06.tif,mappingafrica-256/labels/ZW0994613_6095_2022-06.tif,validate
ZW1015007,mappingafrica,v2.0.0,ZW,30.5015,-20.2725,0.4128667091836734,0.5871332908163266,0.0,,mappingafrica-256/images/ZW1015007_2023-06.tif,mappingafrica-256/labels/ZW1015007_37724_2023-06.tif,train
ZW1016686,mappingafrica,v2.0.0,ZW,27.7465,-20.2825,0.0561423788265306,0.9438576211734694,0.0,,mappingafrica-256/images/ZW1016686_2017-08.tif,mappingafrica-256/labels/ZW1016686_33790_2017-08.tif,validate
ZW1018363,mappingafrica,v2.0.0,ZW,30.5565,-20.2875,0.8620455994897959,0.1379544005102041,0.0,,mappingafrica-256/images/ZW1018363_2023-06.tif,mappingafrica-256/labels/ZW1018363_31643_2023-06.tif,train
ZW1048184,mappingafrica,v2.0.0,ZW,30.6665,-20.4225,0.510124362244898,0.489875637755102,0.0,,mappingafrica-256/images/ZW1048184_2020-07.tif,mappingafrica-256/labels/ZW1048184_19788_2020-07.tif,train
ZW1061431,mappingafrica,v2.0.0,ZW,31.5665,-20.4825,0.2759088010204081,0.724091198979592,0.0,,mappingafrica-256/images/ZW1061431_2018-08.tif,mappingafrica-256/labels/ZW1061431_5025_2018-08.tif,train
ZW1066331,mappingafrica,v2.0.0,ZW,30.4665,-20.5075,0.2769451530612244,0.7230548469387756,0.0,,mappingafrica-256/images/ZW1066331_2022-06.tif,mappingafrica-256/labels/ZW1066331_11450_2022-06.tif,train
ZW1069690,mappingafrica,v2.0.0,ZW,32.3015,-20.5225,0.8642179528061225,0.1357820471938775,0.0,,mappingafrica-256/images/ZW1069690_2017-08.tif,mappingafrica-256/labels/ZW1069690_8223_2017-08.tif,train
ZW1071020,mappingafrica,v2.0.0,ZW,29.0115,-20.5325,0.0652104591836734,0.9347895408163266,0.0,,mappingafrica-256/images/ZW1071020_2021-06.tif,mappingafrica-256/labels/ZW1071020_37727_2021-06.tif,validate
ZW1075655,mappingafrica,v2.0.0,ZW,32.3515,-20.5525,0.9504145408163264,0.0495854591836736,0.0,,mappingafrica-256/images/ZW1075655_2019-08.tif,mappingafrica-256/labels/ZW1075655_14763_2019-08.tif,train
ZW1083787,mappingafrica,v2.0.0,ZW,29.2065,-20.5975,0.6648796237244898,0.3351203762755101,0.0,,mappingafrica-256/images/ZW1083787_2018-08.tif,mappingafrica-256/labels/ZW1083787_20622_2018-08.tif,train
ZW1087621,mappingafrica,v2.0.0,ZW,29.1415,-20.6175,0.2045200892857142,0.7954799107142858,0.0,,mappingafrica-256/images/ZW1087621_2017-08.tif,mappingafrica-256/labels/ZW1087621_100277_2017-08.tif,train
ZW1089514,mappingafrica,v2.0.0,ZW,29.0215,-20.6275,0.6809829400510204,0.3190170599489795,0.0,,mappingafrica-256/images/ZW1089514_2022-06.tif,mappingafrica-256/labels/ZW1089514_18687_2022-06.tif,train
ZW1093068,mappingafrica,v2.0.0,ZW,32.4315,-20.6425,0.1264349489795918,0.8735650510204083,0.0,,mappingafrica-256/images/ZW1093068_2023-09.tif,mappingafrica-256/labels/ZW1093068_37575_2023-09.tif,train
ZW1104609,mappingafrica,v2.0.0,ZW,27.9815,-20.7075,0.5346978635204082,0.4653021364795918,0.0,,mappingafrica-256/images/ZW1104609_2022-06.tif,mappingafrica-256/labels/ZW1104609_3301_2022-06.tif,train
ZW1116353,mappingafrica,v2.0.0,ZW,29.4415,-20.7675,0.1259765625,0.8740234375,0.0,,mappingafrica-256/images/ZW1116353_2019-08.tif,mappingafrica-256/labels/ZW1116353_2737_2019-08.tif,train
ZW1148403,mappingafrica,v2.0.0,ZW,31.1615,-20.9325,0.7373445471938775,0.2626554528061224,0.0,,mappingafrica-256/images/ZW1148403_2019-08.tif,mappingafrica-256/labels/ZW1148403_13718_2019-08.tif,train
ZW1150391,mappingafrica,v2.0.0,ZW,31.4565,-20.9425,0.1396285076530612,0.8603714923469388,0.0,,mappingafrica-256/images/ZW1150391_2021-06.tif,mappingafrica-256/labels/ZW1150391_19795_2021-06.tif,train
ZW1159693,mappingafrica,v2.0.0,ZW,29.9815,-20.9925,0.6145368303571429,0.3854631696428571,0.0,,mappingafrica-256/images/ZW1159693_2023-06.tif,mappingafrica-256/labels/ZW1159693_29722_2023-06.tif,train
ZW1164954,mappingafrica,v2.0.0,ZW,32.3615,-21.0175,0.648796237244898,0.351203762755102,0.0,,mappingafrica-256/images/ZW1164954_2018-08.tif,mappingafrica-256/labels/ZW1164954_100636_2018-08.tif,train
ZW1168610,mappingafrica,v2.0.0,ZW,31.5665,-21.0375,0.7150031887755102,0.2849968112244898,0.0,,mappingafrica-256/images/ZW1168610_2022-06.tif,mappingafrica-256/labels/ZW1168610_18699_2022-06.tif,test
ZW1169865,mappingafrica,v2.0.0,ZW,28.3315,-21.0475,0.3528778698979591,0.6471221301020409,0.0,,mappingafrica-256/images/ZW1169865_2023-06.tif,mappingafrica-256/labels/ZW1169865_36372_2023-06.tif,train
ZW1174310,mappingafrica,v2.0.0,ZW,31.5515,-21.0675,0.8885921556122449,0.111407844387755,0.0,,mappingafrica-256/images/ZW1174310_2017-08.tif,mappingafrica-256/labels/ZW1174310_26812_2017-08.tif,validate
ZW1178009,mappingafrica,v2.0.0,ZW,31.1415,-21.0875,0.4325972576530612,0.5674027423469388,0.0,,mappingafrica-256/images/ZW1178009_2019-08.tif,mappingafrica-256/labels/ZW1178009_26816_2019-08.tif,train
ZW1184144,mappingafrica,v2.0.0,ZW,29.0215,-21.1225,0.1972855548469387,0.8027144451530613,0.0,,mappingafrica-256/images/ZW1184144_2017-08.tif,mappingafrica-256/labels/ZW1184144_13719_2017-08.tif,train
ZW1193871,mappingafrica,v2.0.0,ZW,31.2715,-21.1725,0.1571269132653061,0.8428730867346939,0.0,,mappingafrica-256/images/ZW1193871_2020-07.tif,mappingafrica-256/labels/ZW1193871_2740_2020-07.tif,train
ZW1224877,mappingafrica,v2.0.0,ZW,30.7915,-21.3425,0.3390864158163265,0.6609135841836735,0.0,,mappingafrica-256/images/ZW1224877_2022-06.tif,mappingafrica-256/labels/ZW1224877_100279_2022-06.tif,train
ZW1225240,mappingafrica,v2.0.0,ZW,28.1315,-21.3475,0.9197624362244898,0.0802375637755101,0.0,,mappingafrica-256/images/ZW1225240_2020-07.tif,mappingafrica-256/labels/ZW1225240_12665_2020-07.tif,train
ZW1233262,mappingafrica,v2.0.0,ZW,28.2815,-21.3925,0.8110650510204082,0.1889349489795918,0.0,,mappingafrica-256/images/ZW1233262_2020-07.tif,mappingafrica-256/labels/ZW1233262_38271_2020-07.tif,train
ZW1270646,mappingafrica,v2.0.0,ZW,28.9315,-21.6125,0.8556879783163265,0.1443120216836735,0.0,,mappingafrica-256/images/ZW1270646_2023-06.tif,mappingafrica-256/labels/ZW1270646_30645_2023-06.tif,train
ZW1280035,mappingafrica,v2.0.0,ZW,29.1965,-21.6775,0.737663424744898,0.262336575255102,0.0,,mappingafrica-256/images/ZW1280035_2023-06.tif,mappingafrica-256/labels/ZW1280035_37945_2023-06.tif,train
ZW1290563,mappingafrica,v2.0.0,ZW,29.6615,-21.7575,0.4248844068877551,0.5751155931122449,0.0,,mappingafrica-256/images/ZW1290563_2022-06.tif,mappingafrica-256/labels/ZW1290563_16779_2022-06.tif,train
